mtllib material.mtl
usemtl White
v 0.10320200 0.03804300 0.00000000
v 0.10320200 0.03804300 0.00000000
v 0.10320200 0.01175600 0.03618100
v 0.10320200 0.01175600 0.03618100
v 0.10320200 -0.03077800 0.02236100
v 0.10320200 -0.03077800 0.02236100
v 0.10320200 -0.03077800 -0.02236100
v 0.10320200 -0.03077800 -0.02236100
v 0.10320200 0.01175600 -0.03618100
v 0.10320200 0.01175600 -0.03618100
v 0.10320200 0.01175600 -0.03618100
v 0.05666900 -0.09169100 -0.02189400
v 0.05666900 -0.09169100 -0.02189400
v 0.05666900 -0.09169100 -0.02189400
v 0.01862500 -0.09895700 -0.04425600
v 0.01862500 -0.09895700 -0.04425600
v 0.01862500 -0.07267000 -0.08043700
v 0.05666900 -0.04915700 -0.08043700
v 0.05666900 -0.04915700 -0.08043700
v 0.08018100 -0.06091300 -0.04425500
v 0.08018100 -0.06091300 -0.04425500
v 0.08018100 -0.06091300 -0.04425500
v 0.08018100 0.02326600 -0.07160700
v 0.08018100 0.02326600 -0.07160700
v 0.05666900 -0.00751200 -0.09396900
v 0.05666900 -0.00751200 -0.09396900
v 0.05666900 -0.00751200 -0.09396900
v 0.01862500 0.01151100 -0.10779000
v 0.01862500 0.05404400 -0.09397000
v 0.01862500 0.05404400 -0.09397000
v 0.05666900 0.06131000 -0.07160800
v 0.08018100 0.07529300 0.00000000
v 0.08018100 0.07529300 0.00000000
v 0.05666900 0.08704900 -0.03618100
v 0.05666900 0.08704900 -0.03618100
v 0.01862500 0.10607100 -0.02236100
v 0.01862500 0.10607100 -0.02236100
v 0.01862500 0.10607100 0.02236100
v 0.05666900 0.08704900 0.03618100
v 0.05666900 0.08704900 0.03618100
v 0.08018100 0.02326600 0.07160700
v 0.08018100 0.02326600 0.07160700
v 0.05666900 0.06131000 0.07160800
v 0.01862500 0.05404400 0.09397000
v 0.01862500 0.01151100 0.10779000
v 0.05666900 -0.00751200 0.09396900
v 0.05666900 -0.00751200 0.09396900
v 0.05666900 -0.09169100 0.02189400
v 0.05666900 -0.09169100 0.02189400
v 0.08018100 -0.06091300 0.04425500
v 0.08018100 -0.06091300 0.04425500
v 0.08018100 -0.06091300 0.04425500
v 0.05666900 -0.04915700 0.08043700
v 0.05666900 -0.04915700 0.08043700
v 0.01862500 -0.07267000 0.08043700
v 0.01862500 -0.07267000 0.08043700
v 0.01862500 -0.09895700 0.04425600
v -0.01862500 -0.01151100 -0.10779000
v -0.01862500 -0.05404400 -0.09397000
v -0.05666900 -0.06131000 -0.07160800
v -0.05666900 -0.06131000 -0.07160800
v -0.08018100 -0.02326600 -0.07160700
v -0.08018100 -0.02326600 -0.07160700
v -0.05666900 0.00751200 -0.09396900
v -0.05666900 0.00751200 -0.09396900
v -0.05666900 0.00751200 -0.09396900
v -0.01862500 0.09895700 -0.04425600
v -0.01862500 0.07267000 -0.08043700
v -0.01862500 0.07267000 -0.08043700
v -0.05666900 0.04915700 -0.08043700
v -0.05666900 0.04915700 -0.08043700
v -0.05666900 0.04915700 -0.08043700
v -0.08018100 0.06091300 -0.04425500
v -0.08018100 0.06091300 -0.04425500
v -0.08018100 0.06091300 -0.04425500
v -0.05666900 0.09169100 -0.02189400
v -0.01862500 0.07267000 0.08043700
v -0.01862500 0.09895700 0.04425600
v -0.05666900 0.09169100 0.02189400
v -0.08018100 0.06091300 0.04425500
v -0.08018100 0.06091300 0.04425500
v -0.05666900 0.04915700 0.08043700
v -0.01862500 -0.05404400 0.09397000
v -0.01862500 -0.05404400 0.09397000
v -0.01862500 -0.01151100 0.10779000
v -0.05666900 0.00751200 0.09396900
v -0.05666900 0.00751200 0.09396900
v -0.08018100 -0.02326600 0.07160700
v -0.08018100 -0.02326600 0.07160700
v -0.05666900 -0.06131000 0.07160800
v -0.05666900 -0.06131000 0.07160800
v -0.01862500 -0.10607100 -0.02236100
v -0.01862500 -0.10607100 -0.02236100
v -0.01862500 -0.10607100 0.02236100
v -0.01862500 -0.10607100 0.02236100
v -0.01862500 -0.10607100 0.02236100
v -0.05666900 -0.08704900 0.03618100
v -0.05666900 -0.08704900 0.03618100
v -0.08018100 -0.07529300 0.00000000
v -0.08018100 -0.07529300 0.00000000
v -0.05666900 -0.08704900 -0.03618100
v -0.05666900 -0.08704900 -0.03618100
v -0.10320200 -0.01175600 -0.03618100
v -0.10320200 -0.01175600 -0.03618100
v -0.10320200 -0.01175600 -0.03618100
v -0.10320200 -0.03804300 0.00000000
v -0.10320200 -0.03804300 0.00000000
v -0.10320200 -0.03804300 0.00000000
v -0.10320200 -0.01175600 0.03618100
v -0.10320200 -0.01175600 0.03618100
v -0.10320200 0.03077800 0.02236100
v -0.10320200 0.03077800 0.02236100
v -0.10320200 0.03077800 -0.02236100
v -0.10320200 0.03077800 -0.02236100
v 0.05690800 -0.09157500 -0.02175900
v 0.08027500 -0.06098700 -0.04398200
v 0.10315400 -0.03103800 -0.02222300
v 0.10315400 -0.03103800 0.02222300
v 0.08027500 -0.06098700 0.04398200
v 0.05690800 -0.09157500 0.02175900
v 0.10315400 0.01204700 0.03622300
v 0.10315400 0.03817200 0.00026400
v 0.08027500 0.07519200 0.00026400
v 0.05690800 0.08687600 0.03622200
v 0.05690800 0.06129600 0.07143000
v 0.08027500 0.02348700 0.07143000
v 0.10315400 0.01154400 -0.03638600
v 0.10315400 -0.03072700 -0.02265100
v 0.08027500 -0.06067600 -0.04441000
v 0.05690800 -0.04899300 -0.08036900
v 0.05690800 -0.00760500 -0.09381700
v 0.08027500 0.02298400 -0.07159300
v 0.10315400 -0.03072700 0.02265100
v 0.10315400 0.01154400 0.03638600
v 0.08027500 0.02298400 0.07159300
v 0.05690800 -0.00760500 0.09381700
v 0.05690800 -0.04899300 0.08036900
v 0.08027500 -0.06067600 0.04441000
v 0.01864900 0.01121500 -0.10781700
v 0.05645800 -0.00769000 -0.09408100
v 0.05645800 -0.04907900 -0.08063300
v 0.01864900 -0.07244600 -0.08063300
v -0.01837200 -0.05393600 -0.09408200
v -0.01837100 -0.01166400 -0.10781700
v 0.01837200 -0.07281000 -0.08036900
v 0.01837100 -0.09893500 -0.04441000
v -0.01864900 -0.10600500 -0.02265100
v -0.05645800 -0.08710100 -0.03638600
v -0.05645800 -0.06152100 -0.07159400
v -0.01864900 -0.05430000 -0.09381800
v 0.01864900 -0.09907400 -0.04398300
v 0.05645800 -0.09185300 -0.02175900
v 0.05645800 -0.09185300 0.02175900
v 0.01864900 -0.09907400 0.04398300
v -0.01837100 -0.10614400 0.02222300
v -0.01837100 -0.10614400 -0.02222300
v 0.01837200 0.05393600 -0.09408200
v 0.01837100 0.01166400 -0.10781700
v -0.01864900 -0.01121500 -0.10781700
v -0.05645800 0.00769000 -0.09408100
v -0.05645800 0.04907900 -0.08063300
v -0.01864900 0.07244600 -0.08063300
v 0.01837100 0.10614400 0.02222300
v 0.01837100 0.10614400 -0.02222300
v -0.01864900 0.09907400 -0.04398300
v -0.05645800 0.09185300 -0.02175900
v -0.05645800 0.09185300 0.02175900
v -0.01864900 0.09907400 0.04398300
v 0.01837100 0.01166400 0.10781700
v 0.01837200 0.05393600 0.09408200
v -0.01864900 0.07244600 0.08063300
v -0.05645800 0.04907900 0.08063300
v -0.05645800 0.00769000 0.09408100
v -0.01864900 -0.01121500 0.10781700
v 0.01864900 0.10600500 -0.02265100
v 0.05645800 0.08710100 -0.03638600
v 0.05645800 0.06152100 -0.07159400
v 0.01864900 0.05430000 -0.09381800
v -0.01837200 0.07281000 -0.08036900
v -0.01837100 0.09893500 -0.04441000
v 0.01864900 0.05430000 0.09381800
v 0.05645800 0.06152100 0.07159400
v 0.05645800 0.08710100 0.03638600
v 0.01864900 0.10600500 0.02265100
v -0.01837100 0.09893500 0.04441000
v -0.01837200 0.07281000 0.08036900
v 0.01864900 -0.07244600 0.08063300
v 0.05645800 -0.04907900 0.08063300
v 0.05645800 -0.00769000 0.09408100
v 0.01864900 0.01121500 0.10781700
v -0.01837100 -0.01166400 0.10781700
v -0.01837200 -0.05393600 0.09408200
v 0.01837100 -0.09893500 0.04441000
v 0.01837200 -0.07281000 0.08036900
v -0.01864900 -0.05430000 0.09381800
v -0.05645800 -0.06152100 0.07159400
v -0.05645800 -0.08710100 0.03638600
v -0.01864900 -0.10600500 0.02265100
v -0.08027500 -0.02348700 -0.07143000
v -0.05690800 -0.06129600 -0.07143000
v -0.05690800 -0.08687600 -0.03622200
v -0.08027500 -0.07519200 -0.00026400
v -0.10315400 -0.03817200 -0.00026400
v -0.10315400 -0.01204700 -0.03622300
v -0.08027500 0.06067600 -0.04441000
v -0.05690800 0.04899300 -0.08036900
v -0.05690800 0.00760500 -0.09381700
v -0.08027500 -0.02298400 -0.07159300
v -0.10315400 -0.01154400 -0.03638600
v -0.10315400 0.03072700 -0.02265100
v -0.08027500 0.06098700 0.04398200
v -0.05690800 0.09157500 0.02175900
v -0.05690800 0.09157500 -0.02175900
v -0.08027500 0.06098700 -0.04398200
v -0.10315400 0.03103800 -0.02222300
v -0.10315400 0.03103800 0.02222300
v -0.08027500 -0.02298400 0.07159300
v -0.05690800 0.00760500 0.09381700
v -0.05690800 0.04899300 0.08036900
v -0.08027500 0.06067600 0.04441000
v -0.10315400 0.03072700 0.02265100
v -0.10315400 -0.01154400 0.03638600
v -0.08027500 -0.07519200 0.00026400
v -0.05690800 -0.08687600 0.03622200
v -0.05690800 -0.06129600 0.07143000
v -0.08027500 -0.02348700 0.07143000
v -0.10315400 -0.01204700 0.03622300
v -0.10315400 -0.03817200 0.00026400
v 0.10329000 0.03780300 0.00000000
v 0.10329000 0.01168200 0.03595300
v 0.10329100 -0.03058300 0.02222000
v 0.10329100 -0.03058300 -0.02222000
v 0.10329000 0.01168200 -0.03595300
v 0.05664200 -0.09164800 -0.02214500
v 0.01883900 -0.09886800 -0.04436500
v 0.01883900 -0.07274600 -0.08031800
v 0.05664200 -0.04938200 -0.08031800
v 0.08000600 -0.06106400 -0.04436500
v 0.08000600 0.02332400 -0.07178500
v 0.05664200 -0.00726000 -0.09400500
v 0.01883900 0.01164200 -0.10773800
v 0.01883900 0.05390800 -0.09400600
v 0.05664200 0.06112700 -0.07178500
v 0.08000500 0.07548000 0.00000000
v 0.05664200 0.08716100 -0.03595300
v 0.01883900 0.10606300 -0.02222000
v 0.01883900 0.10606300 0.02222000
v 0.05664200 0.08716100 0.03595300
v 0.08000600 0.02332400 0.07178500
v 0.05664200 0.06112700 0.07178500
v 0.01883900 0.05390800 0.09400600
v 0.01883900 0.01164200 0.10773800
v 0.05664200 -0.00726000 0.09400500
v 0.05664200 -0.09164800 0.02214500
v 0.08000600 -0.06106400 0.04436500
v 0.05664200 -0.04938200 0.08031800
v 0.01883900 -0.07274600 0.08031800
v 0.01883900 -0.09886800 0.04436500
v -0.01883900 -0.01164200 -0.10773800
v -0.01883900 -0.05390800 -0.09400600
v -0.05664200 -0.06112700 -0.07178500
v -0.08000600 -0.02332400 -0.07178500
v -0.05664200 0.00726000 -0.09400500
v -0.01883900 0.09886800 -0.04436500
v -0.01883900 0.07274600 -0.08031800
v -0.05664200 0.04938200 -0.08031800
v -0.08000600 0.06106400 -0.04436500
v -0.05664200 0.09164800 -0.02214500
v -0.01883900 0.07274600 0.08031800
v -0.01883900 0.09886800 0.04436500
v -0.05664200 0.09164800 0.02214500
v -0.08000600 0.06106400 0.04436500
v -0.05664200 0.04938200 0.08031800
v -0.01883900 -0.05390800 0.09400600
v -0.01883900 -0.01164200 0.10773800
v -0.05664200 0.00726000 0.09400500
v -0.08000600 -0.02332400 0.07178500
v -0.05664200 -0.06112700 0.07178500
v -0.01883900 -0.10606300 -0.02222000
v -0.01883900 -0.10606300 0.02222000
v -0.05664200 -0.08716100 0.03595300
v -0.08000500 -0.07548000 0.00000000
v -0.05664200 -0.08716100 -0.03595300
v -0.10329000 -0.01168200 -0.03595300
v -0.10329000 -0.03780300 0.00000000
v -0.10329000 -0.01168200 0.03595300
v -0.10329100 0.03058300 0.02222000
v -0.10329100 0.03058300 -0.02222000
v 0.10315400 0.03817200 -0.00026400
v 0.10315400 0.01204700 -0.03622300
v 0.08027500 0.02348700 -0.07143000
v 0.05690800 0.06129600 -0.07143000
v 0.05690800 0.08687600 -0.03622200
v 0.08027500 0.07519200 -0.00026400
v 0.08741700 -0.06675500 -0.00000000
v 0.08741300 0.05400300 0.03925000
v 0.08740600 -0.02062600 -0.06350300
v 0.08740600 -0.02062600 0.06350300
v 0.02063400 -0.03337400 -0.10275400
v -0.02063900 -0.08739300 -0.06351800
v 0.02064100 -0.10803700 0.00000000
v -0.02063400 0.03337400 -0.10275400
v -0.02064100 0.10803700 0.00000000
v -0.02063400 0.03337400 0.10275400
v 0.02063900 0.08739300 -0.06351800
v 0.02063900 0.08739300 0.06351800
v 0.02063400 -0.03337400 0.10275400
v -0.02063900 -0.08739300 0.06351800
v -0.08741300 -0.05400300 -0.03925000
v -0.08740600 0.02062600 -0.06350300
v -0.08741700 0.06675500 0.00000000
v -0.08740600 0.02062600 0.06350300
v -0.08741300 -0.05400300 0.03925000
v 0.08741300 0.05400300 -0.03925000
v 0.07383800 -0.07251100 -0.03725700
v 0.06590400 -0.08289700 -0.02971100
v 0.09723400 -0.04175300 -0.03000300
v 0.08947200 -0.05191500 -0.03738500
v 0.10507800 -0.03161700 0.00754600
v 0.10507800 -0.03161700 -0.00754600
v 0.08947200 -0.05191500 0.03738500
v 0.09723400 -0.04175300 0.03000300
v 0.06590400 -0.08289700 0.02971100
v 0.07383800 -0.07251100 0.03725700
v 0.05792400 -0.09321100 -0.00738200
v 0.05792400 -0.09321100 0.00738200
v 0.10507800 0.03001400 0.01247900
v 0.10507800 0.02114300 0.02468900
v 0.08947100 0.06397500 0.00026900
v 0.09723400 0.05141500 0.00026900
v 0.06590400 0.08452900 0.02468800
v 0.07383800 0.08056200 0.01247900
v 0.05792400 0.07107000 0.06076100
v 0.05792400 0.07974900 0.04881500
v 0.07383800 0.03676300 0.07276200
v 0.06590400 0.04960100 0.07276300
v 0.09723400 0.01614400 0.04881500
v 0.08947200 0.02002500 0.06076000
v 0.10507800 -0.01694700 -0.02773700
v 0.10507800 -0.00259400 -0.03240100
v 0.08947200 -0.05159900 -0.03782100
v 0.09723400 -0.04143700 -0.03043800
v 0.06590400 -0.05387400 -0.06965800
v 0.07383800 -0.05784100 -0.05744800
v 0.05792500 -0.02178300 -0.09093000
v 0.05792500 -0.03582500 -0.08636700
v 0.07383800 0.01302600 -0.08047500
v 0.06590400 0.00264000 -0.08802100
v 0.09723400 0.01563200 -0.04898100
v 0.08947200 0.01951300 -0.06092700
v 0.10507800 -0.00259400 0.03240100
v 0.10507800 -0.01694700 0.02773700
v 0.08947200 0.01951300 0.06092700
v 0.09723400 0.01563200 0.04898100
v 0.06590400 0.00264000 0.08802100
v 0.07383800 0.01302600 0.08047500
v 0.05792500 -0.03582500 0.08636700
v 0.05792500 -0.02178300 0.09093000
v 0.07383800 -0.05784100 0.05744800
v 0.06590400 -0.05387400 0.06965800
v 0.09723400 -0.04143700 0.03043800
v 0.08947200 -0.05159900 0.03782100
v 0.04467300 -0.00141500 -0.10050000
v 0.03183500 0.00500500 -0.10516400
v 0.05746700 -0.03591300 -0.08663600
v 0.05746700 -0.02187000 -0.09119900
v 0.03183500 -0.06586300 -0.08213700
v 0.04467400 -0.05792900 -0.08213700
v -0.00613900 -0.06118000 -0.09119900
v 0.00642200 -0.06746000 -0.08663700
v -0.01871400 -0.02623500 -0.10516400
v -0.01871400 -0.04058900 -0.10050000
v 0.00642200 0.00365200 -0.10974200
v -0.00613900 -0.00411000 -0.10974200
v 0.01871400 -0.09191000 -0.05744800
v 0.01871400 -0.08303900 -0.06965800
v -0.00642200 -0.10550000 -0.03043800
v 0.00613900 -0.10310100 -0.03782100
v -0.04467300 -0.09514500 -0.03240100
v -0.03183500 -0.10156400 -0.02773700
v -0.05746700 -0.07129900 -0.06092700
v -0.05746700 -0.07997800 -0.04898100
v -0.03183500 -0.05776400 -0.08802100
v -0.04467300 -0.06021600 -0.08047500
v 0.00613900 -0.06783000 -0.08636700
v -0.00642200 -0.06155000 -0.09093000
v 0.04467300 -0.09601800 -0.02971100
v 0.03183500 -0.09847000 -0.03725700
v 0.05746700 -0.09349400 0.00738200
v 0.05746700 -0.09349400 -0.00738200
v 0.03183500 -0.09847000 0.03725700
v 0.04467300 -0.09601800 0.02971100
v -0.00613900 -0.10564200 0.03000300
v 0.00642200 -0.10324300 0.03738600
v -0.01871400 -0.10812400 -0.00754600
v -0.01871400 -0.10812400 0.00754600
v 0.00642200 -0.10324300 -0.03738600
v -0.00613900 -0.10564200 -0.03000300
v 0.01871400 0.02623500 -0.10516400
v 0.01871400 0.04058900 -0.10050000
v -0.00642200 -0.00365200 -0.10974200
v 0.00613900 0.00411000 -0.10974200
v -0.04467300 0.00141500 -0.10050000
v -0.03183500 -0.00500500 -0.10516400
v -0.05746700 0.03591300 -0.08663600
v -0.05746700 0.02187000 -0.09119900
v -0.03183500 0.06586300 -0.08213700
v -0.04467400 0.05792900 -0.08213700
v 0.00613900 0.06118000 -0.09119900
v -0.00642200 0.06746000 -0.08663700
v 0.01871400 0.10812400 -0.00754600
v 0.01871400 0.10812400 0.00754600
v -0.00642200 0.10324300 -0.03738600
v 0.00613900 0.10564200 -0.03000300
v -0.04467300 0.09601800 -0.02971100
v -0.03183500 0.09847000 -0.03725700
v -0.05746700 0.09349400 0.00738200
v -0.05746700 0.09349400 -0.00738200
v -0.03183500 0.09847000 0.03725700
v -0.04467300 0.09601800 0.02971100
v 0.00613900 0.10564200 0.03000300
v -0.00642200 0.10324300 0.03738600
v 0.01871400 0.04058900 0.10050000
v 0.01871400 0.02623500 0.10516400
v -0.00642200 0.06746000 0.08663700
v 0.00613900 0.06118000 0.09119900
v -0.04467400 0.05792900 0.08213700
v -0.03183500 0.06586300 0.08213700
v -0.05746700 0.02187000 0.09119900
v -0.05746700 0.03591300 0.08663600
v -0.03183500 -0.00500500 0.10516400
v -0.04467300 0.00141500 0.10050000
v 0.00613900 0.00411000 0.10974200
v -0.00642200 -0.00365200 0.10974200
v 0.04467300 0.09514500 -0.03240100
v 0.03183500 0.10156400 -0.02773700
v 0.05746700 0.07129900 -0.06092700
v 0.05746700 0.07997800 -0.04898100
v 0.03183500 0.05776400 -0.08802100
v 0.04467300 0.06021600 -0.08047500
v -0.00613900 0.06783000 -0.08636700
v 0.00642200 0.06155000 -0.09093000
v -0.01871400 0.09191000 -0.05744800
v -0.01871400 0.08303900 -0.06965800
v 0.00642200 0.10550000 -0.03043800
v -0.00613900 0.10310100 -0.03782100
v 0.04467300 0.06021600 0.08047500
v 0.03183500 0.05776400 0.08802100
v 0.05746700 0.07997800 0.04898100
v 0.05746700 0.07129900 0.06092700
v 0.03183500 0.10156400 0.02773700
v 0.04467300 0.09514500 0.03240100
v -0.00613900 0.10310100 0.03782100
v 0.00642200 0.10550000 0.03043800
v -0.01871400 0.08303900 0.06965800
v -0.01871400 0.09191000 0.05744800
v 0.00642200 0.06155000 0.09093000
v -0.00613900 0.06783000 0.08636700
v 0.04467400 -0.05792900 0.08213700
v 0.03183500 -0.06586300 0.08213700
v 0.05746700 -0.02187000 0.09119900
v 0.05746700 -0.03591300 0.08663600
v 0.03183500 0.00500500 0.10516400
v 0.04467300 -0.00141500 0.10050000
v -0.00613900 -0.00411000 0.10974200
v 0.00642200 0.00365200 0.10974200
v -0.01871400 -0.04058900 0.10050000
v -0.01871400 -0.02623500 0.10516400
v 0.00642200 -0.06746000 0.08663700
v -0.00613900 -0.06118000 0.09119900
v 0.01871400 -0.08303900 0.06965800
v 0.01871400 -0.09191000 0.05744800
v -0.00642200 -0.06155000 0.09093000
v 0.00613900 -0.06783000 0.08636700
v -0.04467300 -0.06021600 0.08047500
v -0.03183500 -0.05776400 0.08802100
v -0.05746700 -0.07997800 0.04898100
v -0.05746700 -0.07129900 0.06092700
v -0.03183500 -0.10156400 0.02773700
v -0.04467300 -0.09514500 0.03240100
v 0.00613900 -0.10310100 0.03782100
v -0.00642200 -0.10550000 0.03043800
v -0.06590400 -0.04960100 -0.07276300
v -0.07383800 -0.03676300 -0.07276200
v -0.05792400 -0.07974900 -0.04881500
v -0.05792400 -0.07107000 -0.06076100
v -0.07383800 -0.08056200 -0.01247900
v -0.06590400 -0.08452900 -0.02468800
v -0.09723400 -0.05141500 -0.00026900
v -0.08947100 -0.06397500 -0.00026900
v -0.10507800 -0.02114300 -0.02468900
v -0.10507800 -0.03001400 -0.01247900
v -0.08947200 -0.02002500 -0.06076000
v -0.09723400 -0.01614400 -0.04881500
v -0.06590400 0.05387400 -0.06965800
v -0.07383800 0.05784100 -0.05744800
v -0.05792500 0.02178300 -0.09093000
v -0.05792500 0.03582500 -0.08636700
v -0.07383800 -0.01302600 -0.08047500
v -0.06590400 -0.00264000 -0.08802100
v -0.09723400 -0.01563200 -0.04898100
v -0.08947200 -0.01951300 -0.06092700
v -0.10507800 0.01694700 -0.02773700
v -0.10507800 0.00259400 -0.03240100
v -0.08947200 0.05159900 -0.03782100
v -0.09723400 0.04143700 -0.03043800
v -0.06590400 0.08289700 0.02971100
v -0.07383800 0.07251100 0.03725700
v -0.05792400 0.09321100 -0.00738200
v -0.05792400 0.09321100 0.00738200
v -0.07383800 0.07251100 -0.03725700
v -0.06590400 0.08289700 -0.02971100
v -0.09723400 0.04175300 -0.03000300
v -0.08947200 0.05191500 -0.03738500
v -0.10507800 0.03161700 0.00754600
v -0.10507800 0.03161700 -0.00754600
v -0.08947200 0.05191500 0.03738500
v -0.09723400 0.04175300 0.03000300
v -0.06590400 -0.00264000 0.08802100
v -0.07383800 -0.01302600 0.08047500
v -0.05792500 0.03582500 0.08636700
v -0.05792500 0.02178300 0.09093000
v -0.07383800 0.05784100 0.05744800
v -0.06590400 0.05387400 0.06965800
v -0.09723400 0.04143700 0.03043800
v -0.08947200 0.05159900 0.03782100
v -0.10507800 0.00259400 0.03240100
v -0.10507800 0.01694700 0.02773700
v -0.08947200 -0.01951300 0.06092700
v -0.09723400 -0.01563200 0.04898100
v -0.06590400 -0.08452900 0.02468800
v -0.07383800 -0.08056200 0.01247900
v -0.05792400 -0.07107000 0.06076100
v -0.05792400 -0.07974900 0.04881500
v -0.07383800 -0.03676300 0.07276200
v -0.06590400 -0.04960100 0.07276300
v -0.09723400 -0.01614400 0.04881500
v -0.08947200 -0.02002500 0.06076000
v -0.10507800 -0.03001400 0.01247900
v -0.10507800 -0.02114300 0.02468900
v -0.08947100 -0.06397500 0.00026900
v -0.09723400 -0.05141500 0.00026900
v 0.10521700 0.02076900 0.02441500
v 0.10521700 0.02963800 0.01220800
v 0.10521700 -0.01680300 0.02729700
v 0.10521700 -0.00245200 0.03196000
v 0.10521700 -0.03115400 -0.00754500
v 0.10521700 -0.03115400 0.00754500
v 0.10521700 -0.00245200 -0.03196000
v 0.10521700 -0.01680300 -0.02729700
v 0.10521700 0.02963800 -0.01220800
v 0.10521700 0.02076900 -0.02441500
v 0.03202600 -0.09826000 -0.03764800
v 0.04486200 -0.09580800 -0.03010300
v 0.01919000 -0.08297200 -0.06960800
v 0.01919000 -0.09184200 -0.05740000
v 0.04486200 -0.05823700 -0.08181600
v 0.03202600 -0.06617000 -0.08181600
v 0.07356500 -0.05823600 -0.05740000
v 0.06563100 -0.05427000 -0.06960800
v 0.06563100 -0.08297200 -0.03010300
v 0.07356500 -0.07258700 -0.03764700
v 0.06563200 0.00299000 -0.08821300
v 0.07356500 0.01337400 -0.08066800
v 0.03202600 0.00544100 -0.10508400
v 0.04486200 -0.00097700 -0.10042100
v 0.01919000 0.04056200 -0.10042100
v 0.01919000 0.02621100 -0.10508400
v 0.04486200 0.05981600 -0.08066900
v 0.03202600 0.05736400 -0.08821400
v 0.07356500 0.03659500 -0.07312400
v 0.06563100 0.04943100 -0.07312400
v 0.06563100 0.08482000 -0.02441500
v 0.07356400 0.08085400 -0.01220800
v 0.03202600 0.10162300 -0.02729700
v 0.04486200 0.09520500 -0.03196000
v 0.01919000 0.10804100 0.00754500
v 0.01919000 0.10804100 -0.00754500
v 0.04486200 0.09520500 0.03196000
v 0.03202600 0.10162300 0.02729700
v 0.07356400 0.08085400 0.01220800
v 0.06563100 0.08482000 0.02441500
v 0.06563100 0.04943100 0.07312400
v 0.07356500 0.03659500 0.07312400
v 0.03202600 0.05736400 0.08821400
v 0.04486200 0.05981600 0.08066900
v 0.01919000 0.02621100 0.10508400
v 0.01919000 0.04056200 0.10042100
v 0.04486200 -0.00097700 0.10042100
v 0.03202600 0.00544100 0.10508400
v 0.07356500 0.01337400 0.08066800
v 0.06563200 0.00299000 0.08821300
v 0.07356500 -0.07258700 0.03764700
v 0.06563100 -0.08297200 0.03010300
v 0.06563100 -0.05427000 0.06960800
v 0.07356500 -0.05823600 0.05740000
v 0.03202600 -0.06617000 0.08181600
v 0.04486200 -0.05823700 0.08181600
v 0.01919000 -0.09184200 0.05740000
v 0.01919000 -0.08297200 0.06960800
v 0.04486200 -0.09580800 0.03010300
v 0.03202600 -0.09826000 0.03764800
v -0.01919000 -0.04056200 -0.10042100
v -0.01919000 -0.02621100 -0.10508400
v -0.04486200 -0.05981600 -0.08066900
v -0.03202600 -0.05736400 -0.08821400
v -0.07356500 -0.03659500 -0.07312400
v -0.06563100 -0.04943100 -0.07312400
v -0.06563200 -0.00299000 -0.08821300
v -0.07356500 -0.01337400 -0.08066800
v -0.03202600 -0.00544100 -0.10508400
v -0.04486200 0.00097700 -0.10042100
v -0.01919000 0.08297200 -0.06960800
v -0.01919000 0.09184200 -0.05740000
v -0.04486200 0.05823700 -0.08181600
v -0.03202600 0.06617000 -0.08181600
v -0.07356500 0.05823600 -0.05740000
v -0.06563100 0.05427000 -0.06960800
v -0.06563100 0.08297200 -0.03010300
v -0.07356500 0.07258700 -0.03764700
v -0.03202600 0.09826000 -0.03764800
v -0.04486200 0.09580800 -0.03010300
v -0.01919000 0.09184200 0.05740000
v -0.01919000 0.08297200 0.06960800
v -0.04486200 0.09580800 0.03010300
v -0.03202600 0.09826000 0.03764800
v -0.07356500 0.07258700 0.03764700
v -0.06563100 0.08297200 0.03010300
v -0.06563100 0.05427000 0.06960800
v -0.07356500 0.05823600 0.05740000
v -0.03202600 0.06617000 0.08181600
v -0.04486200 0.05823700 0.08181600
v -0.01919000 -0.02621100 0.10508400
v -0.01919000 -0.04056200 0.10042100
v -0.04486200 0.00097700 0.10042100
v -0.03202600 -0.00544100 0.10508400
v -0.07356500 -0.01337400 0.08066800
v -0.06563200 -0.00299000 0.08821300
v -0.06563100 -0.04943100 0.07312400
v -0.07356500 -0.03659500 0.07312400
v -0.03202600 -0.05736400 0.08821400
v -0.04486200 -0.05981600 0.08066900
v -0.01919000 -0.10804100 0.00754500
v -0.01919000 -0.10804100 -0.00754500
v -0.04486200 -0.09520500 0.03196000
v -0.03202600 -0.10162300 0.02729700
v -0.07356400 -0.08085400 0.01220800
v -0.06563100 -0.08482000 0.02441500
v -0.06563100 -0.08482000 -0.02441500
v -0.07356400 -0.08085400 -0.01220800
v -0.03202600 -0.10162300 -0.02729700
v -0.04486200 -0.09520500 -0.03196000
v -0.10521700 -0.02963800 -0.01220800
v -0.10521700 -0.02076900 -0.02441500
v -0.10521700 -0.02076900 0.02441500
v -0.10521700 -0.02963800 0.01220800
v -0.10521700 0.01680300 0.02729700
v -0.10521700 0.00245200 0.03196000
v -0.10521700 0.03115400 -0.00754500
v -0.10521700 0.03115400 0.00754500
v -0.10521700 0.00245200 -0.03196000
v -0.10521700 0.01680300 -0.02729700
v 0.10507800 0.02114300 -0.02468900
v 0.10507800 0.03001400 -0.01247900
v 0.08947200 0.02002500 -0.06076000
v 0.09723400 0.01614400 -0.04881500
v 0.06590400 0.04960100 -0.07276300
v 0.07383800 0.03676300 -0.07276200
v 0.05792400 0.07974900 -0.04881500
v 0.05792400 0.07107000 -0.06076100
v 0.07383800 0.08056200 -0.01247900
v 0.06590400 0.08452900 -0.02468800
v 0.09723400 0.05141500 -0.00026900
v 0.08947100 0.06397500 -0.00026900
v 0.07815900 -0.07699200 -0.00783200
v 0.06773600 -0.08531500 -0.01520000
v 0.08405200 -0.06394900 -0.03072200
v 0.08656600 -0.06598300 -0.01583100
v 0.10002600 -0.04303400 -0.01552200
v 0.09479700 -0.05520500 -0.00799900
v 0.10002600 -0.04303400 0.01552200
v 0.09479700 -0.05520500 0.00799900
v 0.08405200 -0.06394900 0.03072200
v 0.08656600 -0.06598300 0.01583100
v 0.06773600 -0.08531500 0.01520000
v 0.07815900 -0.07699200 0.00783200
v 0.09479200 0.03996000 0.03893000
v 0.10002200 0.02569400 0.03786100
v 0.10002600 0.04393600 0.01274700
v 0.09479500 0.04936100 0.02598900
v 0.08405300 0.06978900 0.01274800
v 0.08656400 0.06268300 0.02599000
v 0.06773400 0.07795000 0.03786700
v 0.07815500 0.06688700 0.03893400
v 0.06772900 0.06008300 0.06245600
v 0.07815200 0.05768100 0.05160500
v 0.08404400 0.03368100 0.06245100
v 0.08655900 0.04407600 0.05160200
v 0.09478800 -0.00945400 -0.05498900
v 0.10002000 0.00145800 -0.04573700
v 0.10002200 -0.02805400 -0.03614600
v 0.09479000 -0.02466200 -0.05004700
v 0.08404700 -0.04896600 -0.05134600
v 0.08655700 -0.03543700 -0.05787900
v 0.06772500 -0.04080800 -0.07646000
v 0.07814700 -0.03123400 -0.07082000
v 0.06772100 -0.01191100 -0.08584800
v 0.07814500 -0.01634300 -0.07565900
v 0.08404100 0.00944400 -0.07032700
v 0.08655400 -0.00533900 -0.06766000
v 0.09479000 -0.02466200 0.05004700
v 0.10002200 -0.02805400 0.03614600
v 0.10002000 0.00145800 0.04573700
v 0.09478800 -0.00945400 0.05498900
v 0.08404100 0.00944400 0.07032700
v 0.08655400 -0.00533900 0.06766000
v 0.06772100 -0.01191100 0.08584800
v 0.07814500 -0.01634300 0.07565900
v 0.06772500 -0.04080800 0.07646000
v 0.07814700 -0.03123400 0.07082000
v 0.08404700 -0.04896600 0.05134600
v 0.08655700 -0.03543700 0.05787900
v 0.02032400 -0.01798300 -0.10659000
v 0.01962900 -0.00285200 -0.10818800
v 0.04603600 -0.01605100 -0.09859500
v 0.03393200 -0.02478400 -0.10164800
v 0.04603800 -0.04494900 -0.08920800
v 0.03393300 -0.03967500 -0.09681100
v 0.01963200 -0.06126700 -0.08921300
v 0.02032600 -0.04808300 -0.09681300
v -0.00622700 -0.04834000 -0.09860200
v 0.00700100 -0.04142300 -0.10165200
v -0.00622700 -0.01882500 -0.10818900
v 0.00700100 -0.02621400 -0.10659200
v -0.00700200 -0.08385400 -0.07083400
v 0.00622800 -0.07881200 -0.07647100
v 0.00622800 -0.09706500 -0.05135700
v -0.00700300 -0.09325900 -0.05789300
v -0.01963500 -0.10200600 -0.03615700
v -0.02033000 -0.09580500 -0.05006100
v -0.04604700 -0.08879600 -0.04574900
v -0.03394000 -0.08899800 -0.05500300
v -0.04604300 -0.07092600 -0.07033800
v -0.03393800 -0.07979000 -0.06767400
v -0.01963200 -0.06588300 -0.08586000
v -0.02032800 -0.07719000 -0.07567300
v 0.02033100 -0.10692900 -0.01583500
v 0.01963600 -0.10377000 -0.03072800
v 0.04604900 -0.09872400 -0.01520100
v 0.03394300 -0.10432900 -0.00783300
v 0.04604900 -0.09872400 0.01520100
v 0.03394300 -0.10432900 0.00783300
v 0.01963600 -0.10377000 0.03072800
v 0.02033100 -0.10692900 0.01583500
v -0.00622900 -0.10871100 0.01552700
v 0.00700300 -0.10947600 0.00800100
v -0.00622900 -0.10871100 -0.01552700
v 0.00700300 -0.10947600 -0.00800100
v -0.00700100 0.04142300 -0.10165200
v 0.00622700 0.04834000 -0.09860200
v 0.00622700 0.01882500 -0.10818900
v -0.00700100 0.02621400 -0.10659200
v -0.01962900 0.00285200 -0.10818800
v -0.02032400 0.01798300 -0.10659000
v -0.04603600 0.01605100 -0.09859500
v -0.03393200 0.02478400 -0.10164800
v -0.04603800 0.04494900 -0.08920800
v -0.03393300 0.03967500 -0.09681100
v -0.01963200 0.06126700 -0.08921300
v -0.02032600 0.04808300 -0.09681300
v -0.00700300 0.10947600 0.00800100
v 0.00622900 0.10871100 0.01552700
v 0.00622900 0.10871100 -0.01552700
v -0.00700300 0.10947600 -0.00800100
v -0.01963600 0.10377000 -0.03072800
v -0.02033100 0.10692900 -0.01583500
v -0.04604900 0.09872400 -0.01520100
v -0.03394300 0.10432900 -0.00783300
v -0.04604900 0.09872400 0.01520100
v -0.03394300 0.10432900 0.00783300
v -0.01963600 0.10377000 0.03072800
v -0.02033100 0.10692900 0.01583500
v -0.00700100 0.02621400 0.10659200
v 0.00622700 0.01882500 0.10818900
v 0.00622700 0.04834000 0.09860200
v -0.00700100 0.04142300 0.10165200
v -0.01963200 0.06126700 0.08921300
v -0.02032600 0.04808300 0.09681300
v -0.04603800 0.04494900 0.08920800
v -0.03393300 0.03967500 0.09681100
v -0.04603600 0.01605100 0.09859500
v -0.03393200 0.02478400 0.10164800
v -0.01962900 0.00285200 0.10818800
v -0.02032400 0.01798300 0.10659000
v 0.02033000 0.09580500 -0.05006100
v 0.01963500 0.10200600 -0.03615700
v 0.04604700 0.08879600 -0.04574900
v 0.03394000 0.08899800 -0.05500300
v 0.04604300 0.07092600 -0.07033800
v 0.03393800 0.07979000 -0.06767400
v 0.01963200 0.06588300 -0.08586000
v 0.02032800 0.07719000 -0.07567300
v -0.00622800 0.07881200 -0.07647100
v 0.00700200 0.08385400 -0.07083400
v -0.00622800 0.09706500 -0.05135700
v 0.00700300 0.09325900 -0.05789300
v 0.02032800 0.07719000 0.07567300
v 0.01963200 0.06588300 0.08586000
v 0.04604300 0.07092600 0.07033800
v 0.03393800 0.07979000 0.06767400
v 0.04604700 0.08879600 0.04574900
v 0.03394000 0.08899800 0.05500300
v 0.01963500 0.10200600 0.03615700
v 0.02033000 0.09580500 0.05006100
v -0.00622800 0.09706500 0.05135700
v 0.00700300 0.09325900 0.05789300
v -0.00622800 0.07881200 0.07647100
v 0.00700200 0.08385400 0.07083400
v 0.02032600 -0.04808300 0.09681300
v 0.01963200 -0.06126700 0.08921300
v 0.04603800 -0.04494900 0.08920800
v 0.03393300 -0.03967500 0.09681100
v 0.04603600 -0.01605100 0.09859500
v 0.03393200 -0.02478400 0.10164800
v 0.01962900 -0.00285200 0.10818800
v 0.02032400 -0.01798300 0.10659000
v -0.00622700 -0.01882500 0.10818900
v 0.00700100 -0.02621400 0.10659200
v -0.00622700 -0.04834000 0.09860200
v 0.00700100 -0.04142300 0.10165200
v -0.00700300 -0.09325900 0.05789300
v 0.00622800 -0.09706500 0.05135700
v 0.00622800 -0.07881200 0.07647100
v -0.00700200 -0.08385400 0.07083400
v -0.01963200 -0.06588300 0.08586000
v -0.02032800 -0.07719000 0.07567300
v -0.04604300 -0.07092600 0.07033800
v -0.03393800 -0.07979000 0.06767400
v -0.04604700 -0.08879600 0.04574900
v -0.03394000 -0.08899800 0.05500300
v -0.01963500 -0.10200600 0.03615700
v -0.02033000 -0.09580500 0.05006100
v -0.08655900 -0.04407600 -0.05160200
v -0.08404400 -0.03368100 -0.06245100
v -0.06772900 -0.06008300 -0.06245600
v -0.07815200 -0.05768100 -0.05160500
v -0.06773400 -0.07795000 -0.03786700
v -0.07815500 -0.06688700 -0.03893400
v -0.08405300 -0.06978900 -0.01274800
v -0.08656400 -0.06268300 -0.02599000
v -0.10002600 -0.04393600 -0.01274700
v -0.09479500 -0.04936100 -0.02598900
v -0.10002200 -0.02569400 -0.03786100
v -0.09479200 -0.03996000 -0.03893000
v -0.08655700 0.03543700 -0.05787900
v -0.08404700 0.04896600 -0.05134600
v -0.06772500 0.04080800 -0.07646000
v -0.07814700 0.03123400 -0.07082000
v -0.06772100 0.01191100 -0.08584800
v -0.07814500 0.01634300 -0.07565900
v -0.08404100 -0.00944400 -0.07032700
v -0.08655400 0.00533900 -0.06766000
v -0.10002000 -0.00145800 -0.04573700
v -0.09478800 0.00945400 -0.05498900
v -0.10002200 0.02805400 -0.03614600
v -0.09479000 0.02466200 -0.05004700
v -0.08656600 0.06598300 0.01583100
v -0.08405200 0.06394900 0.03072200
v -0.06773600 0.08531500 0.01520000
v -0.07815900 0.07699200 0.00783200
v -0.06773600 0.08531500 -0.01520000
v -0.07815900 0.07699200 -0.00783200
v -0.08405200 0.06394900 -0.03072200
v -0.08656600 0.06598300 -0.01583100
v -0.10002600 0.04303400 -0.01552200
v -0.09479700 0.05520500 -0.00799900
v -0.10002600 0.04303400 0.01552200
v -0.09479700 0.05520500 0.00799900
v -0.08655400 0.00533900 0.06766000
v -0.08404100 -0.00944400 0.07032700
v -0.06772100 0.01191100 0.08584800
v -0.07814500 0.01634300 0.07565900
v -0.06772500 0.04080800 0.07646000
v -0.07814700 0.03123400 0.07082000
v -0.08404700 0.04896600 0.05134600
v -0.08655700 0.03543700 0.05787900
v -0.10002200 0.02805400 0.03614600
v -0.09479000 0.02466200 0.05004700
v -0.10002000 -0.00145800 0.04573700
v -0.09478800 0.00945400 0.05498900
v -0.08656400 -0.06268300 0.02599000
v -0.08405300 -0.06978900 0.01274800
v -0.06773400 -0.07795000 0.03786700
v -0.07815500 -0.06688700 0.03893400
v -0.06772900 -0.06008300 0.06245600
v -0.07815200 -0.05768100 0.05160500
v -0.08404400 -0.03368100 0.06245100
v -0.08655900 -0.04407600 0.05160200
v -0.10002200 -0.02569400 0.03786100
v -0.09479200 -0.03996000 0.03893000
v -0.10002600 -0.04393600 0.01274700
v -0.09479500 -0.04936000 0.02598900
v 0.09479500 0.04936100 -0.02598900
v 0.10002600 0.04393600 -0.01274700
v 0.10002200 0.02569400 -0.03786100
v 0.09479200 0.03996000 -0.03893000
v 0.08404400 0.03368100 -0.06245100
v 0.08655900 0.04407600 -0.05160200
v 0.06772900 0.06008300 -0.06245600
v 0.07815200 0.05768100 -0.05160500
v 0.06773400 0.07795000 -0.03786700
v 0.07815500 0.06688700 -0.03893400
v 0.08405300 0.06978900 -0.01274800
v 0.08656400 0.06268300 -0.02599000
v 0.09293100 0.05741200 -0.01287100
v 0.07666100 0.07461600 -0.02556300
v 0.06838700 0.06968500 -0.05064800
v 0.07665300 0.04735500 -0.06308500
v 0.09292400 0.02997500 -0.05064200
v -0.09293100 -0.05741200 0.01287100
v -0.10103500 -0.03516700 0.02556000
v -0.09292400 -0.02997500 0.05064200
v -0.07665300 -0.04735500 0.06308500
v -0.06838700 -0.06968500 0.05064800
v -0.09292200 -0.00550400 0.05859400
v -0.10103100 0.01343200 0.04135500
v -0.09292600 0.03888300 0.04416900
v -0.07665300 0.04534100 0.06454900
v -0.06837800 0.02661400 0.08193900
v -0.09293000 0.05400900 0.02334500
v -0.10103700 0.04346900 0.00000000
v -0.09293000 0.05400900 -0.02334500
v -0.07666200 0.07538600 -0.02319300
v -0.06839300 0.08614200 0.00000000
v -0.09292600 0.03888300 -0.04416900
v -0.10103100 0.01343200 -0.04135500
v -0.09292200 -0.00550400 -0.05859400
v -0.07664800 0.00124600 -0.07887700
v -0.06837800 0.02661400 -0.08193900
v -0.09292400 -0.02997500 -0.05064200
v -0.10103500 -0.03516700 -0.02556000
v -0.09293100 -0.05741200 -0.01287100
v -0.07666100 -0.07461600 -0.02556300
v -0.06838700 -0.06968500 -0.05064800
v -0.00676800 -0.10050000 0.04418100
v -0.03317400 -0.09636500 0.04136700
v -0.04649100 -0.08063400 0.05860600
v -0.03316900 -0.06909600 0.07888900
v -0.00676700 -0.07304800 0.08195200
v 0.00676700 -0.05533400 0.09481700
v -0.00629000 -0.03392200 0.10444000
v 0.00676600 -0.01094400 0.10923600
v 0.03316400 -0.00954700 0.10443600
v 0.04648300 -0.03079500 0.09481100
v 0.00676700 0.07304800 0.08195200
v -0.00629100 0.08882700 0.06456100
v 0.00676800 0.10050000 0.04418100
v 0.03317400 0.09636500 0.04136700
v 0.04649100 0.08063400 0.05860600
v 0.00676800 0.10050000 -0.04418100
v -0.00629100 0.08882700 -0.06456100
v 0.00676700 0.07304800 -0.08195200
v 0.03316900 0.06909600 -0.07888900
v 0.04649100 0.08063400 -0.05860600
v -0.00676600 0.01094400 0.10923600
v -0.03316400 0.00954700 0.10443600
v -0.04648300 0.03079500 0.09481100
v -0.03316700 0.05364400 0.09011200
v -0.00676700 0.05533400 0.09481700
v -0.00676900 0.10727000 0.02335200
v -0.03317500 0.10227100 0.02319700
v -0.04649600 0.09968000 0.00000000
v -0.03317500 0.10227100 -0.02319700
v -0.00676900 0.10727000 -0.02335200
v -0.00676700 0.05533400 -0.09481700
v -0.03316700 0.05364400 -0.09011200
v -0.04648300 0.03079500 -0.09481100
v -0.03316400 0.00954700 -0.10443600
v -0.00676600 0.01094400 -0.10923600
v 0.00676900 -0.10727000 -0.02335200
v -0.00629200 -0.10981100 0.00000000
v 0.00676900 -0.10727000 0.02335200
v 0.03317500 -0.10227100 0.02319700
v 0.10103500 0.03516700 -0.02556000
v -0.07666100 -0.07461600 0.02556300
v -0.07664800 0.00124600 0.07887700
v -0.07666200 0.07538600 0.02319300
v -0.07665300 0.04534100 -0.06454900
v -0.07665300 -0.04735500 -0.06308500
v 0.00629100 -0.08882700 0.06456100
v 0.03316700 -0.05364400 0.09011200
v 0.03316900 0.06909600 0.07888900
v 0.03317400 0.09636500 -0.04136700
v 0.00629000 0.03392200 0.10444000
v 0.00629200 0.10981100 0.00000000
v 0.00629000 0.03392200 -0.10444000
v 0.03317500 -0.10227100 -0.02319700
v 0.00629100 -0.08882700 -0.06456100
v 0.03316400 -0.00954700 -0.10443600
v 0.10103100 -0.01343200 0.04135500
v 0.10103100 -0.01343200 -0.04135500
v 0.10103500 0.03516700 0.02556000
v 0.07666200 -0.07538600 -0.02319300
v 0.09293000 -0.05400900 -0.02334500
v 0.10103700 -0.04346900 0.00000000
v 0.09293000 -0.05400900 0.02334500
v 0.07666200 -0.07538600 0.02319300
v 0.06839300 -0.08614200 0.00000000
v 0.09293100 0.05741200 0.01287100
v 0.07666100 0.07461600 0.02556300
v 0.06838700 0.06968500 0.05064800
v 0.07665300 0.04735500 0.06308500
v 0.09292400 0.02997500 0.05064200
v 0.09292600 -0.03888300 -0.04416900
v 0.07665300 -0.04534100 -0.06454900
v 0.06837800 -0.02661400 -0.08193900
v 0.07664800 -0.00124600 -0.07887700
v 0.09292200 0.00550400 -0.05859400
v 0.09292200 0.00550400 0.05859400
v 0.07664800 -0.00124600 0.07887700
v 0.06837800 -0.02661400 0.08193900
v 0.07665300 -0.04534100 0.06454900
v 0.09292600 -0.03888300 0.04416900
v 0.04648300 -0.03079500 -0.09481100
v 0.03316700 -0.05364400 -0.09011200
v 0.00676700 -0.05533400 -0.09481700
v -0.00629000 -0.03392200 -0.10444000
v 0.00676600 -0.01094400 -0.10923600
v -0.00676800 -0.10050000 -0.04418100
v -0.03317400 -0.09636500 -0.04136700
v -0.04649100 -0.08063400 -0.05860600
v -0.03316900 -0.06909600 -0.07888900
v -0.00676700 -0.07304800 -0.08195200
v 0.04649600 -0.09968000 0.00000000
vn 0.97590000 0.21820000 -0.00000000
vn 0.97590000 0.21820000 -0.00000000
vn 0.97590000 0.06740000 0.20750000
vn 0.97590000 0.06740000 0.20750000
vn 0.97590000 -0.17650000 0.12830000
vn 0.97590000 -0.17650000 0.12830000
vn 0.97590000 -0.17650000 -0.12830000
vn 0.97590000 -0.17650000 -0.12830000
vn 0.97590000 0.06740000 -0.20750000
vn 0.97590000 0.06740000 -0.20760000
vn 0.97590000 0.06740000 -0.20750000
vn 0.49680000 -0.80380000 -0.32730000
vn 0.49680000 -0.80380000 -0.32740000
vn 0.49680000 -0.80380000 -0.32740000
vn 0.27840000 -0.84550000 -0.45570000
vn 0.27850000 -0.84550000 -0.45570000
vn 0.27860000 -0.69460000 -0.66320000
vn 0.49680000 -0.55970000 -0.66320000
vn 0.49680000 -0.55970000 -0.66330000
vn 0.63170000 -0.62710000 -0.45570000
vn 0.63170000 -0.62720000 -0.45560000
vn 0.63170000 -0.62720000 -0.45570000
vn 0.63170000 0.23950000 -0.73730000
vn 0.63170000 0.23950000 -0.73730000
vn 0.49680000 0.06300000 -0.86560000
vn 0.49680000 0.06290000 -0.86560000
vn 0.49680000 0.06300000 -0.86560000
vn 0.27850000 0.17210000 -0.94490000
vn 0.27850000 0.41620000 -0.86560000
vn 0.27850000 0.41610000 -0.86560000
vn 0.49680000 0.45780000 -0.73730000
vn 0.63160000 0.77530000 -0.00000000
vn 0.63160000 0.77530000 -0.00000000
vn 0.49680000 0.84270000 -0.20750000
vn 0.49680000 0.84270000 -0.20750000
vn 0.27850000 0.95180000 -0.12820000
vn 0.27850000 0.95180000 -0.12820000
vn 0.27850000 0.95180000 0.12820000
vn 0.49680000 0.84270000 0.20750000
vn 0.49680000 0.84270000 0.20750000
vn 0.63170000 0.23960000 0.73730000
vn 0.63170000 0.23960000 0.73730000
vn 0.49680000 0.45780000 0.73730000
vn 0.27850000 0.41610000 0.86560000
vn 0.27850000 0.17210000 0.94490000
vn 0.49680000 0.06300000 0.86560000
vn 0.49680000 0.06300000 0.86560000
vn 0.49680000 -0.80380000 0.32740000
vn 0.49680000 -0.80380000 0.32740000
vn 0.63170000 -0.62710000 0.45570000
vn 0.63170000 -0.62720000 0.45560000
vn 0.63170000 -0.62720000 0.45570000
vn 0.49680000 -0.55970000 0.66320000
vn 0.49680000 -0.55970000 0.66320000
vn 0.27860000 -0.69460000 0.66330000
vn 0.27860000 -0.69460000 0.66320000
vn 0.27850000 -0.84550000 0.45570000
vn -0.27850000 -0.17210000 -0.94490000
vn -0.27850000 -0.41610000 -0.86560000
vn -0.49680000 -0.45780000 -0.73730000
vn -0.49680000 -0.45780000 -0.73730000
vn -0.63170000 -0.23950000 -0.73730000
vn -0.63170000 -0.23950000 -0.73730000
vn -0.49680000 -0.06290000 -0.86560000
vn -0.49680000 -0.06300000 -0.86560000
vn -0.49680000 -0.06300000 -0.86560000
vn -0.27850000 0.84550000 -0.45570000
vn -0.27860000 0.69460000 -0.66320000
vn -0.27860000 0.69460000 -0.66320000
vn -0.49680000 0.55970000 -0.66330000
vn -0.49680000 0.55970000 -0.66330000
vn -0.49680000 0.55970000 -0.66320000
vn -0.63170000 0.62720000 -0.45560000
vn -0.63170000 0.62710000 -0.45570000
vn -0.63170000 0.62720000 -0.45570000
vn -0.49680000 0.80380000 -0.32740000
vn -0.27860000 0.69460000 0.66320000
vn -0.27840000 0.84550000 0.45570000
vn -0.49680000 0.80380000 0.32740000
vn -0.63170000 0.62720000 0.45570000
vn -0.63170000 0.62710000 0.45570000
vn -0.49680000 0.55970000 0.66320000
vn -0.27850000 -0.41610000 0.86560000
vn -0.27850000 -0.41610000 0.86560000
vn -0.27850000 -0.17210000 0.94490000
vn -0.49680000 -0.06300000 0.86560000
vn -0.49680000 -0.06300000 0.86560000
vn -0.63170000 -0.23950000 0.73730000
vn -0.63170000 -0.23950000 0.73730000
vn -0.49680000 -0.45780000 0.73730000
vn -0.49680000 -0.45780000 0.73730000
vn -0.27850000 -0.95180000 -0.12820000
vn -0.27850000 -0.95180000 -0.12820000
vn -0.27850000 -0.95180000 0.12820000
vn -0.27850000 -0.95190000 0.12820000
vn -0.27850000 -0.95180000 0.12820000
vn -0.49680000 -0.84270000 0.20750000
vn -0.49680000 -0.84270000 0.20750000
vn -0.63160000 -0.77530000 -0.00000000
vn -0.63160000 -0.77530000 -0.00000000
vn -0.49680000 -0.84270000 -0.20750000
vn -0.49680000 -0.84270000 -0.20750000
vn -0.97590000 -0.06740000 -0.20750000
vn -0.97590000 -0.06740000 -0.20760000
vn -0.97590000 -0.06740000 -0.20750000
vn -0.97590000 -0.21830000 -0.00000000
vn -0.97590000 -0.21820000 -0.00000000
vn -0.97590000 -0.21820000 -0.00000000
vn -0.97590000 -0.06740000 0.20750000
vn -0.97590000 -0.06740000 0.20750000
vn -0.97590000 0.17650000 0.12830000
vn -0.97590000 0.17650000 0.12830000
vn -0.97590000 0.17650000 -0.12830000
vn -0.97590000 0.17650000 -0.12830000
vn -0.26080000 -0.83950000 -0.47660000
vn 0.24010000 -0.18370000 -0.95320000
vn 0.74140000 0.47250000 -0.47660000
vn 0.74140000 0.47250000 0.47650000
vn 0.24010000 -0.18370000 0.95320000
vn -0.26080000 -0.83950000 0.47670000
vn 0.74140000 -0.66230000 0.10770000
vn 0.74140000 -0.10230000 -0.66320000
vn 0.24020000 0.70890000 -0.66320000
vn -0.26080000 0.95940000 0.10770000
vn -0.26090000 0.39890000 0.87910000
vn 0.24020000 -0.41170000 0.87910000
vn 0.74150000 0.59910000 0.30210000
vn 0.74150000 -0.30710000 0.59660000
vn 0.24020000 -0.96330000 0.11980000
vn -0.26090000 -0.71280000 -0.65110000
vn -0.26080000 0.19400000 -0.94570000
vn 0.24010000 0.84980000 -0.46930000
vn 0.74140000 -0.30710000 -0.59660000
vn 0.74150000 0.59910000 -0.30220000
vn 0.24010000 0.84980000 0.46930000
vn -0.26080000 0.19410000 0.94570000
vn -0.26090000 -0.71270000 0.65110000
vn 0.24010000 -0.96330000 -0.11980000
vn 0.05690000 0.81480000 -0.57690000
vn 0.86740000 0.40960000 -0.28250000
vn 0.86750000 -0.49720000 0.01210000
vn 0.05690000 -0.99830000 0.01210000
vn -0.75420000 -0.59280000 -0.28240000
vn -0.75420000 0.31350000 -0.57690000
vn 0.75420000 -0.08550000 -0.65100000
vn 0.75430000 -0.64550000 0.11990000
vn -0.05690000 -0.80050000 0.59660000
vn -0.86750000 -0.39510000 0.30210000
vn -0.86750000 0.16520000 -0.46910000
vn -0.05700000 0.32010000 -0.94570000
vn 0.05690000 -0.29700000 -0.95320000
vn 0.86750000 -0.14210000 -0.47670000
vn 0.86750000 -0.14210000 0.47680000
vn 0.05690000 -0.29700000 0.95320000
vn -0.75420000 -0.45190000 0.47640000
vn -0.75420000 -0.45190000 -0.47650000
vn 0.75420000 0.59280000 -0.28240000
vn 0.75420000 -0.31350000 -0.57690000
vn -0.05690000 -0.81480000 -0.57690000
vn -0.86750000 -0.40950000 -0.28240000
vn -0.86750000 0.49740000 0.01210000
vn -0.05690000 0.99830000 0.01210000
vn 0.75410000 0.45180000 0.47660000
vn 0.75420000 0.45190000 -0.47650000
vn -0.05690000 0.29700000 -0.95320000
vn -0.86750000 0.14210000 -0.47670000
vn -0.86750000 0.14210000 0.47680000
vn -0.05690000 0.29700000 0.95320000
vn 0.75420000 -0.31350000 0.57700000
vn 0.75420000 0.59280000 0.28250000
vn -0.05690000 0.99830000 -0.01220000
vn -0.86750000 0.49730000 -0.01210000
vn -0.86750000 -0.40950000 0.28250000
vn -0.05690000 -0.81480000 0.57700000
vn 0.05690000 0.80050000 0.59660000
vn 0.86750000 0.39520000 0.30220000
vn 0.86750000 -0.16520000 -0.46930000
vn 0.05690000 -0.32000000 -0.94570000
vn -0.75420000 0.08550000 -0.65100000
vn -0.75420000 0.64560000 0.11990000
vn 0.05690000 -0.32000000 0.94570000
vn 0.86750000 -0.16520000 0.46920000
vn 0.86750000 0.39510000 -0.30210000
vn 0.05690000 0.80050000 -0.59660000
vn -0.75420000 0.64560000 -0.11990000
vn -0.75420000 0.08540000 0.65100000
vn 0.05690000 -0.99830000 -0.01220000
vn 0.86750000 -0.49730000 -0.01210000
vn 0.86750000 0.40950000 0.28250000
vn 0.05690000 0.81480000 0.57700000
vn -0.75420000 0.31350000 0.57700000
vn -0.75420000 -0.59280000 0.28250000
vn 0.75420000 -0.64560000 -0.11990000
vn 0.75420000 -0.08540000 0.65100000
vn -0.05690000 0.32000000 0.94570000
vn -0.86750000 0.16520000 0.46920000
vn -0.86750000 -0.39510000 -0.30210000
vn -0.05690000 -0.80050000 -0.59660000
vn -0.24020000 0.41180000 -0.87910000
vn 0.26090000 -0.39890000 -0.87910000
vn 0.26080000 -0.95940000 -0.10770000
vn -0.24020000 -0.70890000 0.66320000
vn -0.74140000 0.10230000 0.66320000
vn -0.74140000 0.66230000 -0.10770000
vn -0.24020000 0.96330000 0.11980000
vn 0.26080000 0.71280000 -0.65100000
vn 0.26080000 -0.19400000 -0.94570000
vn -0.24020000 -0.84980000 -0.46930000
vn -0.74150000 -0.59910000 0.30210000
vn -0.74140000 0.30710000 0.59660000
vn -0.24010000 0.18370000 0.95320000
vn 0.26080000 0.83950000 0.47670000
vn 0.26080000 0.83950000 -0.47680000
vn -0.24020000 0.18370000 -0.95320000
vn -0.74140000 -0.47260000 -0.47640000
vn -0.74140000 -0.47260000 0.47650000
vn -0.24010000 -0.84980000 0.46930000
vn 0.26080000 -0.19400000 0.94570000
vn 0.26080000 0.71280000 0.65100000
vn -0.24020000 0.96330000 -0.11990000
vn -0.74140000 0.30710000 -0.59660000
vn -0.74150000 -0.59910000 -0.30210000
vn -0.24020000 -0.70890000 -0.66320000
vn 0.26080000 -0.95940000 0.10770000
vn 0.26090000 -0.39890000 0.87910000
vn -0.24020000 0.41170000 0.87910000
vn -0.74140000 0.66230000 0.10770000
vn -0.74140000 0.10220000 -0.66320000
vn 0.30050000 0.95380000 -0.00000000
vn 0.30040000 0.29480000 0.90710000
vn 0.30050000 -0.77160000 0.56070000
vn 0.30050000 -0.77170000 -0.56060000
vn 0.30040000 0.29470000 -0.90710000
vn 0.39800000 -0.64390000 0.65340000
vn -0.55580000 -0.82610000 0.09280000
vn -0.55580000 -0.16710000 -0.81430000
vn 0.39800000 0.42240000 -0.81430000
vn 0.98750000 0.12780000 0.09280000
vn 0.98750000 -0.04880000 0.15010000
vn 0.39800000 -0.82040000 -0.41050000
vn -0.55580000 -0.34360000 -0.75700000
vn -0.55580000 0.72290000 -0.41050000
vn 0.39800000 0.90500000 0.15010000
vn 0.98750000 -0.15780000 -0.00000000
vn 0.39800000 0.13690000 -0.90710000
vn -0.55580000 0.61380000 -0.56070000
vn -0.55580000 0.61380000 0.56060000
vn 0.39800000 0.13690000 0.90710000
vn 0.98750000 -0.04880000 -0.15010000
vn 0.39800000 0.90500000 -0.15010000
vn -0.55580000 0.72290000 0.41050000
vn -0.55580000 -0.34350000 0.75700000
vn 0.39790000 -0.82050000 0.41050000
vn 0.39800000 -0.64400000 -0.65340000
vn 0.98750000 0.12770000 -0.09280000
vn 0.39800000 0.42240000 0.81430000
vn -0.55580000 -0.16710000 0.81430000
vn -0.55580000 -0.82610000 -0.09280000
vn 0.55580000 0.34360000 -0.75700000
vn 0.55580000 -0.72290000 -0.41050000
vn -0.39800000 -0.90500000 0.15010000
vn -0.98750000 0.04880000 0.15010000
vn -0.39800000 0.82040000 -0.41050000
vn 0.55580000 0.82610000 0.09280000
vn 0.55580000 0.16710000 -0.81430000
vn -0.39790000 -0.42240000 -0.81440000
vn -0.98750000 -0.12780000 0.09280000
vn -0.39800000 0.64390000 0.65340000
vn 0.55580000 0.16710000 0.81430000
vn 0.55580000 0.82610000 -0.09280000
vn -0.39800000 0.64400000 -0.65340000
vn -0.98750000 -0.12770000 -0.09280000
vn -0.39800000 -0.42240000 0.81430000
vn 0.55580000 -0.72290000 0.41050000
vn 0.55580000 0.34350000 0.75700000
vn -0.39790000 0.82050000 0.41050000
vn -0.98750000 0.04880000 -0.15010000
vn -0.39800000 -0.90500000 -0.15010000
vn 0.55580000 -0.61380000 -0.56070000
vn 0.55580000 -0.61380000 0.56060000
vn -0.39800000 -0.13690000 0.90710000
vn -0.98750000 0.15780000 -0.00000000
vn -0.39800000 -0.13690000 -0.90710000
vn -0.30040000 -0.29470000 -0.90710000
vn -0.30050000 -0.95380000 -0.00000000
vn -0.30040000 -0.29480000 0.90710000
vn -0.30050000 0.77160000 0.56070000
vn -0.30050000 0.77170000 -0.56060000
vn 0.74140000 -0.10220000 0.66320000
vn 0.74140000 -0.66230000 -0.10770000
vn 0.24010000 -0.41170000 -0.87910000
vn -0.26090000 0.39890000 -0.87910000
vn -0.26080000 0.95940000 -0.10770000
vn 0.24020000 0.70890000 0.66320000
vn 0.79480000 -0.60690000 -0.00000000
vn 0.79470000 0.49100000 0.35680000
vn 0.79470000 -0.18750000 -0.57740000
vn 0.79470000 -0.18750000 0.57740000
vn 0.18760000 -0.30340000 -0.93420000
vn -0.18760000 -0.79450000 -0.57750000
vn 0.18770000 -0.98220000 -0.00000000
vn -0.18760000 0.30340000 -0.93420000
vn -0.18770000 0.98220000 -0.00000000
vn -0.18760000 0.30340000 0.93420000
vn 0.18760000 0.79450000 -0.57750000
vn 0.18760000 0.79450000 0.57750000
vn 0.18760000 -0.30340000 0.93420000
vn -0.18760000 -0.79450000 0.57750000
vn -0.79470000 -0.49100000 -0.35680000
vn -0.79470000 0.18750000 -0.57740000
vn -0.79480000 0.60690000 -0.00000000
vn -0.79470000 0.18750000 0.57740000
vn -0.79470000 -0.49100000 0.35690000
vn 0.79470000 0.49100000 -0.35680000
vn 0.19090000 -0.62740000 -0.75490000
vn 0.14250000 -0.69080000 -0.70890000
vn 0.70440000 0.04200000 -0.70860000
vn 0.65720000 -0.01980000 -0.75350000
vn 0.93620000 0.34830000 0.04610000
vn 0.93620000 0.34830000 -0.04610000
vn 0.65720000 -0.01980000 0.75350000
vn 0.70440000 0.04200000 0.70860000
vn 0.14250000 -0.69080000 0.70890000
vn 0.19090000 -0.62740000 0.75490000
vn -0.08790000 -0.99510000 -0.04490000
vn -0.08790000 -0.99510000 0.04490000
vn 0.93620000 -0.25470000 -0.24200000
vn 0.93620000 -0.30890000 -0.16750000
vn 0.65720000 0.45890000 -0.59790000
vn 0.70440000 0.38250000 -0.59790000
vn 0.14250000 0.97550000 -0.16740000
vn 0.19090000 0.95130000 -0.24200000
vn -0.08790000 0.77870000 0.62120000
vn -0.08790000 0.83150000 0.54860000
vn 0.19090000 0.06380000 0.97950000
vn 0.14250000 0.14220000 0.97950000
vn 0.70440000 -0.45050000 0.54860000
vn 0.65720000 -0.42690000 0.62120000
vn 0.93620000 0.06380000 0.34560000
vn 0.93630000 0.15150000 0.31700000
vn 0.65720000 -0.72270000 0.21400000
vn 0.70440000 -0.66090000 0.25890000
vn 0.14250000 -0.88760000 -0.43790000
vn 0.19090000 -0.91190000 -0.36340000
vn -0.08790000 -0.26480000 -0.96030000
vn -0.08790000 -0.35020000 -0.93250000
vn 0.19090000 0.52410000 -0.83000000
vn 0.14250000 0.46070000 -0.87600000
vn 0.70430000 0.68690000 -0.17910000
vn 0.65720000 0.71050000 -0.25170000
vn 0.93620000 0.15150000 -0.31710000
vn 0.93620000 0.06380000 -0.34550000
vn 0.65720000 0.71050000 0.25170000
vn 0.70440000 0.68690000 0.17910000
vn 0.14250000 0.46070000 0.87600000
vn 0.19090000 0.52410000 0.83000000
vn -0.08790000 -0.35020000 0.93250000
vn -0.08790000 -0.26480000 0.96030000
vn 0.19090000 -0.91190000 0.36340000
vn 0.14250000 -0.88770000 0.43790000
vn 0.70440000 -0.66090000 -0.25890000
vn 0.65720000 -0.72270000 -0.21400000
vn 0.55420000 0.53930000 -0.63400000
vn 0.47580000 0.57850000 -0.66250000
vn 0.92940000 -0.15590000 -0.33460000
vn 0.92940000 -0.07050000 -0.36230000
vn 0.47580000 -0.85750000 -0.19600000
vn 0.55420000 -0.80900000 -0.19600000
vn -0.35250000 -0.86280000 -0.36240000
vn -0.27620000 -0.90100000 -0.33460000
vn -0.73020000 -0.16680000 -0.66250000
vn -0.73030000 -0.25440000 -0.63400000
vn -0.27620000 0.53230000 -0.80020000
vn -0.35250000 0.48510000 -0.80030000
vn 0.73020000 -0.57850000 -0.36340000
vn 0.73020000 -0.52440000 -0.43790000
vn 0.27620000 -0.92560000 0.25890000
vn 0.35250000 -0.91100000 0.21400000
vn -0.55420000 -0.76970000 0.31700000
vn -0.47580000 -0.80890000 0.34550000
vn -0.92940000 -0.27000000 -0.25170000
vn -0.92940000 -0.32280000 -0.17900000
vn -0.47580000 0.07870000 -0.87600000
vn -0.55420000 0.06370000 -0.83000000
vn 0.35260000 -0.07800000 -0.93250000
vn 0.27620000 -0.03980000 -0.96030000
vn 0.55420000 -0.43630000 -0.70890000
vn 0.47580000 -0.45130000 -0.75500000
vn 0.92940000 -0.36640000 0.04490000
vn 0.92940000 -0.36640000 -0.04490000
vn 0.47580000 -0.45120000 0.75500000
vn 0.55420000 -0.43630000 0.70890000
vn -0.35250000 -0.61120000 0.70860000
vn -0.27620000 -0.59660000 0.75350000
vn -0.73020000 -0.68170000 -0.04610000
vn -0.73020000 -0.68170000 0.04610000
vn -0.27620000 -0.59660000 -0.75350000
vn -0.35250000 -0.61120000 -0.70860000
vn 0.73020000 0.16680000 -0.66250000
vn 0.73030000 0.25440000 -0.63400000
vn 0.27620000 -0.53230000 -0.80020000
vn 0.35250000 -0.48510000 -0.80030000
vn -0.55420000 -0.53930000 -0.63400000
vn -0.47580000 -0.57850000 -0.66250000
vn -0.92940000 0.15590000 -0.33460000
vn -0.92940000 0.07050000 -0.36230000
vn -0.47580000 0.85750000 -0.19600000
vn -0.55420000 0.80900000 -0.19600000
vn 0.35250000 0.86280000 -0.36240000
vn 0.27620000 0.90100000 -0.33460000
vn 0.73020000 0.68170000 -0.04610000
vn 0.73020000 0.68170000 0.04610000
vn 0.27620000 0.59660000 -0.75350000
vn 0.35250000 0.61120000 -0.70860000
vn -0.55420000 0.43630000 -0.70890000
vn -0.47580000 0.45130000 -0.75500000
vn -0.92940000 0.36640000 0.04490000
vn -0.92940000 0.36640000 -0.04490000
vn -0.47580000 0.45120000 0.75500000
vn -0.55420000 0.43630000 0.70890000
vn 0.35250000 0.61120000 0.70860000
vn 0.27620000 0.59660000 0.75350000
vn 0.73030000 0.25440000 0.63400000
vn 0.73030000 0.16680000 0.66250000
vn 0.27620000 0.90100000 0.33460000
vn 0.35250000 0.86280000 0.36240000
vn -0.55420000 0.80900000 0.19600000
vn -0.47580000 0.85750000 0.19600000
vn -0.92940000 0.07050000 0.36230000
vn -0.92940000 0.15590000 0.33460000
vn -0.47580000 -0.57850000 0.66250000
vn -0.55420000 -0.53930000 0.63400000
vn 0.35250000 -0.48510000 0.80030000
vn 0.27620000 -0.53230000 0.80030000
vn 0.55420000 0.76970000 0.31700000
vn 0.47580000 0.80890000 0.34550000
vn 0.92940000 0.27000000 -0.25170000
vn 0.92940000 0.32280000 -0.17900000
vn 0.47580000 -0.07870000 -0.87600000
vn 0.55420000 -0.06370000 -0.83000000
vn -0.35260000 0.07800000 -0.93250000
vn -0.27620000 0.03980000 -0.96030000
vn -0.73020000 0.57850000 -0.36340000
vn -0.73020000 0.52440000 -0.43790000
vn -0.27620000 0.92560000 0.25890000
vn -0.35250000 0.91100000 0.21400000
vn 0.55420000 -0.06370000 0.83000000
vn 0.47580000 -0.07870000 0.87600000
vn 0.92940000 0.32280000 0.17900000
vn 0.92940000 0.27000000 0.25170000
vn 0.47580000 0.80890000 -0.34550000
vn 0.55420000 0.76970000 -0.31700000
vn -0.35250000 0.91100000 -0.21400000
vn -0.27620000 0.92560000 -0.25890000
vn -0.73020000 0.52440000 0.43790000
vn -0.73030000 0.57850000 0.36340000
vn -0.27620000 0.03980000 0.96030000
vn -0.35260000 0.07790000 0.93250000
vn 0.55420000 -0.80900000 0.19600000
vn 0.47580000 -0.85750000 0.19600000
vn 0.92940000 -0.07050000 0.36230000
vn 0.92940000 -0.15590000 0.33460000
vn 0.47580000 0.57850000 0.66250000
vn 0.55420000 0.53930000 0.63400000
vn -0.35250000 0.48510000 0.80030000
vn -0.27620000 0.53230000 0.80030000
vn -0.73030000 -0.25440000 0.63400000
vn -0.73030000 -0.16680000 0.66250000
vn -0.27620000 -0.90100000 0.33460000
vn -0.35250000 -0.86280000 0.36240000
vn 0.73020000 -0.52440000 0.43790000
vn 0.73030000 -0.57850000 0.36340000
vn 0.27620000 -0.03980000 0.96030000
vn 0.35260000 -0.07790000 0.93250000
vn -0.55420000 0.06370000 0.83000000
vn -0.47580000 0.07870000 0.87600000
vn -0.92940000 -0.32280000 0.17900000
vn -0.92940000 -0.27000000 0.25170000
vn -0.47580000 -0.80890000 -0.34550000
vn -0.55420000 -0.76970000 -0.31700000
vn 0.35250000 -0.91100000 -0.21400000
vn 0.27620000 -0.92560000 -0.25890000
vn -0.14250000 -0.14220000 -0.97950000
vn -0.19090000 -0.06380000 -0.97950000
vn 0.08790000 -0.83150000 -0.54860000
vn 0.08790000 -0.77870000 -0.62120000
vn -0.19090000 -0.95130000 0.24200000
vn -0.14250000 -0.97550000 0.16740000
vn -0.70440000 -0.38250000 0.59790000
vn -0.65720000 -0.45890000 0.59790000
vn -0.93620000 0.30890000 0.16750000
vn -0.93620000 0.25470000 0.24200000
vn -0.65720000 0.42690000 -0.62120000
vn -0.70430000 0.45050000 -0.54860000
vn -0.14250000 0.88760000 -0.43790000
vn -0.19090000 0.91190000 -0.36340000
vn 0.08790000 0.26480000 -0.96030000
vn 0.08790000 0.35020000 -0.93250000
vn -0.19090000 -0.52410000 -0.83000000
vn -0.14250000 -0.46070000 -0.87600000
vn -0.70430000 -0.68690000 -0.17910000
vn -0.65720000 -0.71050000 -0.25170000
vn -0.93620000 -0.06380000 0.34560000
vn -0.93630000 -0.15150000 0.31700000
vn -0.65720000 0.72270000 0.21400000
vn -0.70440000 0.66090000 0.25890000
vn -0.14250000 0.69080000 0.70890000
vn -0.19090000 0.62740000 0.75490000
vn 0.08790000 0.99510000 -0.04490000
vn 0.08790000 0.99510000 0.04490000
vn -0.19090000 0.62740000 -0.75490000
vn -0.14250000 0.69080000 -0.70890000
vn -0.70440000 -0.04200000 -0.70860000
vn -0.65720000 0.01980000 -0.75350000
vn -0.93620000 -0.34830000 0.04610000
vn -0.93620000 -0.34830000 -0.04610000
vn -0.65720000 0.01980000 0.75350000
vn -0.70440000 -0.04200000 0.70860000
vn -0.14250000 -0.46070000 0.87600000
vn -0.19090000 -0.52410000 0.83000000
vn 0.08790000 0.35020000 0.93250000
vn 0.08790000 0.26480000 0.96030000
vn -0.19090000 0.91190000 0.36340000
vn -0.14250000 0.88770000 0.43790000
vn -0.70440000 0.66090000 -0.25890000
vn -0.65720000 0.72270000 -0.21400000
vn -0.93620000 -0.15150000 -0.31710000
vn -0.93620000 -0.06380000 -0.34550000
vn -0.65720000 -0.71050000 0.25170000
vn -0.70440000 -0.68690000 0.17910000
vn -0.14250000 -0.97550000 -0.16740000
vn -0.19090000 -0.95130000 -0.24200000
vn 0.08790000 -0.77870000 0.62120000
vn 0.08790000 -0.83150000 0.54860000
vn -0.19090000 -0.06380000 0.97950000
vn -0.14250000 -0.14220000 0.97950000
vn -0.70440000 0.45050000 0.54860000
vn -0.65720000 0.42690000 0.62120000
vn -0.93620000 0.25470000 -0.24200000
vn -0.93620000 0.30890000 -0.16750000
vn -0.65720000 -0.45890000 -0.59790000
vn -0.70440000 -0.38250000 -0.59790000
vn 0.57430000 0.63380000 0.51820000
vn 0.57430000 0.68860000 0.44260000
vn 0.57430000 -0.29690000 0.76290000
vn 0.57430000 -0.20810000 0.79170000
vn 0.57430000 -0.81730000 -0.04670000
vn 0.57440000 -0.81730000 0.04670000
vn 0.57430000 -0.20830000 -0.79170000
vn 0.57430000 -0.29710000 -0.76280000
vn 0.57430000 0.68860000 -0.44260000
vn 0.57430000 0.63380000 -0.51820000
vn -0.00870000 -0.97140000 0.23710000
vn 0.07070000 -0.95630000 0.28380000
vn -0.47410000 -0.68380000 -0.55460000
vn -0.47410000 -0.73880000 -0.47900000
vn 0.07070000 -0.02560000 -0.99720000
vn -0.00880000 -0.07460000 -0.99720000
vn 0.87280000 0.09380000 -0.47900000
vn 0.82370000 0.11830000 -0.55460000
vn 0.82370000 -0.49080000 0.28390000
vn 0.87280000 -0.42660000 0.23710000
vn 0.82370000 -0.42160000 -0.37910000
vn 0.87280000 -0.35740000 -0.33240000
vn -0.00880000 -0.52580000 -0.85060000
vn 0.07080000 -0.56550000 -0.82170000
vn -0.47420000 0.31610000 -0.82170000
vn -0.47410000 0.22730000 -0.85060000
vn 0.07070000 0.94040000 -0.33250000
vn -0.00870000 0.92530000 -0.37920000
vn 0.87280000 0.48450000 -0.05890000
vn 0.82370000 0.56400000 -0.05890000
vn 0.82370000 0.23020000 -0.51820000
vn 0.87280000 0.20570000 -0.44250000
vn -0.00860000 0.64650000 -0.76290000
vn 0.07070000 0.60680000 -0.79170000
vn -0.47410000 0.87920000 0.04670000
vn -0.47410000 0.87920000 -0.04670000
vn 0.07070000 0.60680000 0.79170000
vn -0.00870000 0.64650000 0.76280000
vn 0.87280000 0.20570000 0.44260000
vn 0.82370000 0.23030000 0.51820000
vn 0.82380000 0.56390000 0.05890000
vn 0.87280000 0.48440000 0.05890000
vn -0.00860000 0.92530000 0.37910000
vn 0.07080000 0.94040000 0.33250000
vn -0.47420000 0.22730000 0.85060000
vn -0.47420000 0.31620000 0.82170000
vn 0.07070000 -0.56550000 0.82170000
vn -0.00880000 -0.52580000 0.85060000
vn 0.87280000 -0.35740000 0.33240000
vn 0.82360000 -0.42170000 0.37920000
vn 0.87280000 -0.42660000 -0.23720000
vn 0.82370000 -0.49080000 -0.28390000
vn 0.82380000 0.11820000 0.55450000
vn 0.87280000 0.09380000 0.47900000
vn -0.00880000 -0.07460000 0.99720000
vn 0.07080000 -0.02550000 0.99720000
vn -0.47410000 -0.73870000 0.47900000
vn -0.47410000 -0.68380000 0.55460000
vn 0.07070000 -0.95630000 -0.28380000
vn -0.00870000 -0.97140000 -0.23720000
vn 0.47420000 -0.31610000 -0.82170000
vn 0.47410000 -0.22730000 -0.85060000
vn -0.07070000 -0.94040000 -0.33250000
vn 0.00870000 -0.92530000 -0.37920000
vn -0.87280000 -0.48450000 -0.05890000
vn -0.82370000 -0.56400000 -0.05890000
vn -0.82370000 0.42160000 -0.37910000
vn -0.87280000 0.35740000 -0.33240000
vn 0.00880000 0.52580000 -0.85060000
vn -0.07080000 0.56550000 -0.82170000
vn 0.47410000 0.68380000 -0.55460000
vn 0.47410000 0.73880000 -0.47900000
vn -0.07070000 0.02560000 -0.99720000
vn 0.00880000 0.07460000 -0.99720000
vn -0.87280000 -0.09380000 -0.47900000
vn -0.82370000 -0.11830000 -0.55460000
vn -0.82370000 0.49080000 0.28390000
vn -0.87280000 0.42660000 0.23710000
vn 0.00870000 0.97140000 0.23710000
vn -0.07070000 0.95630000 0.28380000
vn 0.47410000 0.73870000 0.47900000
vn 0.47410000 0.68380000 0.55460000
vn -0.07070000 0.95630000 -0.28380000
vn 0.00870000 0.97140000 -0.23720000
vn -0.87280000 0.42660000 -0.23720000
vn -0.82370000 0.49080000 -0.28390000
vn -0.82380000 -0.11820000 0.55450000
vn -0.87280000 -0.09380000 0.47900000
vn 0.00880000 0.07460000 0.99720000
vn -0.07080000 0.02550000 0.99720000
vn 0.47420000 -0.22730000 0.85060000
vn 0.47420000 -0.31620000 0.82170000
vn -0.07070000 0.56550000 0.82170000
vn 0.00880000 0.52580000 0.85060000
vn -0.87280000 0.35740000 0.33240000
vn -0.82360000 0.42170000 0.37920000
vn -0.82380000 -0.56390000 0.05890000
vn -0.87280000 -0.48440000 0.05890000
vn 0.00860000 -0.92530000 0.37910000
vn -0.07080000 -0.94040000 0.33250000
vn 0.47410000 -0.87920000 0.04670000
vn 0.47410000 -0.87920000 -0.04670000
vn -0.07070000 -0.60680000 0.79170000
vn 0.00870000 -0.64650000 0.76280000
vn -0.87280000 -0.20570000 0.44260000
vn -0.82370000 -0.23030000 0.51820000
vn -0.82370000 -0.23020000 -0.51820000
vn -0.87280000 -0.20570000 -0.44250000
vn 0.00860000 -0.64650000 -0.76290000
vn -0.07070000 -0.60680000 -0.79170000
vn -0.57430000 -0.68860000 -0.44260000
vn -0.57430000 -0.63380000 -0.51820000
vn -0.57430000 -0.63380000 0.51820000
vn -0.57430000 -0.68860000 0.44260000
vn -0.57430000 0.29690000 0.76290000
vn -0.57430000 0.20810000 0.79170000
vn -0.57430000 0.81730000 -0.04670000
vn -0.57440000 0.81730000 0.04670000
vn -0.57430000 0.20830000 -0.79170000
vn -0.57430000 0.29710000 -0.76280000
vn 0.93620000 -0.30890000 0.16750000
vn 0.93620000 -0.25470000 0.24200000
vn 0.65720000 -0.42690000 -0.62120000
vn 0.70430000 -0.45050000 -0.54860000
vn 0.14240000 0.14220000 -0.97950000
vn 0.19090000 0.06380000 -0.97950000
vn -0.08790000 0.83150000 -0.54860000
vn -0.08790000 0.77870000 -0.62120000
vn 0.19090000 0.95130000 0.24200000
vn 0.14250000 0.97550000 0.16740000
vn 0.70440000 0.38250000 0.59790000
vn 0.65720000 0.45890000 0.59790000
vn 0.71160000 -0.69900000 -0.07090000
vn 0.61780000 -0.77420000 -0.13730000
vn 0.76450000 -0.58220000 -0.27680000
vn 0.78690000 -0.60040000 -0.14250000
vn 0.90880000 -0.39330000 -0.13950000
vn 0.86140000 -0.50290000 -0.07160000
vn 0.90880000 -0.39330000 0.13950000
vn 0.86140000 -0.50290000 0.07160000
vn 0.76450000 -0.58220000 0.27680000
vn 0.78690000 -0.60040000 0.14250000
vn 0.61780000 -0.77420000 0.13730000
vn 0.71160000 -0.69900000 0.07090000
vn 0.86140000 0.36470000 0.35360000
vn 0.90870000 0.23620000 0.34410000
vn 0.90880000 0.40010000 0.11840000
vn 0.86140000 0.44890000 0.23770000
vn 0.76450000 0.63370000 0.11840000
vn 0.78690000 0.56940000 0.23770000
vn 0.61780000 0.70700000 0.34410000
vn 0.71160000 0.60710000 0.35370000
vn 0.61780000 0.54560000 0.56620000
vn 0.71160000 0.52380000 0.46830000
vn 0.76440000 0.30830000 0.56620000
vn 0.78690000 0.40190000 0.46830000
vn 0.86130000 -0.08730000 -0.50050000
vn 0.90870000 0.01110000 -0.41720000
vn 0.90880000 -0.25420000 -0.33100000
vn 0.86130000 -0.22350000 -0.45620000
vn 0.76440000 -0.44310000 -0.46830000
vn 0.78690000 -0.32100000 -0.52710000
vn 0.61770000 -0.36970000 -0.69400000
vn 0.71150000 -0.28330000 -0.64300000
vn 0.61770000 -0.10870000 -0.77880000
vn 0.71150000 -0.14860000 -0.68680000
vn 0.76440000 0.08320000 -0.63940000
vn 0.78680000 -0.05000000 -0.61510000
vn 0.86130000 -0.22350000 0.45620000
vn 0.90880000 -0.25420000 0.33100000
vn 0.90870000 0.01110000 0.41720000
vn 0.86130000 -0.08730000 0.50050000
vn 0.76440000 0.08320000 0.63940000
vn 0.78680000 -0.05000000 0.61510000
vn 0.61770000 -0.10870000 0.77880000
vn 0.71150000 -0.14860000 0.68680000
vn 0.61770000 -0.36970000 0.69400000
vn 0.71150000 -0.28330000 0.64300000
vn 0.76440000 -0.44310000 0.46830000
vn 0.78690000 -0.32100000 0.52710000
vn 0.18520000 -0.16490000 -0.96880000
vn 0.17900000 -0.02850000 -0.98340000
vn 0.41630000 -0.14710000 -0.89720000
vn 0.30710000 -0.22580000 -0.92450000
vn 0.41640000 -0.40820000 -0.81240000
vn 0.30710000 -0.36050000 -0.88070000
vn 0.17900000 -0.55490000 -0.81250000
vn 0.18520000 -0.43580000 -0.88080000
vn -0.05450000 -0.43810000 -0.89730000
vn 0.06470000 -0.37560000 -0.92450000
vn -0.05450000 -0.17280000 -0.98340000
vn 0.06470000 -0.23940000 -0.96880000
vn -0.06470000 -0.76300000 -0.64310000
vn 0.05450000 -0.71780000 -0.69410000
vn 0.05450000 -0.88180000 -0.46840000
vn -0.06470000 -0.84730000 -0.52720000
vn -0.17910000 -0.92640000 -0.33110000
vn -0.18530000 -0.87030000 -0.45640000
vn -0.41640000 -0.80770000 -0.41730000
vn -0.30720000 -0.80930000 -0.50060000
vn -0.41640000 -0.64630000 -0.63940000
vn -0.30720000 -0.72600000 -0.61530000
vn -0.17900000 -0.60100000 -0.77890000
vn -0.18530000 -0.70270000 -0.68690000
vn 0.18530000 -0.97230000 -0.14250000
vn 0.17910000 -0.94410000 -0.27680000
vn 0.41640000 -0.89870000 -0.13730000
vn 0.30720000 -0.94900000 -0.07090000
vn 0.41640000 -0.89870000 0.13730000
vn 0.30720000 -0.94900000 0.07090000
vn 0.17910000 -0.94410000 0.27680000
vn 0.18530000 -0.97230000 0.14250000
vn -0.05450000 -0.98870000 0.13950000
vn 0.06470000 -0.99530000 0.07170000
vn -0.05450000 -0.98870000 -0.13950000
vn 0.06470000 -0.99530000 -0.07170000
vn -0.06470000 0.37560000 -0.92450000
vn 0.05450000 0.43810000 -0.89730000
vn 0.05450000 0.17280000 -0.98340000
vn -0.06470000 0.23940000 -0.96880000
vn -0.17900000 0.02850000 -0.98340000
vn -0.18520000 0.16490000 -0.96880000
vn -0.41630000 0.14710000 -0.89720000
vn -0.30710000 0.22580000 -0.92450000
vn -0.41640000 0.40820000 -0.81240000
vn -0.30710000 0.36050000 -0.88070000
vn -0.17900000 0.55490000 -0.81250000
vn -0.18520000 0.43580000 -0.88080000
vn -0.06470000 0.99530000 0.07170000
vn 0.05450000 0.98870000 0.13950000
vn 0.05450000 0.98870000 -0.13950000
vn -0.06470000 0.99530000 -0.07170000
vn -0.17910000 0.94410000 -0.27680000
vn -0.18530000 0.97230000 -0.14250000
vn -0.41640000 0.89870000 -0.13730000
vn -0.30720000 0.94900000 -0.07090000
vn -0.41640000 0.89870000 0.13730000
vn -0.30720000 0.94900000 0.07090000
vn -0.17910000 0.94410000 0.27680000
vn -0.18530000 0.97230000 0.14250000
vn -0.06470000 0.23940000 0.96880000
vn 0.05450000 0.17280000 0.98340000
vn 0.05450000 0.43810000 0.89730000
vn -0.06470000 0.37560000 0.92450000
vn -0.17900000 0.55490000 0.81250000
vn -0.18520000 0.43580000 0.88080000
vn -0.41640000 0.40820000 0.81240000
vn -0.30710000 0.36050000 0.88070000
vn -0.41630000 0.14710000 0.89720000
vn -0.30710000 0.22580000 0.92450000
vn -0.17900000 0.02850000 0.98340000
vn -0.18520000 0.16490000 0.96880000
vn 0.18530000 0.87030000 -0.45640000
vn 0.17910000 0.92640000 -0.33110000
vn 0.41640000 0.80770000 -0.41730000
vn 0.30720000 0.80930000 -0.50060000
vn 0.41640000 0.64630000 -0.63940000
vn 0.30720000 0.72600000 -0.61530000
vn 0.17900000 0.60100000 -0.77890000
vn 0.18530000 0.70270000 -0.68690000
vn -0.05450000 0.71780000 -0.69410000
vn 0.06470000 0.76300000 -0.64310000
vn -0.05450000 0.88180000 -0.46840000
vn 0.06470000 0.84730000 -0.52720000
vn 0.18530000 0.70270000 0.68690000
vn 0.17900000 0.60100000 0.77890000
vn 0.41640000 0.64630000 0.63940000
vn 0.30720000 0.72600000 0.61530000
vn 0.41640000 0.80770000 0.41730000
vn 0.30720000 0.80930000 0.50060000
vn 0.17910000 0.92640000 0.33110000
vn 0.18530000 0.87030000 0.45640000
vn -0.05450000 0.88180000 0.46840000
vn 0.06470000 0.84730000 0.52720000
vn -0.05450000 0.71780000 0.69410000
vn 0.06470000 0.76300000 0.64310000
vn 0.18520000 -0.43580000 0.88080000
vn 0.17900000 -0.55490000 0.81250000
vn 0.41640000 -0.40820000 0.81240000
vn 0.30710000 -0.36050000 0.88070000
vn 0.41630000 -0.14710000 0.89720000
vn 0.30710000 -0.22580000 0.92450000
vn 0.17900000 -0.02850000 0.98340000
vn 0.18520000 -0.16490000 0.96880000
vn -0.05450000 -0.17280000 0.98340000
vn 0.06470000 -0.23940000 0.96880000
vn -0.05450000 -0.43810000 0.89730000
vn 0.06470000 -0.37560000 0.92450000
vn -0.06470000 -0.84730000 0.52720000
vn 0.05450000 -0.88180000 0.46840000
vn 0.05450000 -0.71780000 0.69410000
vn -0.06470000 -0.76300000 0.64310000
vn -0.17900000 -0.60100000 0.77890000
vn -0.18530000 -0.70270000 0.68690000
vn -0.41640000 -0.64630000 0.63940000
vn -0.30720000 -0.72600000 0.61530000
vn -0.41640000 -0.80770000 0.41730000
vn -0.30720000 -0.80930000 0.50060000
vn -0.17910000 -0.92640000 0.33110000
vn -0.18530000 -0.87030000 0.45640000
vn -0.78690000 -0.40190000 -0.46830000
vn -0.76440000 -0.30830000 -0.56620000
vn -0.61780000 -0.54560000 -0.56620000
vn -0.71160000 -0.52380000 -0.46830000
vn -0.61780000 -0.70700000 -0.34410000
vn -0.71160000 -0.60710000 -0.35370000
vn -0.76450000 -0.63370000 -0.11840000
vn -0.78690000 -0.56940000 -0.23770000
vn -0.90880000 -0.40010000 -0.11840000
vn -0.86140000 -0.44890000 -0.23770000
vn -0.90870000 -0.23620000 -0.34410000
vn -0.86140000 -0.36470000 -0.35360000
vn -0.78690000 0.32100000 -0.52710000
vn -0.76440000 0.44310000 -0.46830000
vn -0.61770000 0.36970000 -0.69400000
vn -0.71150000 0.28330000 -0.64300000
vn -0.61770000 0.10870000 -0.77880000
vn -0.71150000 0.14860000 -0.68680000
vn -0.76440000 -0.08320000 -0.63940000
vn -0.78680000 0.05000000 -0.61510000
vn -0.90870000 -0.01110000 -0.41720000
vn -0.86130000 0.08730000 -0.50050000
vn -0.90880000 0.25420000 -0.33100000
vn -0.86130000 0.22350000 -0.45620000
vn -0.78690000 0.60040000 0.14250000
vn -0.76450000 0.58220000 0.27680000
vn -0.61780000 0.77420000 0.13730000
vn -0.71160000 0.69900000 0.07090000
vn -0.61780000 0.77420000 -0.13730000
vn -0.71160000 0.69900000 -0.07090000
vn -0.76450000 0.58220000 -0.27680000
vn -0.78690000 0.60040000 -0.14250000
vn -0.90880000 0.39330000 -0.13950000
vn -0.86140000 0.50290000 -0.07160000
vn -0.90880000 0.39330000 0.13950000
vn -0.86140000 0.50290000 0.07160000
vn -0.78680000 0.05000000 0.61510000
vn -0.76440000 -0.08320000 0.63940000
vn -0.61770000 0.10870000 0.77880000
vn -0.71150000 0.14860000 0.68680000
vn -0.61770000 0.36970000 0.69400000
vn -0.71150000 0.28330000 0.64300000
vn -0.76440000 0.44310000 0.46830000
vn -0.78690000 0.32100000 0.52710000
vn -0.90880000 0.25420000 0.33100000
vn -0.86130000 0.22350000 0.45620000
vn -0.90870000 -0.01110000 0.41720000
vn -0.86130000 0.08730000 0.50050000
vn -0.78690000 -0.56940000 0.23770000
vn -0.76450000 -0.63370000 0.11840000
vn -0.61780000 -0.70700000 0.34410000
vn -0.71160000 -0.60710000 0.35370000
vn -0.61780000 -0.54560000 0.56620000
vn -0.71160000 -0.52380000 0.46830000
vn -0.76440000 -0.30830000 0.56620000
vn -0.78690000 -0.40190000 0.46830000
vn -0.90870000 -0.23620000 0.34410000
vn -0.86140000 -0.36470000 0.35360000
vn -0.90880000 -0.40010000 0.11840000
vn -0.86140000 -0.44890000 0.23770000
vn 0.86140000 0.44890000 -0.23770000
vn 0.90880000 0.40010000 -0.11840000
vn 0.90870000 0.23620000 -0.34410000
vn 0.86140000 0.36470000 -0.35360000
vn 0.76440000 0.30830000 -0.56620000
vn 0.78690000 0.40190000 -0.46830000
vn 0.61780000 0.54560000 -0.56620000
vn 0.71160000 0.52380000 -0.46830000
vn 0.61780000 0.70700000 -0.34410000
vn 0.71160000 0.60710000 -0.35370000
vn 0.76450000 0.63370000 -0.11840000
vn 0.78690000 0.56940000 -0.23770000
vn 0.84470000 0.52180000 -0.11940000
vn 0.69810000 0.67680000 -0.23370000
vn 0.62360000 0.63240000 -0.45960000
vn 0.69800000 0.43130000 -0.57160000
vn 0.84460000 0.27470000 -0.45960000
vn -0.84470000 -0.52180000 0.11940000
vn -0.91760000 -0.32150000 0.23370000
vn -0.84460000 -0.27470000 0.45950000
vn -0.69800000 -0.43130000 0.57160000
vn -0.62360000 -0.63240000 0.45960000
vn -0.84460000 -0.04780000 0.53330000
vn -0.91760000 0.12280000 0.37800000
vn -0.84460000 0.35200000 0.40340000
vn -0.69800000 0.41020000 0.58690000
vn -0.62350000 0.24150000 0.74360000
vn -0.84460000 0.49230000 0.21030000
vn -0.91770000 0.39740000 -0.00000000
vn -0.84460000 0.49230000 -0.21030000
vn -0.69810000 0.68480000 -0.20890000
vn -0.62360000 0.78170000 -0.00000000
vn -0.84460000 0.35200000 -0.40340000
vn -0.91760000 0.12280000 -0.37800000
vn -0.84460000 -0.04780000 -0.53330000
vn -0.69800000 0.01300000 -0.71600000
vn -0.62350000 0.24150000 -0.74360000
vn -0.84460000 -0.27470000 -0.45950000
vn -0.91760000 -0.32150000 -0.23370000
vn -0.84470000 -0.52180000 -0.11940000
vn -0.69810000 -0.67680000 -0.23370000
vn -0.62360000 -0.63240000 -0.45960000
vn -0.06280000 -0.91280000 0.40350000
vn -0.30060000 -0.87560000 0.37810000
vn -0.42050000 -0.73390000 0.53340000
vn -0.30050000 -0.63000000 0.71610000
vn -0.06280000 -0.66560000 0.74370000
vn 0.06270000 -0.50130000 0.86300000
vn -0.05480000 -0.30840000 0.94970000
vn 0.06270000 -0.10150000 0.99290000
vn 0.30050000 -0.08890000 0.94960000
vn 0.42050000 -0.28030000 0.86290000
vn 0.06280000 0.66560000 0.74370000
vn -0.05480000 0.80770000 0.58700000
vn 0.06280000 0.91280000 0.40350000
vn 0.30060000 0.87560000 0.37810000
vn 0.42050000 0.73390000 0.53340000
vn 0.06280000 0.91280000 -0.40350000
vn -0.05480000 0.80770000 -0.58700000
vn 0.06280000 0.66560000 -0.74370000
vn 0.30050000 0.63000000 -0.71610000
vn 0.42050000 0.73390000 -0.53340000
vn -0.06270000 0.10150000 0.99290000
vn -0.30050000 0.08890000 0.94960000
vn -0.42050000 0.28030000 0.86290000
vn -0.30050000 0.48610000 0.82060000
vn -0.06270000 0.50130000 0.86300000
vn -0.06280000 0.97560000 0.21030000
vn -0.30060000 0.93060000 0.20890000
vn -0.42050000 0.90730000 -0.00000000
vn -0.30060000 0.93060000 -0.20890000
vn -0.06280000 0.97560000 -0.21030000
vn -0.06270000 0.50130000 -0.86300000
vn -0.30050000 0.48610000 -0.82060000
vn -0.42050000 0.28030000 -0.86290000
vn -0.30050000 0.08890000 -0.94960000
vn -0.06270000 0.10150000 -0.99290000
vn 0.06280000 -0.97560000 -0.21030000
vn -0.05480000 -0.99850000 -0.00000000
vn 0.06280000 -0.97560000 0.21030000
vn 0.30060000 -0.93060000 0.20890000
vn 0.91760000 0.32150000 -0.23370000
vn -0.69810000 -0.67680000 0.23370000
vn -0.69800000 0.01300000 0.71600000
vn -0.69810000 0.68480000 0.20890000
vn -0.69800000 0.41020000 -0.58690000
vn -0.69800000 -0.43130000 -0.57160000
vn 0.05480000 -0.80770000 0.58700000
vn 0.30050000 -0.48610000 0.82060000
vn 0.30050000 0.63000000 0.71610000
vn 0.30060000 0.87560000 -0.37810000
vn 0.05480000 0.30840000 0.94970000
vn 0.05480000 0.99850000 -0.00000000
vn 0.05480000 0.30840000 -0.94970000
vn 0.30060000 -0.93060000 -0.20890000
vn 0.05480000 -0.80770000 -0.58700000
vn 0.30050000 -0.08890000 -0.94960000
vn 0.91760000 -0.12280000 0.37800000
vn 0.91760000 -0.12280000 -0.37800000
vn 0.91760000 0.32150000 0.23370000
vn 0.69810000 -0.68480000 -0.20890000
vn 0.84460000 -0.49230000 -0.21030000
vn 0.91770000 -0.39740000 -0.00000000
vn 0.84460000 -0.49230000 0.21030000
vn 0.69810000 -0.68480000 0.20890000
vn 0.62360000 -0.78170000 -0.00000000
vn 0.84470000 0.52180000 0.11940000
vn 0.69810000 0.67680000 0.23370000
vn 0.62360000 0.63240000 0.45960000
vn 0.69800000 0.43130000 0.57160000
vn 0.84460000 0.27470000 0.45950000
vn 0.84460000 -0.35200000 -0.40340000
vn 0.69800000 -0.41020000 -0.58690000
vn 0.62350000 -0.24150000 -0.74360000
vn 0.69800000 -0.01300000 -0.71600000
vn 0.84460000 0.04780000 -0.53330000
vn 0.84460000 0.04780000 0.53330000
vn 0.69800000 -0.01300000 0.71600000
vn 0.62350000 -0.24150000 0.74360000
vn 0.69800000 -0.41020000 0.58690000
vn 0.84460000 -0.35200000 0.40340000
vn 0.42050000 -0.28030000 -0.86290000
vn 0.30050000 -0.48610000 -0.82060000
vn 0.06270000 -0.50130000 -0.86300000
vn -0.05480000 -0.30840000 -0.94970000
vn 0.06270000 -0.10150000 -0.99290000
vn -0.06280000 -0.91280000 -0.40350000
vn -0.30060000 -0.87560000 -0.37810000
vn -0.42050000 -0.73390000 -0.53340000
vn -0.30050000 -0.63000000 -0.71610000
vn -0.06280000 -0.66560000 -0.74370000
vn 0.42050000 -0.90730000 -0.00000000
vt 0.75778800 0.05285500
vt 0.87857600 0.05285500
vt 0.57597000 0.05285500
vt 0.69675700 0.05285500
vt 0.39415200 0.05285500
vt 0.51494000 0.05285500
vt 0.21233400 0.05285500
vt 0.33312200 0.05285500
vt 0.15130400 0.05285500
vt 0.15130400 0.05285500
vt 0.93960600 0.05285500
vt 0.33376000 0.15746100
vt 0.33376000 0.15746100
vt 0.33376000 0.15746100
vt 0.30324300 0.21031500
vt 0.30324300 0.21031500
vt 0.24221300 0.21031500
vt 0.21169700 0.15746100
vt 0.21169700 0.15746100
vt 0.24221300 0.10460600
vt 0.24221300 0.10460600
vt 0.30324300 0.10460600
vt 0.12142500 0.10460600
vt 0.96948500 0.10460600
vt 0.15194100 0.15746100
vt 0.15194100 0.15746100
vt 0.15194100 0.15746100
vt 0.12142500 0.21031500
vt 0.06039500 0.21031500
vt 0.96948500 0.21031500
vt 0.93896900 0.15746100
vt 0.78766700 0.10460600
vt 0.84869700 0.10460600
vt 0.87921300 0.15746100
vt 0.87921300 0.15746100
vt 0.84869700 0.21031500
vt 0.84869700 0.21031500
vt 0.78766700 0.21031500
vt 0.75715100 0.15746100
vt 0.75715100 0.15746100
vt 0.60584800 0.10460600
vt 0.66687900 0.10460600
vt 0.69739500 0.15746100
vt 0.66687900 0.21031500
vt 0.60584900 0.21031500
vt 0.57533300 0.15746100
vt 0.57533300 0.15746100
vt 0.39351400 0.15746100
vt 0.39351400 0.15746100
vt 0.42403100 0.10460600
vt 0.42403100 0.10460600
vt 0.48506100 0.10460600
vt 0.51557700 0.15746100
vt 0.51557700 0.15746100
vt 0.48506100 0.21031500
vt 0.48506100 0.21031500
vt 0.42403100 0.21031500
vt 0.15130400 0.26206700
vt 0.21233400 0.26206700
vt 0.24285000 0.31492100
vt 0.24285000 0.31492100
vt 0.15130400 0.36777600
vt 0.21233400 0.36777600
vt 0.12078800 0.31492100
vt 0.12078800 0.31492100
vt 0.12078800 0.31492100
vt 0.87857600 0.26206700
vt 0.03051500 0.26206700
vt 0.93960600 0.26206700
vt 0.06103100 0.31492100
vt 0.06103100 0.31492100
vt 0.06103100 0.31492100
vt 0.03051600 0.36777600
vt 0.03051600 0.36777600
vt 0.87857600 0.36777600
vt 0.84805900 0.31492100
vt 0.69675800 0.26206700
vt 0.75778800 0.26206700
vt 0.78830500 0.31492100
vt 0.69675800 0.36777600
vt 0.75778800 0.36777600
vt 0.66624200 0.31492100
vt 0.51494000 0.26206700
vt 0.51494000 0.26206700
vt 0.57597000 0.26206700
vt 0.60648600 0.31492100
vt 0.60648600 0.31492100
vt 0.51494000 0.36777600
vt 0.57597000 0.36777600
vt 0.48442400 0.31492100
vt 0.48442400 0.31492100
vt 0.33312200 0.26206700
vt 0.33312200 0.26206700
vt 0.39415200 0.26206700
vt 0.39415200 0.26206700
vt 0.39415200 0.26206700
vt 0.42466800 0.31492100
vt 0.42466800 0.31492100
vt 0.33312200 0.36777600
vt 0.39415200 0.36777600
vt 0.30260600 0.31492100
vt 0.30260600 0.31492100
vt 0.12142500 0.41952700
vt 0.12142500 0.41952700
vt 0.24221300 0.41952700
vt 0.30324300 0.41952700
vt 0.30324300 0.41952700
vt 0.42403100 0.41952700
vt 0.48506100 0.41952700
vt 0.60584800 0.41952700
vt 0.66687900 0.41952700
vt 0.78766600 0.41952700
vt 0.06039400 0.41952700
vt 0.84869700 0.41952700
vt 0.33376000 0.15746100
vt 0.30324300 0.10460600
vt 0.33312200 0.05285500
vt 0.39415200 0.05285500
vt 0.42403100 0.10460600
vt 0.39351400 0.15746100
vt 0.69675700 0.05285500
vt 0.75778800 0.05285500
vt 0.78766700 0.10460600
vt 0.75715100 0.15746100
vt 0.69739500 0.15746100
vt 0.66687900 0.10460600
vt 0.15130400 0.05285500
vt 0.21233400 0.05285500
vt 0.24221300 0.10460600
vt 0.21169700 0.15746100
vt 0.15194100 0.15746100
vt 0.12142500 0.10460600
vt 0.51494000 0.05285500
vt 0.57597000 0.05285500
vt 0.60584800 0.10460600
vt 0.57533300 0.15746100
vt 0.51557700 0.15746100
vt 0.48506100 0.10460600
vt 0.12142500 0.21031500
vt 0.15194100 0.15746100
vt 0.21169700 0.15746100
vt 0.24221300 0.21031500
vt 0.21233400 0.26206700
vt 0.15130400 0.26206700
vt 0.24221300 0.21031500
vt 0.30324300 0.21031500
vt 0.33312200 0.26206700
vt 0.30260600 0.31492100
vt 0.24285000 0.31492100
vt 0.21233400 0.26206700
vt 0.30324300 0.21031500
vt 0.33376000 0.15746100
vt 0.39351400 0.15746100
vt 0.42403100 0.21031500
vt 0.39415200 0.26206700
vt 0.33312200 0.26206700
vt 0.06039500 0.21031500
vt 0.12142500 0.21031500
vt 0.15130400 0.26206700
vt 0.12078800 0.31492100
vt 0.06103100 0.31492100
vt 0.03051500 0.26206700
vt 0.78766700 0.21031500
vt 0.84869700 0.21031500
vt 0.87857600 0.26206700
vt 0.84805900 0.31492100
vt 0.78830500 0.31492100
vt 0.75778800 0.26206700
vt 0.60584900 0.21031500
vt 0.66687900 0.21031500
vt 0.69675800 0.26206700
vt 0.66624200 0.31492100
vt 0.60648600 0.31492100
vt 0.57597000 0.26206700
vt 0.84869700 0.21031500
vt 0.87921300 0.15746100
vt 0.93896900 0.15746100
vt 0.96948500 0.21031500
vt 0.93960600 0.26206700
vt 0.87857600 0.26206700
vt 0.66687900 0.21031500
vt 0.69739500 0.15746100
vt 0.75715100 0.15746100
vt 0.78766700 0.21031500
vt 0.75778800 0.26206700
vt 0.69675800 0.26206700
vt 0.48506100 0.21031500
vt 0.51557700 0.15746100
vt 0.57533300 0.15746100
vt 0.60584900 0.21031500
vt 0.57597000 0.26206700
vt 0.51494000 0.26206700
vt 0.42403100 0.21031500
vt 0.48506100 0.21031500
vt 0.51494000 0.26206700
vt 0.48442400 0.31492100
vt 0.42466800 0.31492100
vt 0.39415200 0.26206700
vt 0.21233400 0.36777600
vt 0.24285000 0.31492100
vt 0.30260600 0.31492100
vt 0.33312200 0.36777600
vt 0.30324300 0.41952700
vt 0.24221300 0.41952700
vt 0.03051600 0.36777600
vt 0.06103100 0.31492100
vt 0.12078800 0.31492100
vt 0.15130400 0.36777600
vt 0.12142500 0.41952700
vt 0.06039400 0.41952700
vt 0.75778800 0.36777600
vt 0.78830500 0.31492100
vt 0.84805900 0.31492100
vt 0.87857600 0.36777600
vt 0.84869700 0.41952700
vt 0.78766600 0.41952700
vt 0.57597000 0.36777600
vt 0.60648600 0.31492100
vt 0.66624200 0.31492100
vt 0.69675800 0.36777600
vt 0.66687900 0.41952700
vt 0.60584800 0.41952700
vt 0.39415200 0.36777600
vt 0.42466800 0.31492100
vt 0.48442400 0.31492100
vt 0.51494000 0.36777600
vt 0.48506100 0.41952700
vt 0.42403100 0.41952700
vt 0.87857600 0.05285500
vt 0.69675700 0.05285500
vt 0.51494000 0.05285500
vt 0.33312200 0.05285500
vt 0.15130400 0.05285500
vt 0.33376000 0.15746100
vt 0.30324300 0.21031500
vt 0.24221300 0.21031500
vt 0.21169700 0.15746100
vt 0.24221300 0.10460600
vt 0.96948500 0.10460600
vt 0.15194100 0.15746100
vt 0.12142500 0.21031500
vt 0.06039500 0.21031500
vt 0.93896900 0.15746100
vt 0.78766700 0.10460600
vt 0.87921300 0.15746100
vt 0.84869700 0.21031500
vt 0.78766700 0.21031500
vt 0.75715100 0.15746100
vt 0.60584800 0.10460600
vt 0.69739500 0.15746100
vt 0.66687900 0.21031500
vt 0.60584900 0.21031500
vt 0.57533300 0.15746100
vt 0.39351400 0.15746100
vt 0.42403100 0.10460600
vt 0.51557700 0.15746100
vt 0.48506100 0.21031500
vt 0.42403100 0.21031500
vt 0.15130400 0.26206700
vt 0.21233400 0.26206700
vt 0.24285000 0.31492100
vt 0.21233400 0.36777600
vt 0.12078800 0.31492100
vt 0.87857600 0.26206700
vt 0.93960600 0.26206700
vt 0.06103100 0.31492100
vt 0.03051600 0.36777600
vt 0.84805900 0.31492100
vt 0.69675800 0.26206700
vt 0.75778800 0.26206700
vt 0.78830500 0.31492100
vt 0.75778800 0.36777600
vt 0.66624200 0.31492100
vt 0.51494000 0.26206700
vt 0.57597000 0.26206700
vt 0.60648600 0.31492100
vt 0.57597000 0.36777600
vt 0.48442400 0.31492100
vt 0.33312200 0.26206700
vt 0.39415200 0.26206700
vt 0.42466800 0.31492100
vt 0.39415200 0.36777600
vt 0.30260600 0.31492100
vt 0.12142500 0.41952700
vt 0.30324300 0.41952700
vt 0.48506100 0.41952700
vt 0.66687900 0.41952700
vt 0.84869700 0.41952700
vt 0.87857600 0.05285500
vt 0.93960600 0.05285500
vt 0.96948500 0.10460600
vt 0.93896900 0.15746100
vt 0.87921300 0.15746100
vt 0.84869700 0.10460600
vt 0.36363700 0.10497400
vt 0.72727300 0.10497400
vt 0.18181900 0.10497400
vt 0.54545500 0.10497400
vt 0.18181900 0.20994800
vt 0.27272800 0.26243400
vt 0.36363700 0.20994800
vt 0.09091000 0.26243400
vt 0.81818200 0.26243400
vt 0.63636400 0.26243400
vt 0.90909100 0.20994800
vt 0.72727300 0.20994800
vt 0.54545500 0.20994800
vt 0.45454600 0.26243400
vt 0.27272800 0.36740800
vt 0.09091000 0.36740800
vt 0.81818200 0.36740800
vt 0.63636400 0.36740800
vt 0.45454600 0.36740800
vt 0.90909100 0.10497400
vt 0.31341500 0.12222400
vt 0.32358800 0.13984300
vt 0.32316200 0.07010500
vt 0.31320300 0.08735600
vt 0.37380900 0.05285500
vt 0.35346500 0.05285500
vt 0.41407100 0.08735600
vt 0.40411200 0.07010500
vt 0.40368600 0.13984300
vt 0.41385900 0.12222400
vt 0.35367800 0.15746100
vt 0.37359600 0.15746100
vt 0.73744500 0.05285500
vt 0.71710100 0.05285500
vt 0.77770700 0.08735600
vt 0.76774800 0.07010500
vt 0.76732300 0.13984300
vt 0.77749500 0.12222500
vt 0.71731400 0.15746100
vt 0.73723200 0.15746100
vt 0.67705100 0.12222400
vt 0.68722300 0.13984300
vt 0.68679800 0.07010500
vt 0.67683900 0.08735600
vt 0.19199100 0.05285500
vt 0.17164700 0.05285500
vt 0.23225300 0.08735600
vt 0.22229400 0.07010500
vt 0.22186900 0.13984300
vt 0.23204100 0.12222400
vt 0.17186000 0.15746100
vt 0.19177800 0.15746100
vt 0.13159700 0.12222400
vt 0.14176900 0.13984300
vt 0.14134400 0.07010500
vt 0.13138500 0.08735600
vt 0.55562700 0.05285500
vt 0.53528300 0.05285500
vt 0.59588900 0.08735600
vt 0.58593000 0.07010500
vt 0.58550500 0.13984300
vt 0.59567700 0.12222400
vt 0.53549600 0.15746100
vt 0.55541400 0.15746100
vt 0.49523300 0.12222400
vt 0.50540500 0.13984300
vt 0.50498000 0.07010500
vt 0.49502100 0.08735600
vt 0.14176900 0.17507900
vt 0.13159700 0.19269700
vt 0.19177800 0.15746100
vt 0.17186000 0.15746100
vt 0.23204100 0.19269700
vt 0.22186900 0.17507900
vt 0.22229400 0.24481600
vt 0.23225300 0.22756600
vt 0.17164700 0.26206700
vt 0.19199100 0.26206700
vt 0.13138500 0.22756600
vt 0.14134400 0.24481600
vt 0.28290000 0.21031500
vt 0.26255600 0.21031500
vt 0.32316200 0.24481600
vt 0.31320300 0.22756600
vt 0.31277800 0.29730300
vt 0.32295000 0.27968500
vt 0.26276900 0.31492100
vt 0.28268700 0.31492100
vt 0.22250600 0.27968500
vt 0.23267800 0.29730300
vt 0.23225300 0.22756600
vt 0.22229400 0.24481600
vt 0.32358700 0.17507900
vt 0.31341500 0.19269700
vt 0.37359600 0.15746100
vt 0.35367800 0.15746100
vt 0.41385900 0.19269700
vt 0.40368700 0.17507900
vt 0.40411200 0.24481600
vt 0.41407100 0.22756600
vt 0.35346500 0.26206700
vt 0.37380900 0.26206700
vt 0.31320300 0.22756600
vt 0.32316200 0.24481600
vt 0.10108200 0.21031500
vt 0.08073800 0.21031500
vt 0.14134400 0.24481600
vt 0.13138500 0.22756600
vt 0.13096000 0.29730300
vt 0.14113200 0.27968500
vt 0.08095000 0.31492100
vt 0.10086900 0.31492100
vt 0.04068700 0.27968500
vt 0.05085900 0.29730300
vt 0.05043500 0.22756600
vt 0.04047500 0.24481600
vt 0.82835400 0.21031500
vt 0.80801000 0.21031500
vt 0.86861600 0.24481600
vt 0.85865700 0.22756600
vt 0.85823100 0.29730300
vt 0.86840400 0.27968500
vt 0.80822300 0.31492100
vt 0.82814100 0.31492100
vt 0.76796000 0.27968500
vt 0.77813200 0.29730300
vt 0.77770700 0.22756600
vt 0.76774800 0.24481600
vt 0.64653600 0.21031500
vt 0.62619200 0.21031500
vt 0.68679800 0.24481600
vt 0.67683900 0.22756600
vt 0.67641400 0.29730300
vt 0.68658600 0.27968500
vt 0.62640500 0.31492100
vt 0.64632300 0.31492100
vt 0.58614200 0.27968500
vt 0.59631400 0.29730300
vt 0.59588900 0.22756600
vt 0.58593000 0.24481600
vt 0.86904100 0.17507900
vt 0.85886900 0.19269700
vt 0.91905000 0.15746100
vt 0.89913200 0.15746100
vt 0.95931300 0.19269700
vt 0.94914100 0.17507900
vt 0.94956600 0.24481600
vt 0.95952500 0.22756600
vt 0.89891900 0.26206700
vt 0.91926300 0.26206700
vt 0.85865700 0.22756600
vt 0.86861600 0.24481600
vt 0.68722300 0.17507900
vt 0.67705100 0.19269700
vt 0.73723200 0.15746100
vt 0.71731400 0.15746100
vt 0.77749500 0.19269700
vt 0.76732300 0.17507900
vt 0.76774800 0.24481600
vt 0.77770700 0.22756600
vt 0.71710100 0.26206700
vt 0.73744500 0.26206700
vt 0.67683900 0.22756600
vt 0.68679800 0.24481600
vt 0.50540500 0.17507900
vt 0.49523300 0.19269700
vt 0.55541400 0.15746100
vt 0.53549600 0.15746100
vt 0.59567700 0.19269700
vt 0.58550500 0.17507900
vt 0.58593000 0.24481600
vt 0.59588900 0.22756600
vt 0.53528300 0.26206700
vt 0.55562700 0.26206700
vt 0.49502100 0.22756600
vt 0.50498000 0.24481600
vt 0.46471800 0.21031500
vt 0.44437400 0.21031500
vt 0.50498000 0.24481600
vt 0.49502100 0.22756600
vt 0.49459600 0.29730300
vt 0.50476800 0.27968500
vt 0.44458700 0.31492100
vt 0.46450500 0.31492100
vt 0.40432400 0.27968500
vt 0.41449600 0.29730300
vt 0.41407100 0.22756600
vt 0.40411200 0.24481600
vt 0.23267800 0.33253900
vt 0.22250600 0.35015800
vt 0.28268700 0.31492100
vt 0.26276900 0.31492100
vt 0.32295000 0.35015700
vt 0.31277800 0.33253900
vt 0.31320300 0.40227700
vt 0.32316200 0.38502600
vt 0.26255600 0.41952700
vt 0.28290000 0.41952700
vt 0.22229400 0.38502600
vt 0.23225300 0.40227700
vt 0.05086000 0.33253900
vt 0.04068800 0.35015800
vt 0.10086900 0.31492100
vt 0.08095000 0.31492100
vt 0.14113200 0.35015800
vt 0.13096000 0.33253900
vt 0.13138500 0.40227700
vt 0.14134400 0.38502600
vt 0.08073800 0.41952700
vt 0.10108200 0.41952700
vt 0.04047500 0.38502600
vt 0.05043500 0.40227700
vt 0.77813200 0.33253900
vt 0.76796000 0.35015800
vt 0.82814100 0.31492100
vt 0.80822300 0.31492100
vt 0.86840300 0.35015800
vt 0.85823100 0.33253900
vt 0.85865700 0.40227700
vt 0.86861600 0.38502600
vt 0.80801000 0.41952700
vt 0.82835400 0.41952700
vt 0.76774800 0.38502600
vt 0.77770700 0.40227700
vt 0.59631400 0.33253900
vt 0.58614200 0.35015800
vt 0.64632300 0.31492100
vt 0.62640500 0.31492100
vt 0.68658600 0.35015800
vt 0.67641400 0.33253900
vt 0.67683900 0.40227700
vt 0.68679800 0.38502600
vt 0.62619200 0.41952700
vt 0.64653600 0.41952700
vt 0.58593000 0.38502600
vt 0.59588900 0.40227700
vt 0.41449600 0.33253900
vt 0.40432400 0.35015700
vt 0.46450500 0.31492100
vt 0.44458700 0.31492100
vt 0.50476800 0.35015800
vt 0.49459600 0.33253900
vt 0.49502100 0.40227700
vt 0.50498000 0.38502600
vt 0.44437400 0.41952700
vt 0.46471800 0.41952700
vt 0.40411200 0.38502600
vt 0.41407100 0.40227700
vt 0.75736400 0.05285500
vt 0.81797000 0.05285500
vt 0.57554600 0.05285500
vt 0.63615200 0.05285500
vt 0.39372800 0.05285500
vt 0.45433400 0.05285500
vt 0.21191000 0.05285500
vt 0.27251600 0.05285500
vt 0.63615200 0.05285500
vt 0.39372800 0.05285500
vt 0.31341500 0.19269700
vt 0.32358700 0.17507900
vt 0.26255600 0.21031500
vt 0.28290000 0.21031500
vt 0.22186900 0.17507900
vt 0.23204100 0.19269700
vt 0.23204100 0.12222400
vt 0.22186900 0.13984300
vt 0.30324400 0.13984300
vt 0.27272800 0.12222400
vt 0.42445600 0.13984300
vt 0.69697000 0.12222400
vt 0.13159700 0.19269700
vt 0.14176900 0.17507900
vt 0.08073800 0.21031500
vt 0.10108200 0.21031500
vt 0.64611100 0.17507900
vt 0.35325300 0.19269700
vt 0.95931300 0.12222400
vt 0.94914100 0.13984300
vt 0.84869700 0.13984300
vt 0.81818200 0.12222500
vt 0.85886900 0.19269700
vt 0.86904100 0.17507900
vt 0.80801000 0.21031500
vt 0.82835400 0.21031500
vt 0.76732300 0.17507900
vt 0.77749500 0.19269700
vt 0.77749500 0.12222500
vt 0.76732300 0.13984300
vt 0.66687900 0.13984300
vt 0.63636400 0.12222400
vt 0.67705100 0.19269700
vt 0.68722300 0.17507900
vt 0.62619200 0.21031500
vt 0.64653600 0.21031500
vt 0.58550500 0.17507900
vt 0.59567700 0.19269700
vt 0.59567700 0.12222400
vt 0.58550500 0.13984300
vt 0.41385800 0.12222400
vt 0.40368600 0.13984300
vt 0.48506200 0.13984300
vt 0.45454600 0.12222400
vt 0.49523300 0.19269700
vt 0.50540500 0.17507900
vt 0.44437400 0.21031500
vt 0.46471800 0.21031500
vt 0.40368600 0.17507900
vt 0.41385900 0.19269700
vt 0.19199100 0.26206700
vt 0.17164700 0.26206700
vt 0.23267800 0.29730300
vt 0.22250600 0.27968500
vt 0.22250600 0.35015800
vt 0.23267800 0.33253900
vt 0.15130300 0.33253900
vt 0.18181900 0.35015800
vt 0.14113200 0.27968500
vt 0.13096000 0.29730300
vt 0.91926300 0.26206700
vt 0.89891900 0.26206700
vt 0.35389000 0.29730300
vt 0.64674800 0.27968500
vt 0.04068800 0.35015800
vt 0.05086000 0.33253900
vt 0.57554500 0.33253900
vt 0.30303000 0.35015800
vt 0.86840400 0.27968500
vt 0.85823200 0.29730300
vt 0.73744500 0.26206700
vt 0.71710100 0.26206700
vt 0.77813200 0.29730300
vt 0.76796000 0.27968500
vt 0.76796000 0.35015800
vt 0.77813200 0.33253900
vt 0.69675700 0.33253900
vt 0.72727300 0.35015800
vt 0.68658600 0.27968500
vt 0.67641400 0.29730300
vt 0.55562700 0.26206700
vt 0.53528300 0.26206700
vt 0.59631400 0.29730300
vt 0.58614200 0.27968500
vt 0.58614200 0.35015800
vt 0.59631400 0.33253900
vt 0.51494000 0.33253900
vt 0.54545500 0.35015800
vt 0.50476800 0.27968500
vt 0.49459600 0.29730300
vt 0.37380900 0.26206700
vt 0.35346500 0.26206700
vt 0.41449600 0.29730300
vt 0.40432400 0.27968500
vt 0.40432400 0.35015700
vt 0.41449600 0.33253900
vt 0.33312200 0.33253900
vt 0.36363700 0.35015700
vt 0.32295000 0.27968500
vt 0.31277800 0.29730300
vt 0.24263700 0.41952700
vt 0.18203100 0.41952700
vt 0.42445500 0.41952700
vt 0.36384900 0.41952700
vt 0.60627300 0.41952700
vt 0.54566700 0.41952700
vt 0.78809100 0.41952700
vt 0.72748500 0.41952700
vt 0.36384900 0.41952700
vt 0.60627300 0.41952700
vt 0.91926300 0.05285500
vt 0.89891900 0.05285500
vt 0.95952500 0.08735600
vt 0.94956600 0.07010500
vt 0.94914100 0.13984300
vt 0.95931300 0.12222400
vt 0.89913100 0.15746100
vt 0.91905000 0.15746100
vt 0.85886900 0.12222500
vt 0.86904100 0.13984300
vt 0.86861600 0.07010500
vt 0.85865700 0.08735600
vt 0.35367800 0.12247000
vt 0.34371900 0.13996500
vt 0.32337500 0.10472900
vt 0.34350600 0.10485100
vt 0.34329300 0.07022800
vt 0.35346500 0.08760100
vt 0.38398100 0.07022800
vt 0.37380900 0.08760100
vt 0.40389900 0.10472900
vt 0.38376800 0.10485100
vt 0.38355500 0.13996500
vt 0.37359600 0.12247000
vt 0.71710100 0.08760100
vt 0.70692900 0.07022800
vt 0.74761600 0.07022800
vt 0.73744500 0.08760100
vt 0.76753600 0.10472900
vt 0.74740400 0.10485100
vt 0.74719200 0.13996500
vt 0.73723300 0.12247000
vt 0.70735400 0.13996500
vt 0.71731400 0.12247000
vt 0.68701100 0.10472900
vt 0.70714200 0.10485100
vt 0.17164700 0.08760100
vt 0.16147500 0.07022800
vt 0.20216300 0.07022800
vt 0.19199100 0.08760100
vt 0.22208100 0.10472900
vt 0.20195000 0.10485100
vt 0.20173800 0.13996500
vt 0.19177800 0.12247000
vt 0.16190000 0.13996500
vt 0.17186000 0.12247000
vt 0.14155700 0.10472900
vt 0.16168800 0.10485100
vt 0.53528300 0.08760100
vt 0.52511100 0.07022800
vt 0.56579900 0.07022800
vt 0.55562700 0.08760100
vt 0.58571700 0.10472900
vt 0.56558600 0.10485100
vt 0.56537400 0.13996500
vt 0.55541400 0.12247000
vt 0.52553600 0.13996500
vt 0.53549600 0.12247000
vt 0.50519300 0.10472900
vt 0.52532400 0.10485100
vt 0.16168800 0.21007000
vt 0.14155700 0.21019300
vt 0.16190000 0.17495700
vt 0.17186000 0.19245200
vt 0.20173800 0.17495700
vt 0.19177800 0.19245200
vt 0.22208200 0.21019300
vt 0.20195000 0.21007000
vt 0.20216200 0.24469400
vt 0.19199100 0.22732100
vt 0.16147500 0.24469400
vt 0.17164700 0.22732100
vt 0.26255600 0.24506100
vt 0.25238500 0.22768800
vt 0.29307100 0.22768800
vt 0.28290000 0.24506100
vt 0.31299000 0.26218900
vt 0.29285900 0.26231200
vt 0.29264700 0.29742500
vt 0.28268700 0.27993000
vt 0.25280900 0.29742500
vt 0.26276900 0.27993000
vt 0.23246500 0.26218900
vt 0.25259700 0.26231200
vt 0.34350600 0.21007000
vt 0.32337400 0.21019300
vt 0.34371900 0.17495700
vt 0.35367800 0.19245200
vt 0.38355500 0.17495700
vt 0.37359600 0.19245200
vt 0.40389900 0.21019300
vt 0.38376800 0.21007000
vt 0.38398000 0.24469400
vt 0.37380900 0.22732100
vt 0.34329400 0.24469400
vt 0.35346500 0.22732100
vt 0.08073800 0.24506100
vt 0.07056600 0.22768800
vt 0.11125300 0.22768800
vt 0.10108100 0.24506100
vt 0.13117200 0.26218900
vt 0.11104100 0.26231200
vt 0.11082800 0.29742500
vt 0.10086900 0.27993000
vt 0.07099100 0.29742500
vt 0.08095000 0.27993000
vt 0.05064700 0.26218900
vt 0.07077800 0.26231200
vt 0.80801000 0.24506100
vt 0.79783900 0.22768800
vt 0.83852500 0.22768800
vt 0.82835400 0.24506100
vt 0.85844400 0.26218900
vt 0.83831300 0.26231200
vt 0.83810000 0.29742500
vt 0.82814100 0.27993000
vt 0.79826400 0.29742500
vt 0.80822300 0.27993000
vt 0.77791900 0.26218900
vt 0.79805100 0.26231200
vt 0.62619200 0.24506100
vt 0.61602000 0.22768800
vt 0.65670700 0.22768800
vt 0.64653600 0.24506100
vt 0.67662700 0.26218900
vt 0.65649500 0.26231200
vt 0.65628300 0.29742500
vt 0.64632300 0.27993000
vt 0.61644500 0.29742500
vt 0.62640500 0.27993000
vt 0.59610200 0.26218900
vt 0.61623300 0.26231200
vt 0.88896000 0.21007000
vt 0.86882800 0.21019300
vt 0.88917200 0.17495700
vt 0.89913200 0.19245200
vt 0.92901000 0.17495700
vt 0.91905000 0.19245200
vt 0.94935400 0.21019300
vt 0.92922200 0.21007000
vt 0.92943400 0.24469400
vt 0.91926300 0.22732100
vt 0.88874700 0.24469400
vt 0.89891900 0.22732100
vt 0.70714200 0.21007000
vt 0.68701000 0.21019300
vt 0.70735400 0.17495700
vt 0.71731300 0.19245200
vt 0.74719200 0.17495700
vt 0.73723200 0.19245200
vt 0.76753500 0.21019300
vt 0.74740400 0.21007000
vt 0.74761600 0.24469400
vt 0.73744500 0.22732100
vt 0.70693000 0.24469400
vt 0.71710100 0.22732100
vt 0.52532400 0.21007000
vt 0.50519200 0.21019300
vt 0.52553600 0.17495700
vt 0.53549600 0.19245200
vt 0.56537400 0.17495700
vt 0.55541400 0.19245200
vt 0.58571700 0.21019300
vt 0.56558600 0.21007000
vt 0.56579800 0.24469400
vt 0.55562700 0.22732100
vt 0.52511200 0.24469400
vt 0.53528300 0.22732100
vt 0.44437400 0.24506100
vt 0.43420300 0.22768800
vt 0.47488900 0.22768800
vt 0.46471800 0.24506100
vt 0.49480900 0.26218900
vt 0.47467700 0.26231200
vt 0.47446500 0.29742500
vt 0.46450500 0.27993000
vt 0.43462700 0.29742500
vt 0.44458700 0.27993000
vt 0.41428300 0.26218900
vt 0.43441500 0.26231200
vt 0.25259700 0.36753100
vt 0.23246600 0.36765300
vt 0.25280900 0.33241700
vt 0.26276900 0.34991200
vt 0.29264700 0.33241700
vt 0.28268800 0.34991200
vt 0.31299100 0.36765300
vt 0.29285900 0.36753000
vt 0.29307200 0.40215400
vt 0.28290000 0.38478100
vt 0.25238400 0.40215400
vt 0.26255600 0.38478100
vt 0.07077800 0.36753100
vt 0.05064700 0.36765300
vt 0.07099100 0.33241700
vt 0.08095000 0.34991200
vt 0.11082800 0.33241700
vt 0.10086900 0.34991200
vt 0.13117200 0.36765300
vt 0.11104100 0.36753100
vt 0.11125400 0.40215400
vt 0.10108200 0.38478100
vt 0.07056600 0.40215400
vt 0.08073800 0.38478100
vt 0.79805100 0.36753100
vt 0.77792000 0.36765300
vt 0.79826400 0.33241700
vt 0.80822300 0.34991200
vt 0.83810000 0.33241700
vt 0.82814100 0.34991200
vt 0.85844400 0.36765300
vt 0.83831300 0.36753100
vt 0.83852600 0.40215400
vt 0.82835400 0.38478100
vt 0.79783800 0.40215400
vt 0.80801000 0.38478100
vt 0.61623300 0.36753100
vt 0.59610200 0.36765300
vt 0.61644500 0.33241700
vt 0.62640500 0.34991200
vt 0.65628300 0.33241700
vt 0.64632300 0.34991200
vt 0.67662600 0.36765300
vt 0.65649500 0.36753100
vt 0.65670800 0.40215400
vt 0.64653600 0.38478100
vt 0.61602000 0.40215400
vt 0.62619200 0.38478100
vt 0.43441500 0.36753000
vt 0.41428300 0.36765300
vt 0.43462700 0.33241700
vt 0.44458600 0.34991200
vt 0.47446500 0.33241700
vt 0.46450500 0.34991200
vt 0.49480800 0.36765300
vt 0.47467700 0.36753100
vt 0.47489000 0.40215400
vt 0.46471800 0.38478100
vt 0.43420200 0.40215400
vt 0.44437400 0.38478100
vt 0.89891900 0.08760100
vt 0.88874700 0.07022800
vt 0.92943500 0.07022800
vt 0.91926300 0.08760100
vt 0.94935300 0.10472900
vt 0.92922200 0.10485100
vt 0.92901000 0.13996500
vt 0.91905000 0.12247000
vt 0.88917200 0.13996500
vt 0.89913100 0.12247000
vt 0.86882800 0.10472900
vt 0.88896000 0.10485100
vt 0.87878800 0.08747800
vt 0.87900000 0.12234700
vt 0.90909100 0.13996500
vt 0.93918200 0.12234700
vt 0.93939400 0.08747800
vt 0.42424300 0.38490400
vt 0.45454600 0.40215400
vt 0.48484900 0.38490400
vt 0.48463700 0.35003500
vt 0.45454600 0.33241700
vt 0.60606100 0.38490400
vt 0.63636400 0.40215400
vt 0.66666700 0.38490400
vt 0.66645400 0.35003500
vt 0.63636400 0.33241700
vt 0.78787900 0.38490400
vt 0.81818200 0.40215400
vt 0.84848500 0.38490400
vt 0.84827200 0.35003500
vt 0.81818200 0.33241700
vt 0.06060700 0.38490400
vt 0.09091000 0.40215400
vt 0.12121300 0.38490400
vt 0.12100000 0.35003500
vt 0.09091000 0.33241700
vt 0.24242500 0.38490400
vt 0.27272800 0.40215400
vt 0.30303100 0.38490400
vt 0.30281900 0.35003500
vt 0.27272800 0.33241700
vt 0.42424300 0.24493900
vt 0.42445500 0.27980700
vt 0.45454600 0.29742500
vt 0.48463700 0.27980700
vt 0.48484900 0.24493900
vt 0.51515200 0.22744300
vt 0.54545500 0.24469400
vt 0.57575800 0.22744300
vt 0.57554500 0.19257500
vt 0.54545500 0.17495700
vt 0.69697000 0.22744300
vt 0.72727300 0.24469400
vt 0.75757600 0.22744300
vt 0.75736400 0.19257500
vt 0.72727300 0.17495700
vt 0.87878800 0.22744300
vt 0.90909100 0.24469400
vt 0.93939400 0.22744300
vt 0.93918200 0.19257500
vt 0.90909100 0.17495700
vt 0.60606100 0.24493900
vt 0.60627300 0.27980700
vt 0.63636400 0.29742500
vt 0.66645500 0.27980700
vt 0.66666700 0.24493900
vt 0.78787900 0.24493900
vt 0.78809200 0.27980700
vt 0.81818200 0.29742500
vt 0.84827200 0.27980700
vt 0.84848500 0.24493900
vt 0.06060700 0.24493900
vt 0.06081900 0.27980700
vt 0.09091000 0.29742500
vt 0.12100000 0.27980700
vt 0.12121300 0.24493900
vt 0.33333400 0.22744300
vt 0.36363700 0.24469400
vt 0.39394000 0.22744300
vt 0.39372700 0.19257500
vt 0.90909100 0.07022800
vt 0.42445500 0.35003500
vt 0.60627400 0.35003500
vt 0.78809200 0.35003500
vt 0.06081900 0.35003500
vt 0.24263700 0.35003500
vt 0.45454600 0.22768800
vt 0.51536400 0.19257500
vt 0.69718200 0.19257500
vt 0.87900000 0.19257500
vt 0.63636400 0.22768800
vt 0.81818200 0.22768800
vt 0.09091000 0.22768800
vt 0.33354700 0.19257500
vt 0.27272800 0.22768800
vt 0.15172900 0.19257500
vt 0.54545500 0.07022800
vt 0.18181900 0.07022800
vt 0.72727300 0.07022800
vt 0.33354700 0.12234700
vt 0.33333400 0.08747800
vt 0.36363700 0.07022800
vt 0.39394000 0.08747800
vt 0.39372700 0.12234700
vt 0.36363700 0.13996500
vt 0.75757600 0.08747800
vt 0.75736400 0.12234700
vt 0.72727300 0.13996500
vt 0.69718200 0.12234700
vt 0.69697000 0.08747800
vt 0.21212200 0.08747800
vt 0.21190900 0.12234700
vt 0.18181900 0.13996500
vt 0.15172900 0.12234700
vt 0.15151600 0.08747800
vt 0.57575800 0.08747800
vt 0.57554500 0.12234700
vt 0.54545500 0.13996500
vt 0.51536500 0.12234700
vt 0.51515200 0.08747800
vt 0.18181900 0.17495700
vt 0.21191000 0.19257500
vt 0.21212200 0.22744300
vt 0.18181900 0.24469400
vt 0.15151600 0.22744300
vt 0.30303100 0.24493900
vt 0.30281900 0.27980700
vt 0.27272800 0.29742500
vt 0.24263700 0.27980700
vt 0.24242500 0.24493900
vt 0.36363700 0.17495700
f 152/152/152 390/390/390 749/749/749
f 150/150/150 386/386/386 745/745/745
f 149/149/149 384/384/384 743/743/743
f 148/148/148 382/382/382 741/741/741
f 147/147/147 380/380/380 739/739/739
f 146/146/146 378/378/378 737/737/737
f 144/144/144 374/374/374 733/733/733
f 143/143/143 372/372/372 731/731/731
f 142/142/142 370/370/370 729/729/729
f 141/141/141 368/368/368 727/727/727
f 140/140/140 366/366/366 725/725/725
f 138/138/138 362/362/362 721/721/721
f 137/137/137 360/360/360 719/719/719
f 136/136/136 358/358/358 717/717/717
f 135/135/135 356/356/356 715/715/715
f 134/134/134 354/354/354 713/713/713
f 132/132/132 350/350/350 709/709/709
f 131/131/131 348/348/348 707/707/707
f 130/130/130 346/346/346 705/705/705
f 129/129/129 344/344/344 703/703/703
f 128/128/128 342/342/342 701/701/701
f 126/126/126 338/338/338 697/697/697
f 125/125/125 336/336/336 695/695/695
f 124/124/124 334/334/334 693/693/693
f 123/123/123 332/332/332 691/691/691
f 122/122/122 330/330/330 689/689/689
f 120/120/120 326/326/326 685/685/685
f 119/119/119 324/324/324 683/683/683
f 118/118/118 322/322/322 681/681/681
f 117/117/117 320/320/320 679/679/679
f 116/116/116 318/318/318 677/677/677
f 115/115/115 316/316/316 676/676/676
f 121/121/121 328/328/328 688/688/688
f 13/13/13 22/22/22 116/116/116
f 116/116/116 315/315/315 316/316/316
f 316/316/316 115/115/115 13/13/13
f 116/116/116 316/316/316 13/13/13
f 22/22/22 8/8/8 117/117/117
f 117/117/117 317/317/317 318/318/318
f 318/318/318 116/116/116 22/22/22
f 117/117/117 318/318/318 22/22/22
f 8/8/8 5/5/5 118/118/118
f 118/118/118 319/319/319 320/320/320
f 320/320/320 117/117/117 8/8/8
f 118/118/118 320/320/320 8/8/8
f 5/5/5 50/50/50 119/119/119
f 119/119/119 321/321/321 322/322/322
f 322/322/322 118/118/118 5/5/5
f 119/119/119 322/322/322 5/5/5
f 50/50/50 49/49/49 120/120/120
f 120/120/120 323/323/323 324/324/324
f 324/324/324 119/119/119 50/50/50
f 120/120/120 324/324/324 50/50/50
f 49/49/49 13/13/13 115/115/115
f 115/115/115 325/325/325 326/326/326
f 326/326/326 120/120/120 49/49/49
f 115/115/115 326/326/326 49/49/49
f 127/127/127 340/340/340 700/700/700
f 4/4/4 1/1/1 122/122/122
f 122/122/122 327/327/327 328/328/328
f 328/328/328 121/121/121 4/4/4
f 122/122/122 328/328/328 4/4/4
f 1/1/1 32/32/32 123/123/123
f 123/123/123 329/329/329 330/330/330
f 330/330/330 122/122/122 1/1/1
f 123/123/123 330/330/330 1/1/1
f 32/32/32 39/39/39 124/124/124
f 124/124/124 331/331/331 332/332/332
f 332/332/332 123/123/123 32/32/32
f 124/124/124 332/332/332 32/32/32
f 39/39/39 43/43/43 125/125/125
f 125/125/125 333/333/333 334/334/334
f 334/334/334 124/124/124 39/39/39
f 125/125/125 334/334/334 39/39/39
f 43/43/43 42/42/42 126/126/126
f 126/126/126 335/335/335 336/336/336
f 336/336/336 125/125/125 43/43/43
f 126/126/126 336/336/336 43/43/43
f 42/42/42 4/4/4 121/121/121
f 121/121/121 337/337/337 338/338/338
f 338/338/338 126/126/126 42/42/42
f 121/121/121 338/338/338 42/42/42
f 133/133/133 352/352/352 712/712/712
f 9/9/9 7/7/7 128/128/128
f 128/128/128 339/339/339 340/340/340
f 340/340/340 127/127/127 9/9/9
f 128/128/128 340/340/340 9/9/9
f 7/7/7 21/21/21 129/129/129
f 129/129/129 341/341/341 342/342/342
f 342/342/342 128/128/128 7/7/7
f 129/129/129 342/342/342 7/7/7
f 21/21/21 19/19/19 130/130/130
f 130/130/130 343/343/343 344/344/344
f 344/344/344 129/129/129 21/21/21
f 130/130/130 344/344/344 21/21/21
f 19/19/19 27/27/27 131/131/131
f 131/131/131 345/345/345 346/346/346
f 346/346/346 130/130/130 19/19/19
f 131/131/131 346/346/346 19/19/19
f 27/27/27 23/23/23 132/132/132
f 132/132/132 347/347/347 348/348/348
f 348/348/348 131/131/131 27/27/27
f 132/132/132 348/348/348 27/27/27
f 23/23/23 9/9/9 127/127/127
f 127/127/127 349/349/349 350/350/350
f 350/350/350 132/132/132 23/23/23
f 127/127/127 350/350/350 23/23/23
f 139/139/139 364/364/364 724/724/724
f 6/6/6 3/3/3 134/134/134
f 134/134/134 351/351/351 352/352/352
f 352/352/352 133/133/133 6/6/6
f 134/134/134 352/352/352 6/6/6
f 3/3/3 41/41/41 135/135/135
f 135/135/135 353/353/353 354/354/354
f 354/354/354 134/134/134 3/3/3
f 135/135/135 354/354/354 3/3/3
f 41/41/41 46/46/46 136/136/136
f 136/136/136 355/355/355 356/356/356
f 356/356/356 135/135/135 41/41/41
f 136/136/136 356/356/356 41/41/41
f 46/46/46 54/54/54 137/137/137
f 137/137/137 357/357/357 358/358/358
f 358/358/358 136/136/136 46/46/46
f 137/137/137 358/358/358 46/46/46
f 54/54/54 52/52/52 138/138/138
f 138/138/138 359/359/359 360/360/360
f 360/360/360 137/137/137 54/54/54
f 138/138/138 360/360/360 54/54/54
f 52/52/52 6/6/6 133/133/133
f 133/133/133 361/361/361 362/362/362
f 362/362/362 138/138/138 52/52/52
f 133/133/133 362/362/362 52/52/52
f 145/145/145 376/376/376 736/736/736
f 28/28/28 25/25/25 140/140/140
f 140/140/140 363/363/363 364/364/364
f 364/364/364 139/139/139 28/28/28
f 140/140/140 364/364/364 28/28/28
f 25/25/25 18/18/18 141/141/141
f 141/141/141 365/365/365 366/366/366
f 366/366/366 140/140/140 25/25/25
f 141/141/141 366/366/366 25/25/25
f 18/18/18 17/17/17 142/142/142
f 142/142/142 367/367/367 368/368/368
f 368/368/368 141/141/141 18/18/18
f 142/142/142 368/368/368 18/18/18
f 17/17/17 59/59/59 143/143/143
f 143/143/143 369/369/369 370/370/370
f 370/370/370 142/142/142 17/17/17
f 143/143/143 370/370/370 17/17/17
f 59/59/59 58/58/58 144/144/144
f 144/144/144 371/371/371 372/372/372
f 372/372/372 143/143/143 59/59/59
f 144/144/144 372/372/372 59/59/59
f 58/58/58 28/28/28 139/139/139
f 139/139/139 373/373/373 374/374/374
f 374/374/374 144/144/144 58/58/58
f 139/139/139 374/374/374 58/58/58
f 151/151/151 388/388/388 748/748/748
f 17/17/17 16/16/16 146/146/146
f 146/146/146 375/375/375 376/376/376
f 376/376/376 145/145/145 17/17/17
f 146/146/146 376/376/376 17/17/17
f 16/16/16 93/93/93 147/147/147
f 147/147/147 377/377/377 378/378/378
f 378/378/378 146/146/146 16/16/16
f 147/147/147 378/378/378 16/16/16
f 93/93/93 101/101/101 148/148/148
f 148/148/148 379/379/379 380/380/380
f 380/380/380 147/147/147 93/93/93
f 148/148/148 380/380/380 93/93/93
f 101/101/101 60/60/60 149/149/149
f 149/149/149 381/381/381 382/382/382
f 382/382/382 148/148/148 101/101/101
f 149/149/149 382/382/382 101/101/101
f 60/60/60 59/59/59 150/150/150
f 150/150/150 383/383/383 384/384/384
f 384/384/384 149/149/149 60/60/60
f 150/150/150 384/384/384 60/60/60
f 59/59/59 17/17/17 145/145/145
f 145/145/145 385/385/385 386/386/386
f 386/386/386 150/150/150 59/59/59
f 145/145/145 386/386/386 59/59/59
f 157/157/157 400/400/400 760/760/760
f 15/15/15 14/14/14 152/152/152
f 152/152/152 387/387/387 388/388/388
f 388/388/388 151/151/151 15/15/15
f 152/152/152 388/388/388 15/15/15
f 14/14/14 48/48/48 153/153/153
f 153/153/153 389/389/389 390/390/390
f 390/390/390 152/152/152 14/14/14
f 153/153/153 390/390/390 14/14/14
f 48/48/48 57/57/57 154/154/154
f 154/154/154 391/391/391 392/392/392
f 392/392/392 153/153/153 48/48/48
f 154/154/154 392/392/392 48/48/48
f 57/57/57 96/96/96 155/155/155
f 155/155/155 393/393/393 394/394/394
f 394/394/394 154/154/154 57/57/57
f 155/155/155 394/394/394 57/57/57
f 96/96/96 92/92/92 156/156/156
f 156/156/156 395/395/395 396/396/396
f 396/396/396 155/155/155 96/96/96
f 156/156/156 396/396/396 96/96/96
f 92/92/92 15/15/15 151/151/151
f 151/151/151 397/397/397 398/398/398
f 398/398/398 156/156/156 92/92/92
f 151/151/151 398/398/398 92/92/92
f 163/163/163 412/412/412 772/772/772
f 29/29/29 28/28/28 158/158/158
f 158/158/158 399/399/399 400/400/400
f 400/400/400 157/157/157 29/29/29
f 158/158/158 400/400/400 29/29/29
f 28/28/28 58/58/58 159/159/159
f 159/159/159 401/401/401 402/402/402
f 402/402/402 158/158/158 28/28/28
f 159/159/159 402/402/402 28/28/28
f 58/58/58 66/66/66 160/160/160
f 160/160/160 403/403/403 404/404/404
f 404/404/404 159/159/159 58/58/58
f 160/160/160 404/404/404 58/58/58
f 66/66/66 72/72/72 161/161/161
f 161/161/161 405/405/405 406/406/406
f 406/406/406 160/160/160 66/66/66
f 161/161/161 406/406/406 66/66/66
f 72/72/72 68/68/68 162/162/162
f 162/162/162 407/407/407 408/408/408
f 408/408/408 161/161/161 72/72/72
f 162/162/162 408/408/408 72/72/72
f 68/68/68 29/29/29 157/157/157
f 157/157/157 409/409/409 410/410/410
f 410/410/410 162/162/162 68/68/68
f 157/157/157 410/410/410 68/68/68
f 169/169/169 424/424/424 784/784/784
f 38/38/38 37/37/37 164/164/164
f 164/164/164 411/411/411 412/412/412
f 412/412/412 163/163/163 38/38/38
f 164/164/164 412/412/412 38/38/38
f 37/37/37 67/67/67 165/165/165
f 165/165/165 413/413/413 414/414/414
f 414/414/414 164/164/164 37/37/37
f 165/165/165 414/414/414 37/37/37
f 67/67/67 76/76/76 166/166/166
f 166/166/166 415/415/415 416/416/416
f 416/416/416 165/165/165 67/67/67
f 166/166/166 416/416/416 67/67/67
f 76/76/76 79/79/79 167/167/167
f 167/167/167 417/417/417 418/418/418
f 418/418/418 166/166/166 76/76/76
f 167/167/167 418/418/418 76/76/76
f 79/79/79 78/78/78 168/168/168
f 168/168/168 419/419/419 420/420/420
f 420/420/420 167/167/167 79/79/79
f 168/168/168 420/420/420 79/79/79
f 78/78/78 38/38/38 163/163/163
f 163/163/163 421/421/421 422/422/422
f 422/422/422 168/168/168 78/78/78
f 163/163/163 422/422/422 78/78/78
f 175/175/175 436/436/436 796/796/796
f 45/45/45 44/44/44 170/170/170
f 170/170/170 423/423/423 424/424/424
f 424/424/424 169/169/169 45/45/45
f 170/170/170 424/424/424 45/45/45
f 44/44/44 77/77/77 171/171/171
f 171/171/171 425/425/425 426/426/426
f 426/426/426 170/170/170 44/44/44
f 171/171/171 426/426/426 44/44/44
f 77/77/77 82/82/82 172/172/172
f 172/172/172 427/427/427 428/428/428
f 428/428/428 171/171/171 77/77/77
f 172/172/172 428/428/428 77/77/77
f 82/82/82 86/86/86 173/173/173
f 173/173/173 429/429/429 430/430/430
f 430/430/430 172/172/172 82/82/82
f 173/173/173 430/430/430 82/82/82
f 86/86/86 85/85/85 174/174/174
f 174/174/174 431/431/431 432/432/432
f 432/432/432 173/173/173 86/86/86
f 174/174/174 432/432/432 86/86/86
f 85/85/85 45/45/45 169/169/169
f 169/169/169 433/433/433 434/434/434
f 434/434/434 174/174/174 85/85/85
f 169/169/169 434/434/434 85/85/85
f 181/181/181 448/448/448 808/808/808
f 36/36/36 35/35/35 176/176/176
f 176/176/176 435/435/435 436/436/436
f 436/436/436 175/175/175 36/36/36
f 176/176/176 436/436/436 36/36/36
f 35/35/35 31/31/31 177/177/177
f 177/177/177 437/437/437 438/438/438
f 438/438/438 176/176/176 35/35/35
f 177/177/177 438/438/438 35/35/35
f 31/31/31 30/30/30 178/178/178
f 178/178/178 439/439/439 440/440/440
f 440/440/440 177/177/177 31/31/31
f 178/178/178 440/440/440 31/31/31
f 30/30/30 69/69/69 179/179/179
f 179/179/179 441/441/441 442/442/442
f 442/442/442 178/178/178 30/30/30
f 179/179/179 442/442/442 30/30/30
f 69/69/69 67/67/67 180/180/180
f 180/180/180 443/443/443 444/444/444
f 444/444/444 179/179/179 69/69/69
f 180/180/180 444/444/444 69/69/69
f 67/67/67 36/36/36 175/175/175
f 175/175/175 445/445/445 446/446/446
f 446/446/446 180/180/180 67/67/67
f 175/175/175 446/446/446 67/67/67
f 187/187/187 460/460/460 820/820/820
f 44/44/44 43/43/43 182/182/182
f 182/182/182 447/447/447 448/448/448
f 448/448/448 181/181/181 44/44/44
f 182/182/182 448/448/448 44/44/44
f 43/43/43 40/40/40 183/183/183
f 183/183/183 449/449/449 450/450/450
f 450/450/450 182/182/182 43/43/43
f 183/183/183 450/450/450 43/43/43
f 40/40/40 38/38/38 184/184/184
f 184/184/184 451/451/451 452/452/452
f 452/452/452 183/183/183 40/40/40
f 184/184/184 452/452/452 40/40/40
f 38/38/38 78/78/78 185/185/185
f 185/185/185 453/453/453 454/454/454
f 454/454/454 184/184/184 38/38/38
f 185/185/185 454/454/454 38/38/38
f 78/78/78 77/77/77 186/186/186
f 186/186/186 455/455/455 456/456/456
f 456/456/456 185/185/185 78/78/78
f 186/186/186 456/456/456 78/78/78
f 77/77/77 44/44/44 181/181/181
f 181/181/181 457/457/457 458/458/458
f 458/458/458 186/186/186 77/77/77
f 181/181/181 458/458/458 77/77/77
f 193/193/193 472/472/472 832/832/832
f 56/56/56 53/53/53 188/188/188
f 188/188/188 459/459/459 460/460/460
f 460/460/460 187/187/187 56/56/56
f 188/188/188 460/460/460 56/56/56
f 53/53/53 47/47/47 189/189/189
f 189/189/189 461/461/461 462/462/462
f 462/462/462 188/188/188 53/53/53
f 189/189/189 462/462/462 53/53/53
f 47/47/47 45/45/45 190/190/190
f 190/190/190 463/463/463 464/464/464
f 464/464/464 189/189/189 47/47/47
f 190/190/190 464/464/464 47/47/47
f 45/45/45 85/85/85 191/191/191
f 191/191/191 465/465/465 466/466/466
f 466/466/466 190/190/190 45/45/45
f 191/191/191 466/466/466 45/45/45
f 85/85/85 84/84/84 192/192/192
f 192/192/192 467/467/467 468/468/468
f 468/468/468 191/191/191 85/85/85
f 192/192/192 468/468/468 85/85/85
f 84/84/84 56/56/56 187/187/187
f 187/187/187 469/469/469 470/470/470
f 470/470/470 192/192/192 84/84/84
f 187/187/187 470/470/470 84/84/84
f 199/199/199 484/484/484 844/844/844
f 57/57/57 55/55/55 194/194/194
f 194/194/194 471/471/471 472/472/472
f 472/472/472 193/193/193 57/57/57
f 194/194/194 472/472/472 57/57/57
f 55/55/55 83/83/83 195/195/195
f 195/195/195 473/473/473 474/474/474
f 474/474/474 194/194/194 55/55/55
f 195/195/195 474/474/474 55/55/55
f 83/83/83 91/91/91 196/196/196
f 196/196/196 475/475/475 476/476/476
f 476/476/476 195/195/195 83/83/83
f 196/196/196 476/476/476 83/83/83
f 91/91/91 97/97/97 197/197/197
f 197/197/197 477/477/477 478/478/478
f 478/478/478 196/196/196 91/91/91
f 197/197/197 478/478/478 91/91/91
f 97/97/97 94/94/94 198/198/198
f 198/198/198 479/479/479 480/480/480
f 480/480/480 197/197/197 97/97/97
f 198/198/198 480/480/480 97/97/97
f 94/94/94 57/57/57 193/193/193
f 193/193/193 481/481/481 482/482/482
f 482/482/482 198/198/198 94/94/94
f 193/193/193 482/482/482 94/94/94
f 205/205/205 496/496/496 856/856/856
f 63/63/63 61/61/61 200/200/200
f 200/200/200 483/483/483 484/484/484
f 484/484/484 199/199/199 63/63/63
f 200/200/200 484/484/484 63/63/63
f 61/61/61 102/102/102 201/201/201
f 201/201/201 485/485/485 486/486/486
f 486/486/486 200/200/200 61/61/61
f 201/201/201 486/486/486 61/61/61
f 102/102/102 99/99/99 202/202/202
f 202/202/202 487/487/487 488/488/488
f 488/488/488 201/201/201 102/102/102
f 202/202/202 488/488/488 102/102/102
f 99/99/99 106/106/106 203/203/203
f 203/203/203 489/489/489 490/490/490
f 490/490/490 202/202/202 99/99/99
f 203/203/203 490/490/490 99/99/99
f 106/106/106 105/105/105 204/204/204
f 204/204/204 491/491/491 492/492/492
f 492/492/492 203/203/203 106/106/106
f 204/204/204 492/492/492 106/106/106
f 105/105/105 63/63/63 199/199/199
f 199/199/199 493/493/493 494/494/494
f 494/494/494 204/204/204 105/105/105
f 199/199/199 494/494/494 105/105/105
f 211/211/211 508/508/508 868/868/868
f 73/73/73 70/70/70 206/206/206
f 206/206/206 495/495/495 496/496/496
f 496/496/496 205/205/205 73/73/73
f 206/206/206 496/496/496 73/73/73
f 70/70/70 65/65/65 207/207/207
f 207/207/207 497/497/497 498/498/498
f 498/498/498 206/206/206 70/70/70
f 207/207/207 498/498/498 70/70/70
f 65/65/65 62/62/62 208/208/208
f 208/208/208 499/499/499 500/500/500
f 500/500/500 207/207/207 65/65/65
f 208/208/208 500/500/500 65/65/65
f 62/62/62 103/103/103 209/209/209
f 209/209/209 501/501/501 502/502/502
f 502/502/502 208/208/208 62/62/62
f 209/209/209 502/502/502 62/62/62
f 103/103/103 113/113/113 210/210/210
f 210/210/210 503/503/503 504/504/504
f 504/504/504 209/209/209 103/103/103
f 210/210/210 504/504/504 103/103/103
f 113/113/113 73/73/73 205/205/205
f 205/205/205 505/505/505 506/506/506
f 506/506/506 210/210/210 113/113/113
f 205/205/205 506/506/506 113/113/113
f 217/217/217 520/520/520 880/880/880
f 81/81/81 79/79/79 212/212/212
f 212/212/212 507/507/507 508/508/508
f 508/508/508 211/211/211 81/81/81
f 212/212/212 508/508/508 81/81/81
f 79/79/79 76/76/76 213/213/213
f 213/213/213 509/509/509 510/510/510
f 510/510/510 212/212/212 79/79/79
f 213/213/213 510/510/510 79/79/79
f 76/76/76 75/75/75 214/214/214
f 214/214/214 511/511/511 512/512/512
f 512/512/512 213/213/213 76/76/76
f 214/214/214 512/512/512 76/76/76
f 75/75/75 114/114/114 215/215/215
f 215/215/215 513/513/513 514/514/514
f 514/514/514 214/214/214 75/75/75
f 215/215/215 514/514/514 75/75/75
f 114/114/114 112/112/112 216/216/216
f 216/216/216 515/515/515 516/516/516
f 516/516/516 215/215/215 114/114/114
f 216/216/216 516/516/516 114/114/114
f 112/112/112 81/81/81 211/211/211
f 211/211/211 517/517/517 518/518/518
f 518/518/518 216/216/216 112/112/112
f 211/211/211 518/518/518 112/112/112
f 223/223/223 532/532/532 892/892/892
f 89/89/89 87/87/87 218/218/218
f 218/218/218 519/519/519 520/520/520
f 520/520/520 217/217/217 89/89/89
f 218/218/218 520/520/520 89/89/89
f 87/87/87 82/82/82 219/219/219
f 219/219/219 521/521/521 522/522/522
f 522/522/522 218/218/218 87/87/87
f 219/219/219 522/522/522 87/87/87
f 82/82/82 80/80/80 220/220/220
f 220/220/220 523/523/523 524/524/524
f 524/524/524 219/219/219 82/82/82
f 220/220/220 524/524/524 82/82/82
f 80/80/80 111/111/111 221/221/221
f 221/221/221 525/525/525 526/526/526
f 526/526/526 220/220/220 80/80/80
f 221/221/221 526/526/526 80/80/80
f 111/111/111 110/110/110 222/222/222
f 222/222/222 527/527/527 528/528/528
f 528/528/528 221/221/221 111/111/111
f 222/222/222 528/528/528 111/111/111
f 110/110/110 89/89/89 217/217/217
f 217/217/217 529/529/529 530/530/530
f 530/530/530 222/222/222 110/110/110
f 217/217/217 530/530/530 110/110/110
f 100/100/100 98/98/98 224/224/224
f 224/224/224 531/531/531 532/532/532
f 532/532/532 223/223/223 100/100/100
f 224/224/224 532/532/532 100/100/100
f 98/98/98 90/90/90 225/225/225
f 225/225/225 533/533/533 534/534/534
f 534/534/534 224/224/224 98/98/98
f 225/225/225 534/534/534 98/98/98
f 90/90/90 88/88/88 226/226/226
f 226/226/226 535/535/535 536/536/536
f 536/536/536 225/225/225 90/90/90
f 226/226/226 536/536/536 90/90/90
f 88/88/88 109/109/109 227/227/227
f 227/227/227 537/537/537 538/538/538
f 538/538/538 226/226/226 88/88/88
f 227/227/227 538/538/538 88/88/88
f 109/109/109 108/108/108 228/228/228
f 228/228/228 539/539/539 540/540/540
f 540/540/540 227/227/227 109/109/109
f 228/228/228 540/540/540 109/109/109
f 108/108/108 100/100/100 223/223/223
f 223/223/223 541/541/541 542/542/542
f 542/542/542 228/228/228 108/108/108
f 223/223/223 542/542/542 108/108/108
f 2/2/2 4/4/4 230/230/230
f 230/230/230 543/543/543 544/544/544
f 544/544/544 229/229/229 2/2/2
f 230/230/230 544/544/544 2/2/2
f 4/4/4 6/6/6 231/231/231
f 231/231/231 545/545/545 546/546/546
f 546/546/546 230/230/230 4/4/4
f 231/231/231 546/546/546 4/4/4
f 6/6/6 8/8/8 232/232/232
f 232/232/232 547/547/547 548/548/548
f 548/548/548 231/231/231 6/6/6
f 232/232/232 548/548/548 6/6/6
f 8/8/8 10/10/10 233/233/233
f 233/233/233 549/549/549 550/550/550
f 550/550/550 232/232/232 8/8/8
f 233/233/233 550/550/550 8/8/8
f 10/10/10 2/2/2 229/229/229
f 229/229/229 551/551/551 552/552/552
f 552/552/552 233/233/233 10/10/10
f 229/229/229 552/552/552 10/10/10
f 12/12/12 16/16/16 235/235/235
f 235/235/235 553/553/553 554/554/554
f 554/554/554 234/234/234 12/12/12
f 235/235/235 554/554/554 12/12/12
f 16/16/16 17/17/17 236/236/236
f 236/236/236 555/555/555 556/556/556
f 556/556/556 235/235/235 16/16/16
f 236/236/236 556/556/556 16/16/16
f 17/17/17 18/18/18 237/237/237
f 237/237/237 557/557/557 558/558/558
f 558/558/558 236/236/236 17/17/17
f 237/237/237 558/558/558 17/17/17
f 18/18/18 20/20/20 238/238/238
f 238/238/238 559/559/559 560/560/560
f 560/560/560 237/237/237 18/18/18
f 238/238/238 560/560/560 18/18/18
f 20/20/20 12/12/12 234/234/234
f 234/234/234 561/561/561 562/562/562
f 562/562/562 238/238/238 20/20/20
f 234/234/234 562/562/562 20/20/20
f 24/24/24 26/26/26 240/240/240
f 240/240/240 563/563/563 564/564/564
f 564/564/564 239/239/239 24/24/24
f 240/240/240 564/564/564 24/24/24
f 26/26/26 28/28/28 241/241/241
f 241/241/241 565/565/565 566/566/566
f 566/566/566 240/240/240 26/26/26
f 241/241/241 566/566/566 26/26/26
f 28/28/28 29/29/29 242/242/242
f 242/242/242 567/567/567 568/568/568
f 568/568/568 241/241/241 28/28/28
f 242/242/242 568/568/568 28/28/28
f 29/29/29 31/31/31 243/243/243
f 243/243/243 569/569/569 570/570/570
f 570/570/570 242/242/242 29/29/29
f 243/243/243 570/570/570 29/29/29
f 31/31/31 24/24/24 239/239/239
f 239/239/239 571/571/571 572/572/572
f 572/572/572 243/243/243 31/31/31
f 239/239/239 572/572/572 31/31/31
f 32/32/32 34/34/34 245/245/245
f 245/245/245 573/573/573 574/574/574
f 574/574/574 244/244/244 32/32/32
f 245/245/245 574/574/574 32/32/32
f 34/34/34 36/36/36 246/246/246
f 246/246/246 575/575/575 576/576/576
f 576/576/576 245/245/245 34/34/34
f 246/246/246 576/576/576 34/34/34
f 36/36/36 38/38/38 247/247/247
f 247/247/247 577/577/577 578/578/578
f 578/578/578 246/246/246 36/36/36
f 247/247/247 578/578/578 36/36/36
f 38/38/38 40/40/40 248/248/248
f 248/248/248 579/579/579 580/580/580
f 580/580/580 247/247/247 38/38/38
f 248/248/248 580/580/580 38/38/38
f 40/40/40 32/32/32 244/244/244
f 244/244/244 581/581/581 582/582/582
f 582/582/582 248/248/248 40/40/40
f 244/244/244 582/582/582 40/40/40
f 41/41/41 43/43/43 250/250/250
f 250/250/250 583/583/583 584/584/584
f 584/584/584 249/249/249 41/41/41
f 250/250/250 584/584/584 41/41/41
f 43/43/43 44/44/44 251/251/251
f 251/251/251 585/585/585 586/586/586
f 586/586/586 250/250/250 43/43/43
f 251/251/251 586/586/586 43/43/43
f 44/44/44 45/45/45 252/252/252
f 252/252/252 587/587/587 588/588/588
f 588/588/588 251/251/251 44/44/44
f 252/252/252 588/588/588 44/44/44
f 45/45/45 47/47/47 253/253/253
f 253/253/253 589/589/589 590/590/590
f 590/590/590 252/252/252 45/45/45
f 253/253/253 590/590/590 45/45/45
f 47/47/47 41/41/41 249/249/249
f 249/249/249 591/591/591 592/592/592
f 592/592/592 253/253/253 47/47/47
f 249/249/249 592/592/592 47/47/47
f 48/48/48 51/51/51 255/255/255
f 255/255/255 593/593/593 594/594/594
f 594/594/594 254/254/254 48/48/48
f 255/255/255 594/594/594 48/48/48
f 51/51/51 54/54/54 256/256/256
f 256/256/256 595/595/595 596/596/596
f 596/596/596 255/255/255 51/51/51
f 256/256/256 596/596/596 51/51/51
f 54/54/54 55/55/55 257/257/257
f 257/257/257 597/597/597 598/598/598
f 598/598/598 256/256/256 54/54/54
f 257/257/257 598/598/598 54/54/54
f 55/55/55 57/57/57 258/258/258
f 258/258/258 599/599/599 600/600/600
f 600/600/600 257/257/257 55/55/55
f 258/258/258 600/600/600 55/55/55
f 57/57/57 48/48/48 254/254/254
f 254/254/254 601/601/601 602/602/602
f 602/602/602 258/258/258 57/57/57
f 254/254/254 602/602/602 57/57/57
f 58/58/58 59/59/59 260/260/260
f 260/260/260 603/603/603 604/604/604
f 604/604/604 259/259/259 58/58/58
f 260/260/260 604/604/604 58/58/58
f 59/59/59 60/60/60 261/261/261
f 261/261/261 605/605/605 606/606/606
f 606/606/606 260/260/260 59/59/59
f 261/261/261 606/606/606 59/59/59
f 60/60/60 63/63/63 262/262/262
f 262/262/262 607/607/607 608/608/608
f 608/608/608 261/261/261 60/60/60
f 262/262/262 608/608/608 60/60/60
f 63/63/63 64/64/64 263/263/263
f 263/263/263 609/609/609 610/610/610
f 610/610/610 262/262/262 63/63/63
f 263/263/263 610/610/610 63/63/63
f 64/64/64 58/58/58 259/259/259
f 259/259/259 611/611/611 612/612/612
f 612/612/612 263/263/263 64/64/64
f 259/259/259 612/612/612 64/64/64
f 67/67/67 69/69/69 265/265/265
f 265/265/265 613/613/613 614/614/614
f 614/614/614 264/264/264 67/67/67
f 265/265/265 614/614/614 67/67/67
f 69/69/69 71/71/71 266/266/266
f 266/266/266 615/615/615 616/616/616
f 616/616/616 265/265/265 69/69/69
f 266/266/266 616/616/616 69/69/69
f 71/71/71 74/74/74 267/267/267
f 267/267/267 617/617/617 618/618/618
f 618/618/618 266/266/266 71/71/71
f 267/267/267 618/618/618 71/71/71
f 74/74/74 76/76/76 268/268/268
f 268/268/268 619/619/619 620/620/620
f 620/620/620 267/267/267 74/74/74
f 268/268/268 620/620/620 74/74/74
f 76/76/76 67/67/67 264/264/264
f 264/264/264 621/621/621 622/622/622
f 622/622/622 268/268/268 76/76/76
f 264/264/264 622/622/622 76/76/76
f 77/77/77 78/78/78 270/270/270
f 270/270/270 623/623/623 624/624/624
f 624/624/624 269/269/269 77/77/77
f 270/270/270 624/624/624 77/77/77
f 78/78/78 79/79/79 271/271/271
f 271/271/271 625/625/625 626/626/626
f 626/626/626 270/270/270 78/78/78
f 271/271/271 626/626/626 78/78/78
f 79/79/79 81/81/81 272/272/272
f 272/272/272 627/627/627 628/628/628
f 628/628/628 271/271/271 79/79/79
f 272/272/272 628/628/628 79/79/79
f 81/81/81 82/82/82 273/273/273
f 273/273/273 629/629/629 630/630/630
f 630/630/630 272/272/272 81/81/81
f 273/273/273 630/630/630 81/81/81
f 82/82/82 77/77/77 269/269/269
f 269/269/269 631/631/631 632/632/632
f 632/632/632 273/273/273 82/82/82
f 269/269/269 632/632/632 82/82/82
f 83/83/83 85/85/85 275/275/275
f 275/275/275 633/633/633 634/634/634
f 634/634/634 274/274/274 83/83/83
f 275/275/275 634/634/634 83/83/83
f 85/85/85 86/86/86 276/276/276
f 276/276/276 635/635/635 636/636/636
f 636/636/636 275/275/275 85/85/85
f 276/276/276 636/636/636 85/85/85
f 86/86/86 89/89/89 277/277/277
f 277/277/277 637/637/637 638/638/638
f 638/638/638 276/276/276 86/86/86
f 277/277/277 638/638/638 86/86/86
f 89/89/89 90/90/90 278/278/278
f 278/278/278 639/639/639 640/640/640
f 640/640/640 277/277/277 89/89/89
f 278/278/278 640/640/640 89/89/89
f 90/90/90 83/83/83 274/274/274
f 274/274/274 641/641/641 642/642/642
f 642/642/642 278/278/278 90/90/90
f 274/274/274 642/642/642 90/90/90
f 93/93/93 95/95/95 280/280/280
f 280/280/280 643/643/643 644/644/644
f 644/644/644 279/279/279 93/93/93
f 280/280/280 644/644/644 93/93/93
f 95/95/95 97/97/97 281/281/281
f 281/281/281 645/645/645 646/646/646
f 646/646/646 280/280/280 95/95/95
f 281/281/281 646/646/646 95/95/95
f 97/97/97 100/100/100 282/282/282
f 282/282/282 647/647/647 648/648/648
f 648/648/648 281/281/281 97/97/97
f 282/282/282 648/648/648 97/97/97
f 100/100/100 102/102/102 283/283/283
f 283/283/283 649/649/649 650/650/650
f 650/650/650 282/282/282 100/100/100
f 283/283/283 650/650/650 100/100/100
f 102/102/102 93/93/93 279/279/279
f 279/279/279 651/651/651 652/652/652
f 652/652/652 283/283/283 102/102/102
f 279/279/279 652/652/652 102/102/102
f 289/289/289 664/664/664 904/904/904
f 104/104/104 107/107/107 285/285/285
f 285/285/285 653/653/653 654/654/654
f 654/654/654 284/284/284 104/104/104
f 285/285/285 654/654/654 104/104/104
f 107/107/107 109/109/109 286/286/286
f 286/286/286 655/655/655 656/656/656
f 656/656/656 285/285/285 107/107/107
f 286/286/286 656/656/656 107/107/107
f 109/109/109 111/111/111 287/287/287
f 287/287/287 657/657/657 658/658/658
f 658/658/658 286/286/286 109/109/109
f 287/287/287 658/658/658 109/109/109
f 111/111/111 114/114/114 288/288/288
f 288/288/288 659/659/659 660/660/660
f 660/660/660 287/287/287 111/111/111
f 288/288/288 660/660/660 111/111/111
f 114/114/114 104/104/104 284/284/284
f 284/284/284 661/661/661 662/662/662
f 662/662/662 288/288/288 114/114/114
f 284/284/284 662/662/662 114/114/114
f 2/2/2 11/11/11 290/290/290
f 290/290/290 663/663/663 664/664/664
f 664/664/664 289/289/289 2/2/2
f 290/290/290 664/664/664 2/2/2
f 11/11/11 24/24/24 291/291/291
f 291/291/291 665/665/665 666/666/666
f 666/666/666 290/290/290 11/11/11
f 291/291/291 666/666/666 11/11/11
f 24/24/24 31/31/31 292/292/292
f 292/292/292 667/667/667 668/668/668
f 668/668/668 291/291/291 24/24/24
f 292/292/292 668/668/668 24/24/24
f 31/31/31 34/34/34 293/293/293
f 293/293/293 669/669/669 670/670/670
f 670/670/670 292/292/292 31/31/31
f 293/293/293 670/670/670 31/31/31
f 34/34/34 33/33/33 294/294/294
f 294/294/294 671/671/671 672/672/672
f 672/672/672 293/293/293 34/34/34
f 294/294/294 672/672/672 34/34/34
f 33/33/33 2/2/2 289/289/289
f 289/289/289 673/673/673 674/674/674
f 674/674/674 294/294/294 33/33/33
f 289/289/289 674/674/674 33/33/33
f 153/153/153 392/392/392 751/751/751
f 154/154/154 394/394/394 753/753/753
f 155/155/155 396/396/396 755/755/755
f 156/156/156 398/398/398 757/757/757
f 158/158/158 402/402/402 761/761/761
f 159/159/159 404/404/404 763/763/763
f 160/160/160 406/406/406 765/765/765
f 161/161/161 408/408/408 767/767/767
f 162/162/162 410/410/410 769/769/769
f 164/164/164 414/414/414 773/773/773
f 165/165/165 416/416/416 775/775/775
f 166/166/166 418/418/418 777/777/777
f 167/167/167 420/420/420 779/779/779
f 168/168/168 422/422/422 781/781/781
f 170/170/170 426/426/426 785/785/785
f 171/171/171 428/428/428 787/787/787
f 172/172/172 430/430/430 789/789/789
f 173/173/173 432/432/432 791/791/791
f 174/174/174 434/434/434 793/793/793
f 176/176/176 438/438/438 797/797/797
f 177/177/177 440/440/440 799/799/799
f 178/178/178 442/442/442 801/801/801
f 179/179/179 444/444/444 803/803/803
f 180/180/180 446/446/446 805/805/805
f 182/182/182 450/450/450 809/809/809
f 183/183/183 452/452/452 811/811/811
f 184/184/184 454/454/454 813/813/813
f 185/185/185 456/456/456 815/815/815
f 186/186/186 458/458/458 817/817/817
f 188/188/188 462/462/462 821/821/821
f 189/189/189 464/464/464 823/823/823
f 190/190/190 466/466/466 825/825/825
f 191/191/191 468/468/468 827/827/827
f 192/192/192 470/470/470 829/829/829
f 194/194/194 474/474/474 833/833/833
f 195/195/195 476/476/476 835/835/835
f 196/196/196 478/478/478 837/837/837
f 197/197/197 480/480/480 839/839/839
f 198/198/198 482/482/482 841/841/841
f 200/200/200 486/486/486 845/845/845
f 201/201/201 488/488/488 847/847/847
f 202/202/202 490/490/490 849/849/849
f 203/203/203 492/492/492 851/851/851
f 204/204/204 494/494/494 853/853/853
f 206/206/206 498/498/498 857/857/857
f 207/207/207 500/500/500 859/859/859
f 208/208/208 502/502/502 861/861/861
f 209/209/209 504/504/504 863/863/863
f 210/210/210 506/506/506 865/865/865
f 212/212/212 510/510/510 869/869/869
f 213/213/213 512/512/512 871/871/871
f 214/214/214 514/514/514 873/873/873
f 215/215/215 516/516/516 875/875/875
f 216/216/216 518/518/518 877/877/877
f 218/218/218 522/522/522 881/881/881
f 219/219/219 524/524/524 883/883/883
f 220/220/220 526/526/526 885/885/885
f 221/221/221 528/528/528 887/887/887
f 222/222/222 530/530/530 889/889/889
f 224/224/224 534/534/534 893/893/893
f 225/225/225 536/536/536 895/895/895
f 226/226/226 538/538/538 897/897/897
f 227/227/227 540/540/540 899/899/899
f 228/228/228 542/542/542 901/901/901
f 290/290/290 666/666/666 905/905/905
f 291/291/291 668/668/668 907/907/907
f 292/292/292 670/670/670 909/909/909
f 293/293/293 672/672/672 911/911/911
f 294/294/294 674/674/674 913/913/913
f 914/914/914 903/903/903 314/314/314
f 913/913/913 915/915/915 914/914/914
f 914/914/914 915/915/915 903/903/903
f 915/915/915 904/904/904 903/903/903
f 913/913/913 674/674/674 915/915/915
f 674/674/674 673/673/673 915/915/915
f 915/915/915 673/673/673 904/904/904
f 673/673/673 289/289/289 904/904/904
f 912/912/912 914/914/914 314/314/314
f 911/911/911 916/916/916 912/912/912
f 912/912/912 916/916/916 914/914/914
f 916/916/916 913/913/913 914/914/914
f 911/911/911 672/672/672 916/916/916
f 672/672/672 671/671/671 916/916/916
f 916/916/916 671/671/671 913/913/913
f 671/671/671 294/294/294 913/913/913
f 910/910/910 912/912/912 314/314/314
f 909/909/909 917/917/917 910/910/910
f 910/910/910 917/917/917 912/912/912
f 917/917/917 911/911/911 912/912/912
f 909/909/909 670/670/670 917/917/917
f 670/670/670 669/669/669 917/917/917
f 917/917/917 669/669/669 911/911/911
f 669/669/669 293/293/293 911/911/911
f 908/908/908 910/910/910 314/314/314
f 907/907/907 918/918/918 908/908/908
f 908/908/908 918/918/918 910/910/910
f 918/918/918 909/909/909 910/910/910
f 907/907/907 668/668/668 918/918/918
f 668/668/668 667/667/667 918/918/918
f 918/918/918 667/667/667 909/909/909
f 667/667/667 292/292/292 909/909/909
f 906/906/906 908/908/908 314/314/314
f 905/905/905 919/919/919 906/906/906
f 906/906/906 919/919/919 908/908/908
f 919/919/919 907/907/907 908/908/908
f 905/905/905 666/666/666 919/919/919
f 666/666/666 665/665/665 919/919/919
f 919/919/919 665/665/665 907/907/907
f 665/665/665 291/291/291 907/907/907
f 902/902/902 891/891/891 313/313/313
f 901/901/901 920/920/920 902/902/902
f 902/902/902 920/920/920 891/891/891
f 920/920/920 892/892/892 891/891/891
f 901/901/901 542/542/542 920/920/920
f 542/542/542 541/541/541 920/920/920
f 920/920/920 541/541/541 892/892/892
f 541/541/541 223/223/223 892/892/892
f 900/900/900 902/902/902 313/313/313
f 899/899/899 921/921/921 900/900/900
f 900/900/900 921/921/921 902/902/902
f 921/921/921 901/901/901 902/902/902
f 899/899/899 540/540/540 921/921/921
f 540/540/540 539/539/539 921/921/921
f 921/921/921 539/539/539 901/901/901
f 539/539/539 228/228/228 901/901/901
f 898/898/898 900/900/900 313/313/313
f 897/897/897 922/922/922 898/898/898
f 898/898/898 922/922/922 900/900/900
f 922/922/922 899/899/899 900/900/900
f 897/897/897 538/538/538 922/922/922
f 538/538/538 537/537/537 922/922/922
f 922/922/922 537/537/537 899/899/899
f 537/537/537 227/227/227 899/899/899
f 896/896/896 898/898/898 313/313/313
f 895/895/895 923/923/923 896/896/896
f 896/896/896 923/923/923 898/898/898
f 923/923/923 897/897/897 898/898/898
f 895/895/895 536/536/536 923/923/923
f 536/536/536 535/535/535 923/923/923
f 923/923/923 535/535/535 897/897/897
f 535/535/535 226/226/226 897/897/897
f 894/894/894 896/896/896 313/313/313
f 893/893/893 924/924/924 894/894/894
f 894/894/894 924/924/924 896/896/896
f 924/924/924 895/895/895 896/896/896
f 893/893/893 534/534/534 924/924/924
f 534/534/534 533/533/533 924/924/924
f 924/924/924 533/533/533 895/895/895
f 533/533/533 225/225/225 895/895/895
f 890/890/890 879/879/879 312/312/312
f 889/889/889 925/925/925 890/890/890
f 890/890/890 925/925/925 879/879/879
f 925/925/925 880/880/880 879/879/879
f 889/889/889 530/530/530 925/925/925
f 530/530/530 529/529/529 925/925/925
f 925/925/925 529/529/529 880/880/880
f 529/529/529 217/217/217 880/880/880
f 888/888/888 890/890/890 312/312/312
f 887/887/887 926/926/926 888/888/888
f 888/888/888 926/926/926 890/890/890
f 926/926/926 889/889/889 890/890/890
f 887/887/887 528/528/528 926/926/926
f 528/528/528 527/527/527 926/926/926
f 926/926/926 527/527/527 889/889/889
f 527/527/527 222/222/222 889/889/889
f 886/886/886 888/888/888 312/312/312
f 885/885/885 927/927/927 886/886/886
f 886/886/886 927/927/927 888/888/888
f 927/927/927 887/887/887 888/888/888
f 885/885/885 526/526/526 927/927/927
f 526/526/526 525/525/525 927/927/927
f 927/927/927 525/525/525 887/887/887
f 525/525/525 221/221/221 887/887/887
f 884/884/884 886/886/886 312/312/312
f 883/883/883 928/928/928 884/884/884
f 884/884/884 928/928/928 886/886/886
f 928/928/928 885/885/885 886/886/886
f 883/883/883 524/524/524 928/928/928
f 524/524/524 523/523/523 928/928/928
f 928/928/928 523/523/523 885/885/885
f 523/523/523 220/220/220 885/885/885
f 882/882/882 884/884/884 312/312/312
f 881/881/881 929/929/929 882/882/882
f 882/882/882 929/929/929 884/884/884
f 929/929/929 883/883/883 884/884/884
f 881/881/881 522/522/522 929/929/929
f 522/522/522 521/521/521 929/929/929
f 929/929/929 521/521/521 883/883/883
f 521/521/521 219/219/219 883/883/883
f 878/878/878 867/867/867 311/311/311
f 877/877/877 930/930/930 878/878/878
f 878/878/878 930/930/930 867/867/867
f 930/930/930 868/868/868 867/867/867
f 877/877/877 518/518/518 930/930/930
f 518/518/518 517/517/517 930/930/930
f 930/930/930 517/517/517 868/868/868
f 517/517/517 211/211/211 868/868/868
f 876/876/876 878/878/878 311/311/311
f 875/875/875 931/931/931 876/876/876
f 876/876/876 931/931/931 878/878/878
f 931/931/931 877/877/877 878/878/878
f 875/875/875 516/516/516 931/931/931
f 516/516/516 515/515/515 931/931/931
f 931/931/931 515/515/515 877/877/877
f 515/515/515 216/216/216 877/877/877
f 874/874/874 876/876/876 311/311/311
f 873/873/873 932/932/932 874/874/874
f 874/874/874 932/932/932 876/876/876
f 932/932/932 875/875/875 876/876/876
f 873/873/873 514/514/514 932/932/932
f 514/514/514 513/513/513 932/932/932
f 932/932/932 513/513/513 875/875/875
f 513/513/513 215/215/215 875/875/875
f 872/872/872 874/874/874 311/311/311
f 871/871/871 933/933/933 872/872/872
f 872/872/872 933/933/933 874/874/874
f 933/933/933 873/873/873 874/874/874
f 871/871/871 512/512/512 933/933/933
f 512/512/512 511/511/511 933/933/933
f 933/933/933 511/511/511 873/873/873
f 511/511/511 214/214/214 873/873/873
f 870/870/870 872/872/872 311/311/311
f 869/869/869 934/934/934 870/870/870
f 870/870/870 934/934/934 872/872/872
f 934/934/934 871/871/871 872/872/872
f 869/869/869 510/510/510 934/934/934
f 510/510/510 509/509/509 934/934/934
f 934/934/934 509/509/509 871/871/871
f 509/509/509 213/213/213 871/871/871
f 866/866/866 855/855/855 310/310/310
f 865/865/865 935/935/935 866/866/866
f 866/866/866 935/935/935 855/855/855
f 935/935/935 856/856/856 855/855/855
f 865/865/865 506/506/506 935/935/935
f 506/506/506 505/505/505 935/935/935
f 935/935/935 505/505/505 856/856/856
f 505/505/505 205/205/205 856/856/856
f 864/864/864 866/866/866 310/310/310
f 863/863/863 936/936/936 864/864/864
f 864/864/864 936/936/936 866/866/866
f 936/936/936 865/865/865 866/866/866
f 863/863/863 504/504/504 936/936/936
f 504/504/504 503/503/503 936/936/936
f 936/936/936 503/503/503 865/865/865
f 503/503/503 210/210/210 865/865/865
f 862/862/862 864/864/864 310/310/310
f 861/861/861 937/937/937 862/862/862
f 862/862/862 937/937/937 864/864/864
f 937/937/937 863/863/863 864/864/864
f 861/861/861 502/502/502 937/937/937
f 502/502/502 501/501/501 937/937/937
f 937/937/937 501/501/501 863/863/863
f 501/501/501 209/209/209 863/863/863
f 860/860/860 862/862/862 310/310/310
f 859/859/859 938/938/938 860/860/860
f 860/860/860 938/938/938 862/862/862
f 938/938/938 861/861/861 862/862/862
f 859/859/859 500/500/500 938/938/938
f 500/500/500 499/499/499 938/938/938
f 938/938/938 499/499/499 861/861/861
f 499/499/499 208/208/208 861/861/861
f 858/858/858 860/860/860 310/310/310
f 857/857/857 939/939/939 858/858/858
f 858/858/858 939/939/939 860/860/860
f 939/939/939 859/859/859 860/860/860
f 857/857/857 498/498/498 939/939/939
f 498/498/498 497/497/497 939/939/939
f 939/939/939 497/497/497 859/859/859
f 497/497/497 207/207/207 859/859/859
f 854/854/854 843/843/843 309/309/309
f 853/853/853 940/940/940 854/854/854
f 854/854/854 940/940/940 843/843/843
f 940/940/940 844/844/844 843/843/843
f 853/853/853 494/494/494 940/940/940
f 494/494/494 493/493/493 940/940/940
f 940/940/940 493/493/493 844/844/844
f 493/493/493 199/199/199 844/844/844
f 852/852/852 854/854/854 309/309/309
f 851/851/851 941/941/941 852/852/852
f 852/852/852 941/941/941 854/854/854
f 941/941/941 853/853/853 854/854/854
f 851/851/851 492/492/492 941/941/941
f 492/492/492 491/491/491 941/941/941
f 941/941/941 491/491/491 853/853/853
f 491/491/491 204/204/204 853/853/853
f 850/850/850 852/852/852 309/309/309
f 849/849/849 942/942/942 850/850/850
f 850/850/850 942/942/942 852/852/852
f 942/942/942 851/851/851 852/852/852
f 849/849/849 490/490/490 942/942/942
f 490/490/490 489/489/489 942/942/942
f 942/942/942 489/489/489 851/851/851
f 489/489/489 203/203/203 851/851/851
f 848/848/848 850/850/850 309/309/309
f 847/847/847 943/943/943 848/848/848
f 848/848/848 943/943/943 850/850/850
f 943/943/943 849/849/849 850/850/850
f 847/847/847 488/488/488 943/943/943
f 488/488/488 487/487/487 943/943/943
f 943/943/943 487/487/487 849/849/849
f 487/487/487 202/202/202 849/849/849
f 846/846/846 848/848/848 309/309/309
f 845/845/845 944/944/944 846/846/846
f 846/846/846 944/944/944 848/848/848
f 944/944/944 847/847/847 848/848/848
f 845/845/845 486/486/486 944/944/944
f 486/486/486 485/485/485 944/944/944
f 944/944/944 485/485/485 847/847/847
f 485/485/485 201/201/201 847/847/847
f 842/842/842 831/831/831 308/308/308
f 841/841/841 945/945/945 842/842/842
f 842/842/842 945/945/945 831/831/831
f 945/945/945 832/832/832 831/831/831
f 841/841/841 482/482/482 945/945/945
f 482/482/482 481/481/481 945/945/945
f 945/945/945 481/481/481 832/832/832
f 481/481/481 193/193/193 832/832/832
f 840/840/840 842/842/842 308/308/308
f 839/839/839 946/946/946 840/840/840
f 840/840/840 946/946/946 842/842/842
f 946/946/946 841/841/841 842/842/842
f 839/839/839 480/480/480 946/946/946
f 480/480/480 479/479/479 946/946/946
f 946/946/946 479/479/479 841/841/841
f 479/479/479 198/198/198 841/841/841
f 838/838/838 840/840/840 308/308/308
f 837/837/837 947/947/947 838/838/838
f 838/838/838 947/947/947 840/840/840
f 947/947/947 839/839/839 840/840/840
f 837/837/837 478/478/478 947/947/947
f 478/478/478 477/477/477 947/947/947
f 947/947/947 477/477/477 839/839/839
f 477/477/477 197/197/197 839/839/839
f 836/836/836 838/838/838 308/308/308
f 835/835/835 948/948/948 836/836/836
f 836/836/836 948/948/948 838/838/838
f 948/948/948 837/837/837 838/838/838
f 835/835/835 476/476/476 948/948/948
f 476/476/476 475/475/475 948/948/948
f 948/948/948 475/475/475 837/837/837
f 475/475/475 196/196/196 837/837/837
f 834/834/834 836/836/836 308/308/308
f 833/833/833 949/949/949 834/834/834
f 834/834/834 949/949/949 836/836/836
f 949/949/949 835/835/835 836/836/836
f 833/833/833 474/474/474 949/949/949
f 474/474/474 473/473/473 949/949/949
f 949/949/949 473/473/473 835/835/835
f 473/473/473 195/195/195 835/835/835
f 830/830/830 819/819/819 307/307/307
f 829/829/829 950/950/950 830/830/830
f 830/830/830 950/950/950 819/819/819
f 950/950/950 820/820/820 819/819/819
f 829/829/829 470/470/470 950/950/950
f 470/470/470 469/469/469 950/950/950
f 950/950/950 469/469/469 820/820/820
f 469/469/469 187/187/187 820/820/820
f 828/828/828 830/830/830 307/307/307
f 827/827/827 951/951/951 828/828/828
f 828/828/828 951/951/951 830/830/830
f 951/951/951 829/829/829 830/830/830
f 827/827/827 468/468/468 951/951/951
f 468/468/468 467/467/467 951/951/951
f 951/951/951 467/467/467 829/829/829
f 467/467/467 192/192/192 829/829/829
f 826/826/826 828/828/828 307/307/307
f 825/825/825 952/952/952 826/826/826
f 826/826/826 952/952/952 828/828/828
f 952/952/952 827/827/827 828/828/828
f 825/825/825 466/466/466 952/952/952
f 466/466/466 465/465/465 952/952/952
f 952/952/952 465/465/465 827/827/827
f 465/465/465 191/191/191 827/827/827
f 824/824/824 826/826/826 307/307/307
f 823/823/823 953/953/953 824/824/824
f 824/824/824 953/953/953 826/826/826
f 953/953/953 825/825/825 826/826/826
f 823/823/823 464/464/464 953/953/953
f 464/464/464 463/463/463 953/953/953
f 953/953/953 463/463/463 825/825/825
f 463/463/463 190/190/190 825/825/825
f 822/822/822 824/824/824 307/307/307
f 821/821/821 954/954/954 822/822/822
f 822/822/822 954/954/954 824/824/824
f 954/954/954 823/823/823 824/824/824
f 821/821/821 462/462/462 954/954/954
f 462/462/462 461/461/461 954/954/954
f 954/954/954 461/461/461 823/823/823
f 461/461/461 189/189/189 823/823/823
f 818/818/818 807/807/807 306/306/306
f 817/817/817 955/955/955 818/818/818
f 818/818/818 955/955/955 807/807/807
f 955/955/955 808/808/808 807/807/807
f 817/817/817 458/458/458 955/955/955
f 458/458/458 457/457/457 955/955/955
f 955/955/955 457/457/457 808/808/808
f 457/457/457 181/181/181 808/808/808
f 816/816/816 818/818/818 306/306/306
f 815/815/815 956/956/956 816/816/816
f 816/816/816 956/956/956 818/818/818
f 956/956/956 817/817/817 818/818/818
f 815/815/815 456/456/456 956/956/956
f 456/456/456 455/455/455 956/956/956
f 956/956/956 455/455/455 817/817/817
f 455/455/455 186/186/186 817/817/817
f 814/814/814 816/816/816 306/306/306
f 813/813/813 957/957/957 814/814/814
f 814/814/814 957/957/957 816/816/816
f 957/957/957 815/815/815 816/816/816
f 813/813/813 454/454/454 957/957/957
f 454/454/454 453/453/453 957/957/957
f 957/957/957 453/453/453 815/815/815
f 453/453/453 185/185/185 815/815/815
f 812/812/812 814/814/814 306/306/306
f 811/811/811 958/958/958 812/812/812
f 812/812/812 958/958/958 814/814/814
f 958/958/958 813/813/813 814/814/814
f 811/811/811 452/452/452 958/958/958
f 452/452/452 451/451/451 958/958/958
f 958/958/958 451/451/451 813/813/813
f 451/451/451 184/184/184 813/813/813
f 810/810/810 812/812/812 306/306/306
f 809/809/809 959/959/959 810/810/810
f 810/810/810 959/959/959 812/812/812
f 959/959/959 811/811/811 812/812/812
f 809/809/809 450/450/450 959/959/959
f 450/450/450 449/449/449 959/959/959
f 959/959/959 449/449/449 811/811/811
f 449/449/449 183/183/183 811/811/811
f 806/806/806 795/795/795 305/305/305
f 805/805/805 960/960/960 806/806/806
f 806/806/806 960/960/960 795/795/795
f 960/960/960 796/796/796 795/795/795
f 805/805/805 446/446/446 960/960/960
f 446/446/446 445/445/445 960/960/960
f 960/960/960 445/445/445 796/796/796
f 445/445/445 175/175/175 796/796/796
f 804/804/804 806/806/806 305/305/305
f 803/803/803 961/961/961 804/804/804
f 804/804/804 961/961/961 806/806/806
f 961/961/961 805/805/805 806/806/806
f 803/803/803 444/444/444 961/961/961
f 444/444/444 443/443/443 961/961/961
f 961/961/961 443/443/443 805/805/805
f 443/443/443 180/180/180 805/805/805
f 802/802/802 804/804/804 305/305/305
f 801/801/801 962/962/962 802/802/802
f 802/802/802 962/962/962 804/804/804
f 962/962/962 803/803/803 804/804/804
f 801/801/801 442/442/442 962/962/962
f 442/442/442 441/441/441 962/962/962
f 962/962/962 441/441/441 803/803/803
f 441/441/441 179/179/179 803/803/803
f 800/800/800 802/802/802 305/305/305
f 799/799/799 963/963/963 800/800/800
f 800/800/800 963/963/963 802/802/802
f 963/963/963 801/801/801 802/802/802
f 799/799/799 440/440/440 963/963/963
f 440/440/440 439/439/439 963/963/963
f 963/963/963 439/439/439 801/801/801
f 439/439/439 178/178/178 801/801/801
f 798/798/798 800/800/800 305/305/305
f 797/797/797 964/964/964 798/798/798
f 798/798/798 964/964/964 800/800/800
f 964/964/964 799/799/799 800/800/800
f 797/797/797 438/438/438 964/964/964
f 438/438/438 437/437/437 964/964/964
f 964/964/964 437/437/437 799/799/799
f 437/437/437 177/177/177 799/799/799
f 794/794/794 783/783/783 304/304/304
f 793/793/793 965/965/965 794/794/794
f 794/794/794 965/965/965 783/783/783
f 965/965/965 784/784/784 783/783/783
f 793/793/793 434/434/434 965/965/965
f 434/434/434 433/433/433 965/965/965
f 965/965/965 433/433/433 784/784/784
f 433/433/433 169/169/169 784/784/784
f 792/792/792 794/794/794 304/304/304
f 791/791/791 966/966/966 792/792/792
f 792/792/792 966/966/966 794/794/794
f 966/966/966 793/793/793 794/794/794
f 791/791/791 432/432/432 966/966/966
f 432/432/432 431/431/431 966/966/966
f 966/966/966 431/431/431 793/793/793
f 431/431/431 174/174/174 793/793/793
f 790/790/790 792/792/792 304/304/304
f 789/789/789 967/967/967 790/790/790
f 790/790/790 967/967/967 792/792/792
f 967/967/967 791/791/791 792/792/792
f 789/789/789 430/430/430 967/967/967
f 430/430/430 429/429/429 967/967/967
f 967/967/967 429/429/429 791/791/791
f 429/429/429 173/173/173 791/791/791
f 788/788/788 790/790/790 304/304/304
f 787/787/787 968/968/968 788/788/788
f 788/788/788 968/968/968 790/790/790
f 968/968/968 789/789/789 790/790/790
f 787/787/787 428/428/428 968/968/968
f 428/428/428 427/427/427 968/968/968
f 968/968/968 427/427/427 789/789/789
f 427/427/427 172/172/172 789/789/789
f 786/786/786 788/788/788 304/304/304
f 785/785/785 969/969/969 786/786/786
f 786/786/786 969/969/969 788/788/788
f 969/969/969 787/787/787 788/788/788
f 785/785/785 426/426/426 969/969/969
f 426/426/426 425/425/425 969/969/969
f 969/969/969 425/425/425 787/787/787
f 425/425/425 171/171/171 787/787/787
f 782/782/782 771/771/771 303/303/303
f 781/781/781 970/970/970 782/782/782
f 782/782/782 970/970/970 771/771/771
f 970/970/970 772/772/772 771/771/771
f 781/781/781 422/422/422 970/970/970
f 422/422/422 421/421/421 970/970/970
f 970/970/970 421/421/421 772/772/772
f 421/421/421 163/163/163 772/772/772
f 780/780/780 782/782/782 303/303/303
f 779/779/779 971/971/971 780/780/780
f 780/780/780 971/971/971 782/782/782
f 971/971/971 781/781/781 782/782/782
f 779/779/779 420/420/420 971/971/971
f 420/420/420 419/419/419 971/971/971
f 971/971/971 419/419/419 781/781/781
f 419/419/419 168/168/168 781/781/781
f 778/778/778 780/780/780 303/303/303
f 777/777/777 972/972/972 778/778/778
f 778/778/778 972/972/972 780/780/780
f 972/972/972 779/779/779 780/780/780
f 777/777/777 418/418/418 972/972/972
f 418/418/418 417/417/417 972/972/972
f 972/972/972 417/417/417 779/779/779
f 417/417/417 167/167/167 779/779/779
f 776/776/776 778/778/778 303/303/303
f 775/775/775 973/973/973 776/776/776
f 776/776/776 973/973/973 778/778/778
f 973/973/973 777/777/777 778/778/778
f 775/775/775 416/416/416 973/973/973
f 416/416/416 415/415/415 973/973/973
f 973/973/973 415/415/415 777/777/777
f 415/415/415 166/166/166 777/777/777
f 774/774/774 776/776/776 303/303/303
f 773/773/773 974/974/974 774/774/774
f 774/774/774 974/974/974 776/776/776
f 974/974/974 775/775/775 776/776/776
f 773/773/773 414/414/414 974/974/974
f 414/414/414 413/413/413 974/974/974
f 974/974/974 413/413/413 775/775/775
f 413/413/413 165/165/165 775/775/775
f 770/770/770 759/759/759 302/302/302
f 769/769/769 975/975/975 770/770/770
f 770/770/770 975/975/975 759/759/759
f 975/975/975 760/760/760 759/759/759
f 769/769/769 410/410/410 975/975/975
f 410/410/410 409/409/409 975/975/975
f 975/975/975 409/409/409 760/760/760
f 409/409/409 157/157/157 760/760/760
f 768/768/768 770/770/770 302/302/302
f 767/767/767 976/976/976 768/768/768
f 768/768/768 976/976/976 770/770/770
f 976/976/976 769/769/769 770/770/770
f 767/767/767 408/408/408 976/976/976
f 408/408/408 407/407/407 976/976/976
f 976/976/976 407/407/407 769/769/769
f 407/407/407 162/162/162 769/769/769
f 766/766/766 768/768/768 302/302/302
f 765/765/765 977/977/977 766/766/766
f 766/766/766 977/977/977 768/768/768
f 977/977/977 767/767/767 768/768/768
f 765/765/765 406/406/406 977/977/977
f 406/406/406 405/405/405 977/977/977
f 977/977/977 405/405/405 767/767/767
f 405/405/405 161/161/161 767/767/767
f 764/764/764 766/766/766 302/302/302
f 763/763/763 978/978/978 764/764/764
f 764/764/764 978/978/978 766/766/766
f 978/978/978 765/765/765 766/766/766
f 763/763/763 404/404/404 978/978/978
f 404/404/404 403/403/403 978/978/978
f 978/978/978 403/403/403 765/765/765
f 403/403/403 160/160/160 765/765/765
f 762/762/762 764/764/764 302/302/302
f 761/761/761 979/979/979 762/762/762
f 762/762/762 979/979/979 764/764/764
f 979/979/979 763/763/763 764/764/764
f 761/761/761 402/402/402 979/979/979
f 402/402/402 401/401/401 979/979/979
f 979/979/979 401/401/401 763/763/763
f 401/401/401 159/159/159 763/763/763
f 758/758/758 747/747/747 301/301/301
f 757/757/757 980/980/980 758/758/758
f 758/758/758 980/980/980 747/747/747
f 980/980/980 748/748/748 747/747/747
f 757/757/757 398/398/398 980/980/980
f 398/398/398 397/397/397 980/980/980
f 980/980/980 397/397/397 748/748/748
f 397/397/397 151/151/151 748/748/748
f 756/756/756 758/758/758 301/301/301
f 755/755/755 981/981/981 756/756/756
f 756/756/756 981/981/981 758/758/758
f 981/981/981 757/757/757 758/758/758
f 755/755/755 396/396/396 981/981/981
f 396/396/396 395/395/395 981/981/981
f 981/981/981 395/395/395 757/757/757
f 395/395/395 156/156/156 757/757/757
f 754/754/754 756/756/756 301/301/301
f 753/753/753 982/982/982 754/754/754
f 754/754/754 982/982/982 756/756/756
f 982/982/982 755/755/755 756/756/756
f 753/753/753 394/394/394 982/982/982
f 394/394/394 393/393/393 982/982/982
f 982/982/982 393/393/393 755/755/755
f 393/393/393 155/155/155 755/755/755
f 752/752/752 754/754/754 301/301/301
f 751/751/751 983/983/983 752/752/752
f 752/752/752 983/983/983 754/754/754
f 983/983/983 753/753/753 754/754/754
f 751/751/751 392/392/392 983/983/983
f 392/392/392 391/391/391 983/983/983
f 983/983/983 391/391/391 753/753/753
f 391/391/391 154/154/154 753/753/753
f 903/903/903 906/906/906 314/314/314
f 904/904/904 984/984/984 903/903/903
f 903/903/903 984/984/984 906/906/906
f 984/984/984 905/905/905 906/906/906
f 904/904/904 664/664/664 984/984/984
f 664/664/664 663/663/663 984/984/984
f 984/984/984 663/663/663 905/905/905
f 663/663/663 290/290/290 905/905/905
f 891/891/891 894/894/894 313/313/313
f 892/892/892 985/985/985 891/891/891
f 891/891/891 985/985/985 894/894/894
f 985/985/985 893/893/893 894/894/894
f 892/892/892 532/532/532 985/985/985
f 532/532/532 531/531/531 985/985/985
f 985/985/985 531/531/531 893/893/893
f 531/531/531 224/224/224 893/893/893
f 879/879/879 882/882/882 312/312/312
f 880/880/880 986/986/986 879/879/879
f 879/879/879 986/986/986 882/882/882
f 986/986/986 881/881/881 882/882/882
f 880/880/880 520/520/520 986/986/986
f 520/520/520 519/519/519 986/986/986
f 986/986/986 519/519/519 881/881/881
f 519/519/519 218/218/218 881/881/881
f 867/867/867 870/870/870 311/311/311
f 868/868/868 987/987/987 867/867/867
f 867/867/867 987/987/987 870/870/870
f 987/987/987 869/869/869 870/870/870
f 868/868/868 508/508/508 987/987/987
f 508/508/508 507/507/507 987/987/987
f 987/987/987 507/507/507 869/869/869
f 507/507/507 212/212/212 869/869/869
f 855/855/855 858/858/858 310/310/310
f 856/856/856 988/988/988 855/855/855
f 855/855/855 988/988/988 858/858/858
f 988/988/988 857/857/857 858/858/858
f 856/856/856 496/496/496 988/988/988
f 496/496/496 495/495/495 988/988/988
f 988/988/988 495/495/495 857/857/857
f 495/495/495 206/206/206 857/857/857
f 843/843/843 846/846/846 309/309/309
f 844/844/844 989/989/989 843/843/843
f 843/843/843 989/989/989 846/846/846
f 989/989/989 845/845/845 846/846/846
f 844/844/844 484/484/484 989/989/989
f 484/484/484 483/483/483 989/989/989
f 989/989/989 483/483/483 845/845/845
f 483/483/483 200/200/200 845/845/845
f 831/831/831 834/834/834 308/308/308
f 832/832/832 990/990/990 831/831/831
f 831/831/831 990/990/990 834/834/834
f 990/990/990 833/833/833 834/834/834
f 832/832/832 472/472/472 990/990/990
f 472/472/472 471/471/471 990/990/990
f 990/990/990 471/471/471 833/833/833
f 471/471/471 194/194/194 833/833/833
f 819/819/819 822/822/822 307/307/307
f 820/820/820 991/991/991 819/819/819
f 819/819/819 991/991/991 822/822/822
f 991/991/991 821/821/821 822/822/822
f 820/820/820 460/460/460 991/991/991
f 460/460/460 459/459/459 991/991/991
f 991/991/991 459/459/459 821/821/821
f 459/459/459 188/188/188 821/821/821
f 807/807/807 810/810/810 306/306/306
f 808/808/808 992/992/992 807/807/807
f 807/807/807 992/992/992 810/810/810
f 992/992/992 809/809/809 810/810/810
f 808/808/808 448/448/448 992/992/992
f 448/448/448 447/447/447 992/992/992
f 992/992/992 447/447/447 809/809/809
f 447/447/447 182/182/182 809/809/809
f 795/795/795 798/798/798 305/305/305
f 796/796/796 993/993/993 795/795/795
f 795/795/795 993/993/993 798/798/798
f 993/993/993 797/797/797 798/798/798
f 796/796/796 436/436/436 993/993/993
f 436/436/436 435/435/435 993/993/993
f 993/993/993 435/435/435 797/797/797
f 435/435/435 176/176/176 797/797/797
f 783/783/783 786/786/786 304/304/304
f 784/784/784 994/994/994 783/783/783
f 783/783/783 994/994/994 786/786/786
f 994/994/994 785/785/785 786/786/786
f 784/784/784 424/424/424 994/994/994
f 424/424/424 423/423/423 994/994/994
f 994/994/994 423/423/423 785/785/785
f 423/423/423 170/170/170 785/785/785
f 771/771/771 774/774/774 303/303/303
f 772/772/772 995/995/995 771/771/771
f 771/771/771 995/995/995 774/774/774
f 995/995/995 773/773/773 774/774/774
f 772/772/772 412/412/412 995/995/995
f 412/412/412 411/411/411 995/995/995
f 995/995/995 411/411/411 773/773/773
f 411/411/411 164/164/164 773/773/773
f 759/759/759 762/762/762 302/302/302
f 760/760/760 996/996/996 759/759/759
f 759/759/759 996/996/996 762/762/762
f 996/996/996 761/761/761 762/762/762
f 760/760/760 400/400/400 996/996/996
f 400/400/400 399/399/399 996/996/996
f 996/996/996 399/399/399 761/761/761
f 399/399/399 158/158/158 761/761/761
f 747/747/747 750/750/750 301/301/301
f 748/748/748 997/997/997 747/747/747
f 747/747/747 997/997/997 750/750/750
f 997/997/997 749/749/749 750/750/750
f 748/748/748 388/388/388 997/997/997
f 388/388/388 387/387/387 997/997/997
f 997/997/997 387/387/387 749/749/749
f 387/387/387 152/152/152 749/749/749
f 735/735/735 738/738/738 300/300/300
f 736/736/736 998/998/998 735/735/735
f 735/735/735 998/998/998 738/738/738
f 998/998/998 737/737/737 738/738/738
f 736/736/736 376/376/376 998/998/998
f 376/376/376 375/375/375 998/998/998
f 998/998/998 375/375/375 737/737/737
f 375/375/375 146/146/146 737/737/737
f 723/723/723 726/726/726 299/299/299
f 724/724/724 999/999/999 723/723/723
f 723/723/723 999/999/999 726/726/726
f 999/999/999 725/725/725 726/726/726
f 724/724/724 364/364/364 999/999/999
f 364/364/364 363/363/363 999/999/999
f 999/999/999 363/363/363 725/725/725
f 363/363/363 140/140/140 725/725/725
f 711/711/711 714/714/714 298/298/298
f 712/712/712 1000/1000/1000 711/711/711
f 711/711/711 1000/1000/1000 714/714/714
f 1000/1000/1000 713/713/713 714/714/714
f 712/712/712 352/352/352 1000/1000/1000
f 352/352/352 351/351/351 1000/1000/1000
f 1000/1000/1000 351/351/351 713/713/713
f 351/351/351 134/134/134 713/713/713
f 699/699/699 702/702/702 297/297/297
f 700/700/700 1001/1001/1001 699/699/699
f 699/699/699 1001/1001/1001 702/702/702
f 1001/1001/1001 701/701/701 702/702/702
f 700/700/700 340/340/340 1001/1001/1001
f 340/340/340 339/339/339 1001/1001/1001
f 1001/1001/1001 339/339/339 701/701/701
f 339/339/339 128/128/128 701/701/701
f 687/687/687 690/690/690 296/296/296
f 688/688/688 1002/1002/1002 687/687/687
f 687/687/687 1002/1002/1002 690/690/690
f 1002/1002/1002 689/689/689 690/690/690
f 688/688/688 328/328/328 1002/1002/1002
f 328/328/328 327/327/327 1002/1002/1002
f 1002/1002/1002 327/327/327 689/689/689
f 327/327/327 122/122/122 689/689/689
f 675/675/675 678/678/678 295/295/295
f 676/676/676 1003/1003/1003 675/675/675
f 675/675/675 1003/1003/1003 678/678/678
f 1003/1003/1003 677/677/677 678/678/678
f 676/676/676 316/316/316 1003/1003/1003
f 316/316/316 315/315/315 1003/1003/1003
f 1003/1003/1003 315/315/315 677/677/677
f 315/315/315 116/116/116 677/677/677
f 678/678/678 680/680/680 295/295/295
f 677/677/677 1004/1004/1004 678/678/678
f 678/678/678 1004/1004/1004 680/680/680
f 1004/1004/1004 679/679/679 680/680/680
f 677/677/677 318/318/318 1004/1004/1004
f 318/318/318 317/317/317 1004/1004/1004
f 1004/1004/1004 317/317/317 679/679/679
f 317/317/317 117/117/117 679/679/679
f 680/680/680 682/682/682 295/295/295
f 679/679/679 1005/1005/1005 680/680/680
f 680/680/680 1005/1005/1005 682/682/682
f 1005/1005/1005 681/681/681 682/682/682
f 679/679/679 320/320/320 1005/1005/1005
f 320/320/320 319/319/319 1005/1005/1005
f 1005/1005/1005 319/319/319 681/681/681
f 319/319/319 118/118/118 681/681/681
f 682/682/682 684/684/684 295/295/295
f 681/681/681 1006/1006/1006 682/682/682
f 682/682/682 1006/1006/1006 684/684/684
f 1006/1006/1006 683/683/683 684/684/684
f 681/681/681 322/322/322 1006/1006/1006
f 322/322/322 321/321/321 1006/1006/1006
f 1006/1006/1006 321/321/321 683/683/683
f 321/321/321 119/119/119 683/683/683
f 684/684/684 686/686/686 295/295/295
f 683/683/683 1007/1007/1007 684/684/684
f 684/684/684 1007/1007/1007 686/686/686
f 1007/1007/1007 685/685/685 686/686/686
f 683/683/683 324/324/324 1007/1007/1007
f 324/324/324 323/323/323 1007/1007/1007
f 1007/1007/1007 323/323/323 685/685/685
f 323/323/323 120/120/120 685/685/685
f 686/686/686 675/675/675 295/295/295
f 685/685/685 1008/1008/1008 686/686/686
f 686/686/686 1008/1008/1008 675/675/675
f 1008/1008/1008 676/676/676 675/675/675
f 685/685/685 326/326/326 1008/1008/1008
f 326/326/326 325/325/325 1008/1008/1008
f 1008/1008/1008 325/325/325 676/676/676
f 325/325/325 115/115/115 676/676/676
f 690/690/690 692/692/692 296/296/296
f 689/689/689 1009/1009/1009 690/690/690
f 690/690/690 1009/1009/1009 692/692/692
f 1009/1009/1009 691/691/691 692/692/692
f 689/689/689 330/330/330 1009/1009/1009
f 330/330/330 329/329/329 1009/1009/1009
f 1009/1009/1009 329/329/329 691/691/691
f 329/329/329 123/123/123 691/691/691
f 692/692/692 694/694/694 296/296/296
f 691/691/691 1010/1010/1010 692/692/692
f 692/692/692 1010/1010/1010 694/694/694
f 1010/1010/1010 693/693/693 694/694/694
f 691/691/691 332/332/332 1010/1010/1010
f 332/332/332 331/331/331 1010/1010/1010
f 1010/1010/1010 331/331/331 693/693/693
f 331/331/331 124/124/124 693/693/693
f 694/694/694 696/696/696 296/296/296
f 693/693/693 1011/1011/1011 694/694/694
f 694/694/694 1011/1011/1011 696/696/696
f 1011/1011/1011 695/695/695 696/696/696
f 693/693/693 334/334/334 1011/1011/1011
f 334/334/334 333/333/333 1011/1011/1011
f 1011/1011/1011 333/333/333 695/695/695
f 333/333/333 125/125/125 695/695/695
f 696/696/696 698/698/698 296/296/296
f 695/695/695 1012/1012/1012 696/696/696
f 696/696/696 1012/1012/1012 698/698/698
f 1012/1012/1012 697/697/697 698/698/698
f 695/695/695 336/336/336 1012/1012/1012
f 336/336/336 335/335/335 1012/1012/1012
f 1012/1012/1012 335/335/335 697/697/697
f 335/335/335 126/126/126 697/697/697
f 698/698/698 687/687/687 296/296/296
f 697/697/697 1013/1013/1013 698/698/698
f 698/698/698 1013/1013/1013 687/687/687
f 1013/1013/1013 688/688/688 687/687/687
f 697/697/697 338/338/338 1013/1013/1013
f 338/338/338 337/337/337 1013/1013/1013
f 1013/1013/1013 337/337/337 688/688/688
f 337/337/337 121/121/121 688/688/688
f 702/702/702 704/704/704 297/297/297
f 701/701/701 1014/1014/1014 702/702/702
f 702/702/702 1014/1014/1014 704/704/704
f 1014/1014/1014 703/703/703 704/704/704
f 701/701/701 342/342/342 1014/1014/1014
f 342/342/342 341/341/341 1014/1014/1014
f 1014/1014/1014 341/341/341 703/703/703
f 341/341/341 129/129/129 703/703/703
f 704/704/704 706/706/706 297/297/297
f 703/703/703 1015/1015/1015 704/704/704
f 704/704/704 1015/1015/1015 706/706/706
f 1015/1015/1015 705/705/705 706/706/706
f 703/703/703 344/344/344 1015/1015/1015
f 344/344/344 343/343/343 1015/1015/1015
f 1015/1015/1015 343/343/343 705/705/705
f 343/343/343 130/130/130 705/705/705
f 706/706/706 708/708/708 297/297/297
f 705/705/705 1016/1016/1016 706/706/706
f 706/706/706 1016/1016/1016 708/708/708
f 1016/1016/1016 707/707/707 708/708/708
f 705/705/705 346/346/346 1016/1016/1016
f 346/346/346 345/345/345 1016/1016/1016
f 1016/1016/1016 345/345/345 707/707/707
f 345/345/345 131/131/131 707/707/707
f 708/708/708 710/710/710 297/297/297
f 707/707/707 1017/1017/1017 708/708/708
f 708/708/708 1017/1017/1017 710/710/710
f 1017/1017/1017 709/709/709 710/710/710
f 707/707/707 348/348/348 1017/1017/1017
f 348/348/348 347/347/347 1017/1017/1017
f 1017/1017/1017 347/347/347 709/709/709
f 347/347/347 132/132/132 709/709/709
f 710/710/710 699/699/699 297/297/297
f 709/709/709 1018/1018/1018 710/710/710
f 710/710/710 1018/1018/1018 699/699/699
f 1018/1018/1018 700/700/700 699/699/699
f 709/709/709 350/350/350 1018/1018/1018
f 350/350/350 349/349/349 1018/1018/1018
f 1018/1018/1018 349/349/349 700/700/700
f 349/349/349 127/127/127 700/700/700
f 714/714/714 716/716/716 298/298/298
f 713/713/713 1019/1019/1019 714/714/714
f 714/714/714 1019/1019/1019 716/716/716
f 1019/1019/1019 715/715/715 716/716/716
f 713/713/713 354/354/354 1019/1019/1019
f 354/354/354 353/353/353 1019/1019/1019
f 1019/1019/1019 353/353/353 715/715/715
f 353/353/353 135/135/135 715/715/715
f 716/716/716 718/718/718 298/298/298
f 715/715/715 1020/1020/1020 716/716/716
f 716/716/716 1020/1020/1020 718/718/718
f 1020/1020/1020 717/717/717 718/718/718
f 715/715/715 356/356/356 1020/1020/1020
f 356/356/356 355/355/355 1020/1020/1020
f 1020/1020/1020 355/355/355 717/717/717
f 355/355/355 136/136/136 717/717/717
f 718/718/718 720/720/720 298/298/298
f 717/717/717 1021/1021/1021 718/718/718
f 718/718/718 1021/1021/1021 720/720/720
f 1021/1021/1021 719/719/719 720/720/720
f 717/717/717 358/358/358 1021/1021/1021
f 358/358/358 357/357/357 1021/1021/1021
f 1021/1021/1021 357/357/357 719/719/719
f 357/357/357 137/137/137 719/719/719
f 720/720/720 722/722/722 298/298/298
f 719/719/719 1022/1022/1022 720/720/720
f 720/720/720 1022/1022/1022 722/722/722
f 1022/1022/1022 721/721/721 722/722/722
f 719/719/719 360/360/360 1022/1022/1022
f 360/360/360 359/359/359 1022/1022/1022
f 1022/1022/1022 359/359/359 721/721/721
f 359/359/359 138/138/138 721/721/721
f 722/722/722 711/711/711 298/298/298
f 721/721/721 1023/1023/1023 722/722/722
f 722/722/722 1023/1023/1023 711/711/711
f 1023/1023/1023 712/712/712 711/711/711
f 721/721/721 362/362/362 1023/1023/1023
f 362/362/362 361/361/361 1023/1023/1023
f 1023/1023/1023 361/361/361 712/712/712
f 361/361/361 133/133/133 712/712/712
f 726/726/726 728/728/728 299/299/299
f 725/725/725 1024/1024/1024 726/726/726
f 726/726/726 1024/1024/1024 728/728/728
f 1024/1024/1024 727/727/727 728/728/728
f 725/725/725 366/366/366 1024/1024/1024
f 366/366/366 365/365/365 1024/1024/1024
f 1024/1024/1024 365/365/365 727/727/727
f 365/365/365 141/141/141 727/727/727
f 728/728/728 730/730/730 299/299/299
f 727/727/727 1025/1025/1025 728/728/728
f 728/728/728 1025/1025/1025 730/730/730
f 1025/1025/1025 729/729/729 730/730/730
f 727/727/727 368/368/368 1025/1025/1025
f 368/368/368 367/367/367 1025/1025/1025
f 1025/1025/1025 367/367/367 729/729/729
f 367/367/367 142/142/142 729/729/729
f 730/730/730 732/732/732 299/299/299
f 729/729/729 1026/1026/1026 730/730/730
f 730/730/730 1026/1026/1026 732/732/732
f 1026/1026/1026 731/731/731 732/732/732
f 729/729/729 370/370/370 1026/1026/1026
f 370/370/370 369/369/369 1026/1026/1026
f 1026/1026/1026 369/369/369 731/731/731
f 369/369/369 143/143/143 731/731/731
f 732/732/732 734/734/734 299/299/299
f 731/731/731 1027/1027/1027 732/732/732
f 732/732/732 1027/1027/1027 734/734/734
f 1027/1027/1027 733/733/733 734/734/734
f 731/731/731 372/372/372 1027/1027/1027
f 372/372/372 371/371/371 1027/1027/1027
f 1027/1027/1027 371/371/371 733/733/733
f 371/371/371 144/144/144 733/733/733
f 734/734/734 723/723/723 299/299/299
f 733/733/733 1028/1028/1028 734/734/734
f 734/734/734 1028/1028/1028 723/723/723
f 1028/1028/1028 724/724/724 723/723/723
f 733/733/733 374/374/374 1028/1028/1028
f 374/374/374 373/373/373 1028/1028/1028
f 1028/1028/1028 373/373/373 724/724/724
f 373/373/373 139/139/139 724/724/724
f 738/738/738 740/740/740 300/300/300
f 737/737/737 1029/1029/1029 738/738/738
f 738/738/738 1029/1029/1029 740/740/740
f 1029/1029/1029 739/739/739 740/740/740
f 737/737/737 378/378/378 1029/1029/1029
f 378/378/378 377/377/377 1029/1029/1029
f 1029/1029/1029 377/377/377 739/739/739
f 377/377/377 147/147/147 739/739/739
f 740/740/740 742/742/742 300/300/300
f 739/739/739 1030/1030/1030 740/740/740
f 740/740/740 1030/1030/1030 742/742/742
f 1030/1030/1030 741/741/741 742/742/742
f 739/739/739 380/380/380 1030/1030/1030
f 380/380/380 379/379/379 1030/1030/1030
f 1030/1030/1030 379/379/379 741/741/741
f 379/379/379 148/148/148 741/741/741
f 742/742/742 744/744/744 300/300/300
f 741/741/741 1031/1031/1031 742/742/742
f 742/742/742 1031/1031/1031 744/744/744
f 1031/1031/1031 743/743/743 744/744/744
f 741/741/741 382/382/382 1031/1031/1031
f 382/382/382 381/381/381 1031/1031/1031
f 1031/1031/1031 381/381/381 743/743/743
f 381/381/381 149/149/149 743/743/743
f 744/744/744 746/746/746 300/300/300
f 743/743/743 1032/1032/1032 744/744/744
f 744/744/744 1032/1032/1032 746/746/746
f 1032/1032/1032 745/745/745 746/746/746
f 743/743/743 384/384/384 1032/1032/1032
f 384/384/384 383/383/383 1032/1032/1032
f 1032/1032/1032 383/383/383 745/745/745
f 383/383/383 150/150/150 745/745/745
f 746/746/746 735/735/735 300/300/300
f 745/745/745 1033/1033/1033 746/746/746
f 746/746/746 1033/1033/1033 735/735/735
f 1033/1033/1033 736/736/736 735/735/735
f 745/745/745 386/386/386 1033/1033/1033
f 386/386/386 385/385/385 1033/1033/1033
f 1033/1033/1033 385/385/385 736/736/736
f 385/385/385 145/145/145 736/736/736
f 750/750/750 752/752/752 301/301/301
f 749/749/749 1034/1034/1034 750/750/750
f 750/750/750 1034/1034/1034 752/752/752
f 1034/1034/1034 751/751/751 752/752/752
f 749/749/749 390/390/390 1034/1034/1034
f 390/390/390 389/389/389 1034/1034/1034
f 1034/1034/1034 389/389/389 751/751/751
f 389/389/389 153/153/153 751/751/751

