# Blender 5.0.1
# www.blender.org
mtllib goal_180_120.mtl
o Goalposts
v -0.847056 0.060000 -0.000000
v -0.826796 0.055433 -0.000000
v -0.809621 0.042426 -0.000000
v -0.798145 0.022961 -0.000000
v -0.794115 0.000000 0.000000
v -0.798145 -0.022961 0.000000
v -0.809621 -0.042426 0.000000
v -0.826796 -0.055433 0.000000
v -0.847056 -0.060000 0.000000
v -0.867316 -0.055433 0.000000
v -0.884491 -0.042426 0.000000
v -0.895967 -0.022961 0.000000
v -0.899997 0.000000 0.000000
v -0.895967 0.022961 -0.000000
v -0.884491 0.042426 -0.000000
v -0.867316 0.055433 -0.000000
v 0.826797 0.055433 -0.000000
v 0.847056 0.060000 -0.000000
v 0.809621 0.042426 -0.000000
v 0.798145 0.022961 -0.000000
v 0.794115 0.000000 0.000000
v 0.798145 -0.022961 0.000000
v 0.809621 -0.042426 0.000000
v 0.826797 -0.055433 0.000000
v 0.847056 -0.060000 0.000000
v 0.867316 -0.055433 0.000000
v 0.884491 -0.042426 0.000000
v 0.895967 -0.022961 0.000000
v 0.899997 0.000000 0.000000
v 0.895967 0.022961 -0.000000
v 0.884491 0.042426 -0.000000
v 0.867316 0.055433 -0.000000
v -0.847056 0.060000 1.117223
v -0.834263 0.060000 1.133333
v -0.846430 0.060000 1.122201
v -0.844613 0.060000 1.126692
v -0.841782 0.060000 1.130256
v -0.838216 0.060000 1.132545
v -0.814084 0.055433 1.107821
v -0.826797 0.055433 1.091813
v -0.818013 0.055433 1.107038
v -0.821556 0.055433 1.104764
v -0.824369 0.055433 1.101222
v -0.826174 0.055433 1.096760
v -0.797095 0.042426 1.086193
v -0.809621 0.042426 1.070418
v -0.800966 0.042426 1.085421
v -0.804458 0.042426 1.083180
v -0.807229 0.042426 1.079690
v -0.809008 0.042426 1.075293
v -0.785784 0.022961 1.071741
v -0.798145 0.022961 1.056175
v -0.789604 0.022961 1.070979
v -0.793050 0.022961 1.068769
v -0.795785 0.022961 1.065325
v -0.797540 0.022961 1.060986
v -0.781815 0.000000 1.066666
v -0.794115 0.000000 1.051177
v -0.785616 0.000000 1.065908
v -0.789045 0.000000 1.063708
v -0.791766 0.000000 1.060282
v -0.793513 0.000000 1.055964
v -0.785784 -0.022961 1.071741
v -0.798145 -0.022961 1.056175
v -0.789604 -0.022961 1.070979
v -0.793050 -0.022961 1.068769
v -0.795785 -0.022961 1.065325
v -0.797540 -0.022961 1.060986
v -0.797095 -0.042426 1.086193
v -0.809621 -0.042426 1.070418
v -0.800966 -0.042426 1.085421
v -0.804458 -0.042426 1.083180
v -0.807229 -0.042426 1.079690
v -0.809008 -0.042426 1.075293
v -0.814084 -0.055433 1.107821
v -0.826797 -0.055433 1.091813
v -0.818013 -0.055433 1.107038
v -0.821556 -0.055433 1.104764
v -0.824369 -0.055433 1.101222
v -0.826174 -0.055433 1.096760
v -0.834263 -0.060000 1.133333
v -0.847056 -0.060000 1.117223
v -0.838216 -0.060000 1.132545
v -0.841782 -0.060000 1.130256
v -0.844613 -0.060000 1.126692
v -0.846430 -0.060000 1.122201
v -0.854604 -0.055433 1.158845
v -0.867316 -0.055433 1.142837
v -0.858532 -0.055433 1.158062
v -0.862076 -0.055433 1.155788
v -0.864888 -0.055433 1.152247
v -0.866694 -0.055433 1.147784
v -0.871965 -0.042426 1.180474
v -0.884491 -0.042426 1.164699
v -0.875835 -0.042426 1.179702
v -0.879328 -0.042426 1.177461
v -0.882099 -0.042426 1.173971
v -0.883878 -0.042426 1.169574
v -0.883606 -0.022961 1.194925
v -0.895967 -0.022961 1.179359
v -0.887426 -0.022961 1.194163
v -0.890872 -0.022961 1.191952
v -0.893607 -0.022961 1.188509
v -0.895362 -0.022961 1.184169
v -0.887697 0.000000 1.200000
v -0.899997 0.000000 1.184510
v -0.891498 0.000000 1.199242
v -0.894927 0.000000 1.197042
v -0.897648 0.000000 1.193615
v -0.899395 0.000000 1.189297
v -0.883606 0.022961 1.194925
v -0.895967 0.022961 1.179359
v -0.887426 0.022961 1.194163
v -0.890872 0.022961 1.191952
v -0.893607 0.022961 1.188509
v -0.895362 0.022961 1.184169
v -0.871965 0.042426 1.180474
v -0.884491 0.042426 1.164699
v -0.875835 0.042426 1.179702
v -0.879328 0.042426 1.177461
v -0.882099 0.042426 1.173971
v -0.883878 0.042426 1.169574
v -0.854604 0.055433 1.158845
v -0.867316 0.055433 1.142837
v -0.858532 0.055433 1.158062
v -0.862076 0.055433 1.155788
v -0.864888 0.055433 1.152247
v -0.866694 0.055433 1.147784
v 0.826796 0.055433 1.091814
v 0.814084 0.055433 1.107822
v 0.826174 0.055433 1.096760
v 0.824368 0.055433 1.101223
v 0.821556 0.055433 1.104764
v 0.818012 0.055433 1.107038
v 0.834262 0.060000 1.133334
v 0.847056 0.060000 1.117223
v 0.838216 0.060000 1.132545
v 0.841782 0.060000 1.130257
v 0.844613 0.060000 1.126693
v 0.846430 0.060000 1.122202
v 0.809621 0.042426 1.070419
v 0.797094 0.042426 1.086193
v 0.809008 0.042426 1.075294
v 0.807229 0.042426 1.079691
v 0.804457 0.042426 1.083181
v 0.800965 0.042426 1.085421
v 0.798145 0.022961 1.056176
v 0.785784 0.022961 1.071742
v 0.797540 0.022961 1.060986
v 0.795784 0.022961 1.065325
v 0.793050 0.022961 1.068769
v 0.789604 0.022961 1.070980
v 0.794115 0.000000 1.051178
v 0.781814 0.000000 1.066667
v 0.793513 0.000000 1.055964
v 0.791766 0.000000 1.060282
v 0.789045 0.000000 1.063709
v 0.785616 0.000000 1.065909
v 0.798145 -0.022961 1.056176
v 0.785784 -0.022961 1.071742
v 0.797540 -0.022961 1.060986
v 0.795784 -0.022961 1.065325
v 0.793050 -0.022961 1.068769
v 0.789604 -0.022961 1.070980
v 0.809621 -0.042426 1.070419
v 0.797094 -0.042426 1.086193
v 0.809008 -0.042426 1.075294
v 0.807229 -0.042426 1.079691
v 0.804457 -0.042426 1.083181
v 0.800965 -0.042426 1.085421
v 0.826796 -0.055433 1.091814
v 0.814084 -0.055433 1.107822
v 0.826174 -0.055433 1.096760
v 0.824368 -0.055433 1.101223
v 0.821556 -0.055433 1.104764
v 0.818012 -0.055433 1.107038
v 0.847056 -0.060000 1.117223
v 0.834262 -0.060000 1.133334
v 0.846430 -0.060000 1.122202
v 0.844613 -0.060000 1.126693
v 0.841782 -0.060000 1.130257
v 0.838216 -0.060000 1.132545
v 0.867316 -0.055433 1.142838
v 0.854603 -0.055433 1.158846
v 0.866693 -0.055433 1.147785
v 0.864888 -0.055433 1.152247
v 0.862075 -0.055433 1.155789
v 0.858532 -0.055433 1.158063
v 0.884491 -0.042426 1.164700
v 0.871964 -0.042426 1.180474
v 0.883878 -0.042426 1.169574
v 0.882098 -0.042426 1.173972
v 0.879327 -0.042426 1.177462
v 0.875835 -0.042426 1.179702
v 0.895967 -0.022961 1.179360
v 0.883606 -0.022961 1.194926
v 0.895362 -0.022961 1.184170
v 0.893606 -0.022961 1.188509
v 0.890872 -0.022961 1.191953
v 0.887426 -0.022961 1.194164
v 0.899997 0.000000 1.184511
v 0.887697 0.000000 1.200001
v 0.899395 0.000000 1.189298
v 0.897648 0.000000 1.193616
v 0.894927 0.000000 1.197042
v 0.891498 0.000000 1.199242
v 0.895967 0.022961 1.179360
v 0.883606 0.022961 1.194926
v 0.895362 0.022961 1.184170
v 0.893606 0.022961 1.188509
v 0.890872 0.022961 1.191953
v 0.887426 0.022961 1.194164
v 0.884491 0.042426 1.164700
v 0.871964 0.042426 1.180474
v 0.883878 0.042426 1.169574
v 0.882098 0.042426 1.173972
v 0.879327 0.042426 1.177462
v 0.875835 0.042426 1.179702
v 0.867316 0.055433 1.142838
v 0.854603 0.055433 1.158846
v 0.866693 0.055433 1.147785
v 0.864888 0.055433 1.152247
v 0.862075 0.055433 1.155789
v 0.858532 0.055433 1.158063
v -0.862938 -0.060000 0.006666
v -0.862938 -0.066000 0.000000
v -0.868232 -0.066000 0.006666
v -0.862938 -0.060457 0.004115
v -0.862938 -0.061757 0.001952
v -0.864964 -0.060457 0.006666
v -0.865015 -0.061008 0.004051
v -0.864910 -0.062062 0.002291
v -0.865995 -0.062536 0.002817
v -0.864964 -0.066000 0.000507
v -0.866682 -0.066000 0.001952
v -0.862938 -0.063704 0.000507
v -0.865015 -0.063646 0.001120
v -0.866413 -0.063766 0.002291
v -0.867830 -0.063704 0.006666
v -0.866682 -0.061757 0.006666
v -0.867830 -0.066000 0.004115
v -0.867343 -0.063646 0.004051
v -0.866413 -0.062062 0.004184
v -0.868233 -0.066000 1.060000
v -0.862938 -0.066000 1.066667
v -0.862938 -0.060000 1.060000
v -0.867830 -0.066000 1.062551
v -0.866682 -0.066000 1.064714
v -0.867830 -0.063704 1.060000
v -0.867343 -0.063646 1.062615
v -0.866413 -0.063766 1.064375
v -0.865995 -0.062536 1.063849
v -0.862938 -0.063704 1.066159
v -0.862938 -0.061757 1.064714
v -0.864964 -0.066000 1.066159
v -0.865015 -0.063646 1.065547
v -0.864910 -0.062062 1.064375
v -0.864964 -0.060457 1.060000
v -0.866682 -0.061757 1.060000
v -0.862938 -0.060457 1.062551
v -0.865015 -0.061008 1.062615
v -0.866413 -0.062062 1.062482
v -0.831174 -0.066000 0.000000
v -0.831174 -0.060000 0.006666
v -0.825880 -0.066000 0.006666
v -0.831174 -0.063704 0.000507
v -0.831174 -0.061757 0.001952
v -0.829148 -0.066000 0.000507
v -0.829097 -0.063646 0.001120
v -0.829202 -0.062062 0.002291
v -0.828117 -0.062536 0.002817
v -0.829148 -0.060457 0.006666
v -0.827430 -0.061757 0.006666
v -0.831174 -0.060457 0.004115
v -0.829097 -0.061008 0.004051
v -0.827699 -0.062062 0.004184
v -0.826283 -0.066000 0.004115
v -0.827430 -0.066000 0.001952
v -0.826283 -0.063704 0.006666
v -0.826769 -0.063646 0.004051
v -0.827699 -0.063766 0.002291
v -0.831174 -0.066000 1.066667
v -0.825880 -0.066000 1.060000
v -0.831174 -0.060000 1.060000
v -0.829148 -0.066000 1.066159
v -0.827430 -0.066000 1.064714
v -0.831174 -0.063704 1.066159
v -0.829097 -0.063646 1.065547
v -0.827699 -0.063766 1.064375
v -0.828117 -0.062536 1.063849
v -0.826283 -0.063704 1.060000
v -0.827430 -0.061757 1.060000
v -0.826283 -0.066000 1.062551
v -0.826769 -0.063646 1.062615
v -0.827699 -0.062062 1.062482
v -0.831174 -0.060457 1.062551
v -0.831174 -0.061757 1.064714
v -0.829148 -0.060457 1.060000
v -0.829097 -0.061008 1.062615
v -0.829202 -0.062062 1.064375
v -0.862938 -0.534000 0.000000
v -0.862938 -0.540000 0.006666
v -0.868232 -0.534000 0.006666
v -0.862938 -0.536296 0.000507
v -0.862938 -0.538243 0.001952
v -0.864964 -0.534000 0.000507
v -0.865015 -0.536354 0.001120
v -0.864910 -0.537938 0.002291
v -0.865995 -0.537464 0.002817
v -0.864964 -0.539543 0.006666
v -0.866682 -0.538243 0.006666
v -0.862938 -0.539543 0.004115
v -0.865015 -0.538992 0.004051
v -0.866413 -0.537938 0.004184
v -0.867830 -0.534000 0.004115
v -0.866682 -0.534000 0.001952
v -0.867830 -0.536296 0.006666
v -0.867343 -0.536354 0.004051
v -0.866413 -0.536234 0.002291
v -0.862938 -0.534000 1.066667
v -0.868233 -0.534000 1.060000
v -0.862938 -0.540000 1.060000
v -0.864964 -0.534000 1.066159
v -0.866682 -0.534000 1.064714
v -0.862938 -0.536296 1.066159
v -0.865015 -0.536354 1.065547
v -0.866413 -0.536234 1.064375
v -0.865995 -0.537464 1.063849
v -0.867830 -0.536296 1.060000
v -0.866682 -0.538243 1.060000
v -0.867830 -0.534000 1.062551
v -0.867343 -0.536354 1.062615
v -0.866413 -0.537938 1.062482
v -0.862938 -0.539543 1.062551
v -0.862938 -0.538243 1.064714
v -0.864964 -0.539543 1.060000
v -0.865015 -0.538992 1.062615
v -0.864910 -0.537938 1.064375
v -0.825880 -0.534000 0.006667
v -0.831174 -0.540000 0.006666
v -0.831174 -0.534000 0.000000
v -0.826283 -0.536296 0.006666
v -0.827430 -0.538243 0.006666
v -0.826283 -0.534000 0.004115
v -0.826769 -0.536354 0.004051
v -0.827699 -0.537938 0.004184
v -0.828117 -0.537464 0.002817
v -0.831174 -0.539543 0.004115
v -0.831174 -0.538243 0.001952
v -0.829148 -0.539543 0.006666
v -0.829097 -0.538992 0.004051
v -0.829202 -0.537938 0.002291
v -0.829148 -0.534000 0.000507
v -0.827430 -0.534000 0.001952
v -0.831174 -0.536296 0.000507
v -0.829097 -0.536354 0.001120
v -0.827699 -0.536234 0.002291
v -0.825880 -0.534000 1.060000
v -0.831174 -0.534000 1.066667
v -0.831174 -0.540000 1.060000
v -0.826283 -0.534000 1.062551
v -0.827430 -0.534000 1.064714
v -0.826283 -0.536296 1.060000
v -0.826769 -0.536354 1.062615
v -0.827699 -0.536234 1.064375
v -0.828117 -0.537464 1.063849
v -0.831174 -0.536296 1.066159
v -0.831174 -0.538243 1.064714
v -0.829148 -0.534000 1.066159
v -0.829097 -0.536354 1.065547
v -0.829202 -0.537938 1.064375
v -0.829148 -0.539543 1.060000
v -0.827430 -0.538243 1.060000
v -0.831174 -0.539543 1.062551
v -0.829097 -0.538992 1.062615
v -0.827699 -0.537938 1.062482
v -0.862938 -0.060000 1.013333
v -0.868233 -0.066000 1.013333
v -0.864964 -0.060457 1.013333
v -0.866682 -0.061757 1.013333
v -0.867830 -0.063704 1.013333
v -0.825880 -0.066000 1.013333
v -0.831174 -0.060000 1.013333
v -0.826283 -0.063704 1.013333
v -0.827430 -0.061757 1.013333
v -0.829148 -0.060457 1.013333
v -0.831174 -0.540000 1.013333
v -0.825880 -0.534000 1.013333
v -0.829148 -0.539543 1.013333
v -0.827430 -0.538243 1.013333
v -0.826283 -0.536296 1.013333
v -0.868233 -0.534000 1.013333
v -0.862938 -0.540000 1.013333
v -0.867830 -0.536296 1.013333
v -0.866682 -0.538243 1.013333
v -0.864964 -0.539543 1.013333
v -0.831174 -0.492000 0.000000
v -0.825880 -0.492000 0.006666
v -0.829148 -0.492000 0.000507
v -0.827430 -0.492000 0.001952
v -0.826283 -0.492000 0.004115
v -0.825880 -0.492000 1.060000
v -0.831174 -0.492000 1.066667
v -0.826283 -0.492000 1.062551
v -0.827430 -0.492000 1.064714
v -0.829148 -0.492000 1.066159
v -0.868232 -0.492000 0.006666
v -0.862938 -0.492000 0.000000
v -0.867830 -0.492000 0.004115
v -0.866682 -0.492000 0.001952
v -0.864964 -0.492000 0.000507
v -0.862938 -0.492000 1.066667
v -0.868233 -0.492000 1.060000
v -0.864964 -0.492000 1.066159
v -0.866682 -0.492000 1.064714
v -0.867830 -0.492000 1.062551
v -0.862938 -0.486000 1.013333
v -0.862938 -0.492000 1.006667
v -0.868233 -0.498000 1.020000
v -0.862938 -0.488296 1.012826
v -0.862938 -0.490243 1.011381
v -0.864964 -0.488753 1.013841
v -0.864893 -0.490164 1.013333
v -0.864843 -0.491205 1.012450
v -0.865983 -0.492000 1.013333
v -0.864964 -0.492457 1.009725
v -0.866682 -0.493757 1.013333
v -0.862938 -0.491543 1.009218
v -0.864893 -0.492000 1.011294
v -0.866458 -0.492795 1.013333
v -0.867830 -0.495247 1.017449
v -0.866682 -0.492000 1.015286
v -0.867830 -0.495704 1.016941
v -0.867244 -0.493836 1.015373
v -0.866458 -0.492000 1.014216
v -0.831174 -0.486000 1.013333
v -0.825880 -0.498000 1.020000
v -0.831174 -0.492000 1.006667
v -0.829148 -0.488753 1.013841
v -0.827430 -0.492000 1.015286
v -0.831174 -0.488296 1.012826
v -0.829219 -0.490164 1.013333
v -0.827654 -0.492000 1.014216
v -0.828129 -0.492000 1.013333
v -0.826283 -0.495704 1.016941
v -0.827430 -0.493757 1.013333
v -0.826283 -0.495247 1.017449
v -0.826868 -0.493836 1.015373
v -0.827654 -0.492795 1.013333
v -0.831174 -0.491543 1.009218
v -0.831174 -0.490243 1.011381
v -0.829148 -0.492457 1.009725
v -0.829219 -0.492000 1.011294
v -0.829269 -0.491205 1.012450
v -0.825880 -0.108000 0.006666
v -0.831174 -0.108000 0.000000
v -0.826283 -0.108000 0.004115
v -0.827430 -0.108000 0.001952
v -0.829148 -0.108000 0.000507
v -0.868233 -0.108000 1.060000
v -0.862938 -0.108000 1.066667
v -0.867830 -0.108000 1.062551
v -0.866682 -0.108000 1.064714
v -0.864964 -0.108000 1.066159
v -0.862938 -0.114000 1.013333
v -0.868233 -0.102000 1.020000
v -0.862938 -0.108000 1.006667
v -0.864964 -0.111247 1.013841
v -0.866682 -0.108000 1.015286
v -0.862938 -0.111704 1.012826
v -0.864893 -0.109836 1.013333
v -0.866458 -0.108000 1.014216
v -0.865983 -0.108000 1.013333
v -0.867830 -0.104296 1.016941
v -0.866682 -0.106243 1.013333
v -0.867830 -0.104753 1.017449
v -0.867244 -0.106164 1.015373
v -0.866458 -0.107205 1.013333
v -0.862938 -0.108457 1.009218
v -0.862938 -0.109757 1.011381
v -0.864964 -0.107543 1.009725
v -0.864893 -0.108000 1.011294
v -0.864843 -0.108795 1.012450
v -0.825880 -0.108000 1.060000
v -0.831174 -0.108000 1.066667
v -0.826283 -0.108000 1.062551
v -0.827430 -0.108000 1.064714
v -0.829148 -0.108000 1.066159
v -0.868232 -0.108000 0.006666
v -0.862938 -0.108000 0.000000
v -0.867830 -0.108000 0.004115
v -0.866682 -0.108000 0.001952
v -0.864964 -0.108000 0.000507
v -0.831174 -0.114000 1.013333
v -0.831174 -0.108000 1.006667
v -0.825880 -0.102000 1.020000
v -0.831174 -0.111704 1.012826
v -0.831174 -0.109757 1.011381
v -0.829148 -0.111247 1.013841
v -0.829219 -0.109836 1.013333
v -0.829269 -0.108795 1.012450
v -0.828129 -0.108000 1.013333
v -0.829148 -0.107543 1.009725
v -0.827430 -0.106243 1.013333
v -0.831174 -0.108457 1.009218
v -0.829219 -0.108000 1.011294
v -0.827654 -0.107205 1.013333
v -0.826283 -0.104753 1.017449
v -0.827430 -0.108000 1.015286
v -0.826283 -0.104296 1.016941
v -0.826868 -0.106164 1.015373
v -0.827654 -0.108000 1.014216
v -0.831174 -0.060000 0.053333
v -0.825880 -0.066000 0.053333
v -0.829148 -0.060457 0.053333
v -0.827430 -0.061757 0.053333
v -0.826283 -0.063704 0.053333
v -0.825880 -0.534000 0.053333
v -0.831174 -0.540000 0.053333
v -0.826283 -0.536296 0.053333
v -0.827430 -0.538243 0.053333
v -0.829148 -0.539543 0.053333
v -0.862938 -0.540000 0.053333
v -0.868232 -0.534000 0.053333
v -0.864964 -0.539543 0.053333
v -0.866682 -0.538243 0.053333
v -0.867830 -0.536296 0.053333
v -0.862938 -0.060000 0.053333
v -0.868232 -0.066000 0.053333
v -0.864964 -0.060457 0.053333
v -0.866682 -0.061757 0.053333
v -0.867830 -0.063704 0.053333
v -0.831174 -0.492000 0.060000
v -0.825880 -0.498000 0.046666
v -0.831174 -0.486000 0.053333
v -0.829148 -0.492457 0.056941
v -0.827430 -0.493757 0.053333
v -0.831174 -0.491543 0.057449
v -0.829219 -0.492000 0.055373
v -0.827654 -0.492795 0.053333
v -0.828129 -0.492000 0.053333
v -0.826283 -0.495247 0.049218
v -0.827430 -0.492000 0.051381
v -0.826283 -0.495704 0.049725
v -0.826868 -0.493836 0.051293
v -0.827654 -0.492000 0.052450
v -0.831174 -0.488296 0.053841
v -0.831174 -0.490243 0.055286
v -0.829148 -0.488753 0.052826
v -0.829219 -0.490164 0.053333
v -0.829269 -0.491205 0.054216
v -0.862938 -0.492000 0.060000
v -0.862938 -0.486000 0.053333
v -0.868232 -0.498000 0.046666
v -0.862938 -0.491543 0.057449
v -0.862938 -0.490243 0.055286
v -0.864964 -0.492457 0.056941
v -0.864893 -0.492000 0.055373
v -0.864843 -0.491205 0.054216
v -0.865983 -0.492000 0.053333
v -0.864964 -0.488753 0.052826
v -0.866682 -0.492000 0.051381
v -0.862938 -0.488296 0.053841
v -0.864893 -0.490164 0.053333
v -0.866458 -0.492000 0.052450
v -0.867830 -0.495704 0.049725
v -0.866682 -0.493757 0.053333
v -0.867830 -0.495247 0.049218
v -0.867244 -0.493836 0.051293
v -0.866458 -0.492795 0.053333
v -0.831174 -0.108000 0.060000
v -0.831174 -0.114000 0.053333
v -0.825880 -0.102000 0.046666
v -0.831174 -0.108457 0.057449
v -0.831174 -0.109757 0.055286
v -0.829148 -0.107543 0.056941
v -0.829219 -0.108000 0.055373
v -0.829269 -0.108795 0.054216
v -0.828129 -0.108000 0.053333
v -0.829148 -0.111247 0.052826
v -0.827430 -0.108000 0.051381
v -0.831174 -0.111704 0.053841
v -0.829219 -0.109836 0.053333
v -0.827654 -0.108000 0.052450
v -0.826283 -0.104296 0.049725
v -0.827430 -0.106243 0.053333
v -0.826283 -0.104753 0.049218
v -0.826868 -0.106164 0.051293
v -0.827654 -0.107205 0.053333
v -0.862938 -0.108000 0.060000
v -0.868232 -0.102000 0.046666
v -0.862938 -0.114000 0.053333
v -0.864964 -0.107543 0.056941
v -0.866682 -0.106243 0.053333
v -0.862938 -0.108457 0.057449
v -0.864893 -0.108000 0.055373
v -0.866458 -0.107205 0.053333
v -0.865983 -0.108000 0.053333
v -0.867830 -0.104753 0.049218
v -0.866682 -0.108000 0.051381
v -0.867830 -0.104296 0.049725
v -0.867244 -0.106164 0.051293
v -0.866458 -0.108000 0.052450
v -0.862938 -0.111704 0.053841
v -0.862938 -0.109757 0.055286
v -0.864964 -0.111247 0.052826
v -0.864893 -0.109836 0.053333
v -0.864843 -0.108795 0.054216
v -0.820586 -0.534000 0.000000
v -0.820586 -0.540000 0.006667
v -0.825477 -0.534000 0.004115
v -0.824329 -0.534000 0.001952
v -0.825477 -0.536296 0.006667
v -0.824990 -0.536354 0.004051
v -0.824060 -0.536234 0.002291
v -0.823642 -0.537464 0.002818
v -0.820586 -0.536296 0.000507
v -0.820586 -0.538243 0.001952
v -0.822612 -0.534000 0.000507
v -0.822662 -0.536354 0.001120
v -0.822557 -0.537938 0.002291
v -0.822612 -0.539543 0.006667
v -0.824329 -0.538243 0.006667
v -0.820586 -0.539543 0.004115
v -0.822662 -0.538992 0.004051
v -0.824060 -0.537938 0.004184
v -0.820586 -0.540000 1.060000
v -0.820586 -0.534000 1.066667
v -0.820586 -0.539543 1.062551
v -0.820586 -0.538243 1.064714
v -0.822612 -0.539543 1.060000
v -0.822662 -0.538992 1.062615
v -0.822557 -0.537938 1.064375
v -0.823642 -0.537464 1.063849
v -0.822612 -0.534000 1.066159
v -0.824329 -0.534000 1.064714
v -0.820586 -0.536296 1.066159
v -0.822662 -0.536354 1.065547
v -0.824060 -0.536234 1.064375
v -0.825477 -0.536296 1.060000
v -0.824329 -0.538243 1.060000
v -0.825477 -0.534000 1.062551
v -0.824990 -0.536354 1.062615
v -0.824060 -0.537938 1.062482
v -0.820586 -0.498000 0.000000
v -0.825880 -0.498000 0.006667
v -0.820586 -0.492000 0.006667
v -0.822612 -0.498000 0.000507
v -0.824329 -0.498000 0.001952
v -0.820586 -0.495704 0.000507
v -0.822662 -0.495646 0.001120
v -0.824060 -0.495766 0.002291
v -0.823642 -0.494536 0.002818
v -0.825477 -0.495704 0.006667
v -0.824329 -0.493757 0.006667
v -0.825477 -0.498000 0.004115
v -0.824990 -0.495646 0.004051
v -0.824060 -0.494062 0.004184
v -0.820586 -0.492457 0.004115
v -0.820586 -0.493757 0.001952
v -0.822612 -0.492457 0.006667
v -0.822662 -0.493008 0.004051
v -0.822557 -0.494062 0.002291
v -0.820586 -0.498000 1.066667
v -0.820586 -0.492000 1.060000
v -0.825880 -0.498000 1.060000
v -0.820586 -0.495704 1.066159
v -0.820586 -0.493757 1.064714
v -0.822612 -0.498000 1.066159
v -0.822662 -0.495646 1.065547
v -0.822557 -0.494062 1.064375
v -0.823642 -0.494536 1.063849
v -0.822612 -0.492457 1.060000
v -0.824329 -0.493757 1.060000
v -0.820586 -0.492457 1.062551
v -0.822662 -0.493008 1.062615
v -0.824060 -0.494062 1.062482
v -0.825477 -0.498000 1.062551
v -0.824329 -0.498000 1.064714
v -0.825477 -0.495704 1.060000
v -0.824990 -0.495646 1.062615
v -0.824060 -0.495766 1.064375
v 0.820586 -0.534000 0.000000
v 0.825880 -0.534000 0.006667
v 0.820586 -0.540000 0.006667
v 0.822612 -0.534000 0.000508
v 0.824329 -0.534000 0.001953
v 0.820586 -0.536296 0.000508
v 0.822662 -0.536354 0.001120
v 0.824060 -0.536234 0.002292
v 0.823642 -0.537464 0.002818
v 0.825477 -0.536296 0.006667
v 0.824329 -0.538243 0.006667
v 0.825477 -0.534000 0.004116
v 0.824990 -0.536354 0.004052
v 0.824060 -0.537938 0.004184
v 0.820586 -0.539543 0.004116
v 0.820586 -0.538243 0.001953
v 0.822612 -0.539543 0.006667
v 0.822662 -0.538992 0.004052
v 0.822557 -0.537938 0.002292
v 0.820585 -0.534000 1.066667
v 0.820585 -0.540000 1.060000
v 0.825880 -0.534000 1.060000
v 0.820586 -0.536296 1.066159
v 0.820586 -0.538243 1.064714
v 0.822612 -0.534000 1.066159
v 0.822662 -0.536354 1.065547
v 0.822557 -0.537938 1.064375
v 0.823642 -0.537464 1.063849
v 0.822612 -0.539543 1.060000
v 0.824329 -0.538243 1.060000
v 0.820586 -0.539543 1.062551
v 0.822662 -0.538992 1.062615
v 0.824060 -0.537938 1.062483
v 0.825477 -0.534000 1.062551
v 0.824329 -0.534000 1.064714
v 0.825477 -0.536296 1.060000
v 0.824990 -0.536354 1.062615
v 0.824060 -0.536234 1.064375
v 0.820586 -0.492000 0.006667
v 0.825880 -0.498000 0.006667
v 0.820586 -0.498000 0.000000
v 0.822612 -0.492457 0.006667
v 0.824329 -0.493757 0.006667
v 0.820586 -0.492457 0.004116
v 0.822662 -0.493008 0.004052
v 0.824060 -0.494062 0.004184
v 0.823642 -0.494536 0.002818
v 0.825477 -0.498000 0.004116
v 0.824329 -0.498000 0.001953
v 0.825477 -0.495704 0.006667
v 0.824990 -0.495646 0.004052
v 0.824060 -0.495766 0.002292
v 0.820586 -0.495704 0.000508
v 0.820586 -0.493757 0.001953
v 0.822612 -0.498000 0.000508
v 0.822662 -0.495646 0.001120
v 0.822557 -0.494062 0.002292
v 0.820585 -0.492000 1.060000
v 0.820585 -0.498000 1.066667
v 0.825880 -0.498000 1.060000
v 0.820586 -0.492457 1.062551
v 0.820586 -0.493757 1.064714
v 0.822612 -0.492457 1.060000
v 0.822662 -0.493008 1.062615
v 0.822557 -0.494062 1.064375
v 0.823642 -0.494536 1.063849
v 0.822612 -0.498000 1.066159
v 0.824329 -0.498000 1.064714
v 0.820586 -0.495704 1.066159
v 0.822662 -0.495646 1.065547
v 0.824060 -0.495766 1.064375
v 0.825477 -0.495704 1.060000
v 0.824329 -0.493757 1.060000
v 0.825477 -0.498000 1.062551
v 0.824990 -0.495646 1.062615
v 0.824060 -0.494062 1.062483
v -0.820586 -0.540000 1.013333
v -0.825477 -0.536296 1.013333
v -0.824329 -0.538243 1.013333
v -0.822612 -0.539543 1.013333
v -0.820586 -0.492000 1.013333
v -0.825880 -0.498000 1.013333
v -0.822612 -0.492457 1.013333
v -0.824329 -0.493757 1.013333
v -0.825477 -0.495704 1.013333
v 0.825880 -0.498000 1.013334
v 0.820585 -0.492000 1.013334
v 0.825477 -0.495704 1.013334
v 0.824329 -0.493757 1.013334
v 0.822611 -0.492457 1.013334
v 0.820585 -0.540000 1.013334
v 0.825880 -0.534000 1.013334
v 0.822611 -0.539543 1.013334
v 0.824329 -0.538243 1.013334
v 0.825477 -0.536296 1.013334
v 0.783527 -0.498000 0.000000
v 0.783527 -0.492000 0.006667
v 0.783527 -0.495704 0.000508
v 0.783527 -0.493757 0.001953
v 0.783527 -0.492457 0.004116
v 0.783527 -0.492000 1.060000
v 0.783527 -0.498000 1.066667
v 0.783527 -0.492457 1.062551
v 0.783527 -0.493757 1.064714
v 0.783527 -0.495704 1.066159
v 0.783527 -0.540000 0.006667
v 0.783527 -0.534000 0.000000
v 0.783527 -0.539543 0.004116
v 0.783527 -0.538243 0.001953
v 0.783527 -0.536296 0.000508
v 0.783527 -0.534000 1.066667
v 0.783527 -0.540000 1.060000
v 0.783527 -0.536296 1.066159
v 0.783527 -0.538243 1.064714
v 0.783527 -0.539543 1.062551
v 0.778233 -0.534000 1.013334
v 0.783527 -0.534000 1.006667
v 0.788821 -0.540000 1.020000
v 0.780259 -0.534000 1.012826
v 0.781976 -0.534000 1.011381
v 0.780662 -0.536296 1.013841
v 0.781907 -0.536215 1.013334
v 0.782825 -0.536159 1.012451
v 0.783527 -0.537451 1.013334
v 0.783930 -0.536296 1.009726
v 0.785077 -0.538243 1.013334
v 0.783124 -0.534000 1.009218
v 0.783527 -0.536215 1.011294
v 0.784228 -0.537989 1.013334
v 0.786392 -0.539543 1.017449
v 0.783527 -0.538243 1.015286
v 0.786795 -0.539543 1.016942
v 0.785147 -0.538879 1.015373
v 0.783527 -0.537989 1.014217
v 0.778233 -0.498000 1.013334
v 0.788821 -0.492000 1.020000
v 0.783527 -0.498000 1.006667
v 0.780662 -0.495704 1.013841
v 0.783527 -0.493757 1.015286
v 0.780259 -0.498000 1.012826
v 0.781907 -0.495785 1.013334
v 0.783527 -0.494011 1.014217
v 0.783527 -0.494549 1.013334
v 0.786795 -0.492457 1.016941
v 0.785077 -0.493757 1.013334
v 0.786392 -0.492457 1.017449
v 0.785147 -0.493121 1.015373
v 0.784228 -0.494011 1.013334
v 0.783124 -0.498000 1.009218
v 0.781976 -0.498000 1.011381
v 0.783930 -0.495704 1.009726
v 0.783527 -0.495785 1.011294
v 0.782825 -0.495841 1.012451
v -0.783527 -0.492000 0.006667
v -0.783527 -0.498000 0.000000
v -0.783527 -0.492457 0.004115
v -0.783527 -0.493757 0.001952
v -0.783527 -0.495704 0.000507
v -0.783527 -0.540000 1.060000
v -0.783527 -0.534000 1.066667
v -0.783527 -0.539543 1.062551
v -0.783527 -0.538243 1.064714
v -0.783527 -0.536296 1.066159
v -0.778233 -0.534000 1.013333
v -0.788821 -0.540000 1.020000
v -0.783527 -0.534000 1.006667
v -0.780662 -0.536296 1.013841
v -0.783527 -0.538243 1.015286
v -0.780259 -0.534000 1.012826
v -0.781907 -0.536215 1.013333
v -0.783527 -0.537989 1.014216
v -0.783527 -0.537451 1.013333
v -0.786795 -0.539543 1.016941
v -0.785078 -0.538243 1.013333
v -0.786392 -0.539543 1.017449
v -0.785147 -0.538879 1.015373
v -0.784228 -0.537989 1.013333
v -0.783124 -0.534000 1.009218
v -0.781976 -0.534000 1.011381
v -0.783930 -0.536296 1.009725
v -0.783527 -0.536215 1.011294
v -0.782826 -0.536159 1.012450
v -0.783527 -0.492000 1.060000
v -0.783527 -0.498000 1.066667
v -0.783527 -0.492457 1.062551
v -0.783527 -0.493757 1.064714
v -0.783527 -0.495704 1.066159
v -0.783527 -0.540000 0.006667
v -0.783527 -0.534000 0.000000
v -0.783527 -0.539543 0.004115
v -0.783527 -0.538243 0.001952
v -0.783527 -0.536296 0.000507
v -0.778233 -0.498000 1.013333
v -0.783527 -0.498000 1.006667
v -0.788821 -0.492000 1.020000
v -0.780259 -0.498000 1.012826
v -0.781976 -0.498000 1.011381
v -0.780662 -0.495704 1.013841
v -0.781907 -0.495785 1.013333
v -0.782826 -0.495841 1.012450
v -0.783527 -0.494549 1.013333
v -0.783930 -0.495704 1.009725
v -0.785078 -0.493757 1.013333
v -0.783124 -0.498000 1.009218
v -0.783527 -0.495785 1.011294
v -0.784228 -0.494011 1.013333
v -0.786392 -0.492457 1.017449
v -0.783527 -0.493757 1.015286
v -0.786795 -0.492457 1.016941
v -0.785147 -0.493121 1.015373
v -0.783527 -0.494011 1.014216
v -0.825880 -0.498000 0.053333
v -0.820586 -0.492000 0.053333
v -0.825477 -0.495704 0.053333
v -0.824329 -0.493757 0.053333
v -0.822612 -0.492457 0.053333
v 0.820586 -0.492000 0.053334
v 0.825880 -0.498000 0.053334
v 0.822612 -0.492457 0.053334
v 0.824329 -0.493757 0.053334
v 0.825477 -0.495704 0.053334
v 0.825880 -0.534000 0.053334
v 0.820586 -0.540000 0.053334
v 0.825477 -0.536296 0.053334
v 0.824329 -0.538243 0.053334
v 0.822612 -0.539543 0.053334
v -0.820586 -0.540000 0.053333
v -0.825477 -0.536296 0.053333
v -0.824329 -0.538243 0.053333
v -0.822612 -0.539543 0.053333
v 0.783527 -0.498000 0.060000
v 0.788821 -0.492000 0.046667
v 0.778233 -0.498000 0.053334
v 0.783930 -0.495704 0.056942
v 0.785077 -0.493757 0.053334
v 0.783124 -0.498000 0.057449
v 0.783527 -0.495785 0.055373
v 0.784228 -0.494011 0.053334
v 0.783527 -0.494549 0.053334
v 0.786392 -0.492457 0.049218
v 0.783527 -0.493757 0.051381
v 0.786795 -0.492457 0.049726
v 0.785147 -0.493121 0.051294
v 0.783527 -0.494011 0.052451
v 0.780259 -0.498000 0.053841
v 0.781976 -0.498000 0.055286
v 0.780662 -0.495704 0.052826
v 0.781907 -0.495785 0.053334
v 0.782825 -0.495841 0.054217
v 0.783527 -0.534000 0.060000
v 0.778233 -0.534000 0.053334
v 0.788821 -0.540000 0.046667
v 0.783124 -0.534000 0.057449
v 0.781976 -0.534000 0.055286
v 0.783930 -0.536296 0.056942
v 0.783527 -0.536215 0.055373
v 0.782825 -0.536159 0.054217
v 0.783527 -0.537451 0.053334
v 0.780662 -0.536296 0.052826
v 0.783527 -0.538243 0.051381
v 0.780259 -0.534000 0.053841
v 0.781907 -0.536215 0.053334
v 0.783527 -0.537989 0.052451
v 0.786795 -0.539543 0.049726
v 0.785077 -0.538243 0.053334
v 0.786392 -0.539543 0.049218
v 0.785147 -0.538879 0.051294
v 0.784228 -0.537989 0.053334
v -0.783527 -0.498000 0.060000
v -0.778233 -0.498000 0.053333
v -0.788821 -0.492000 0.046667
v -0.783124 -0.498000 0.057449
v -0.781976 -0.498000 0.055286
v -0.783930 -0.495704 0.056941
v -0.783527 -0.495785 0.055373
v -0.782826 -0.495841 0.054216
v -0.783527 -0.494549 0.053333
v -0.780662 -0.495704 0.052826
v -0.783527 -0.493757 0.051381
v -0.780259 -0.498000 0.053841
v -0.781907 -0.495785 0.053333
v -0.783527 -0.494011 0.052450
v -0.786795 -0.492457 0.049725
v -0.785078 -0.493757 0.053333
v -0.786392 -0.492457 0.049218
v -0.785147 -0.493121 0.051293
v -0.784228 -0.494011 0.053333
v -0.783527 -0.534000 0.060000
v -0.788821 -0.540000 0.046667
v -0.778233 -0.534000 0.053333
v -0.783930 -0.536296 0.056941
v -0.785078 -0.538243 0.053333
v -0.783124 -0.534000 0.057449
v -0.783527 -0.536215 0.055373
v -0.784228 -0.537989 0.053333
v -0.783527 -0.537451 0.053333
v -0.786392 -0.539543 0.049218
v -0.783527 -0.538243 0.051381
v -0.786795 -0.539543 0.049725
v -0.785147 -0.538879 0.051293
v -0.783527 -0.537989 0.052450
v -0.780259 -0.534000 0.053841
v -0.781976 -0.534000 0.055286
v -0.780662 -0.536296 0.052826
v -0.781907 -0.536215 0.053333
v -0.782826 -0.536159 0.054216
v 0.862938 -0.060000 0.006667
v 0.862938 -0.066000 0.000000
v 0.868232 -0.066000 0.006667
v 0.862938 -0.060457 0.004116
v 0.862938 -0.061757 0.001953
v 0.864964 -0.060457 0.006667
v 0.865015 -0.061008 0.004052
v 0.864910 -0.062062 0.002292
v 0.865995 -0.062536 0.002818
v 0.864964 -0.066000 0.000508
v 0.866682 -0.066000 0.001953
v 0.862938 -0.063704 0.000508
v 0.865015 -0.063646 0.001120
v 0.866413 -0.063766 0.002292
v 0.867830 -0.063704 0.006667
v 0.866682 -0.061757 0.006667
v 0.867830 -0.066000 0.004116
v 0.867343 -0.063646 0.004052
v 0.866413 -0.062062 0.004184
v 0.868232 -0.066000 1.060000
v 0.862938 -0.066000 1.066667
v 0.862938 -0.060000 1.060000
v 0.867829 -0.066000 1.062551
v 0.866682 -0.066000 1.064714
v 0.867829 -0.063704 1.060000
v 0.867343 -0.063646 1.062615
v 0.866413 -0.063766 1.064375
v 0.865995 -0.062536 1.063849
v 0.862938 -0.063704 1.066159
v 0.862938 -0.061757 1.064714
v 0.864964 -0.066000 1.066159
v 0.865015 -0.063646 1.065547
v 0.864910 -0.062062 1.064375
v 0.864964 -0.060457 1.060000
v 0.866682 -0.061757 1.060000
v 0.862938 -0.060457 1.062551
v 0.865015 -0.061008 1.062615
v 0.866413 -0.062062 1.062483
v 0.831174 -0.066000 0.000000
v 0.831174 -0.060000 0.006667
v 0.825880 -0.066000 0.006667
v 0.831174 -0.063704 0.000508
v 0.831174 -0.061757 0.001953
v 0.829148 -0.066000 0.000508
v 0.829097 -0.063646 0.001120
v 0.829202 -0.062062 0.002292
v 0.828117 -0.062536 0.002818
v 0.829148 -0.060457 0.006667
v 0.827430 -0.061757 0.006667
v 0.831174 -0.060457 0.004116
v 0.829097 -0.061008 0.004052
v 0.827699 -0.062062 0.004184
v 0.826283 -0.066000 0.004116
v 0.827430 -0.066000 0.001953
v 0.826283 -0.063704 0.006667
v 0.826769 -0.063646 0.004052
v 0.827699 -0.063766 0.002292
v 0.831174 -0.066000 1.066667
v 0.825880 -0.066000 1.060000
v 0.831174 -0.060000 1.060000
v 0.829148 -0.066000 1.066159
v 0.827430 -0.066000 1.064714
v 0.831174 -0.063704 1.066159
v 0.829097 -0.063646 1.065547
v 0.827699 -0.063766 1.064375
v 0.828117 -0.062536 1.063849
v 0.826283 -0.063704 1.060000
v 0.827430 -0.061757 1.060000
v 0.826283 -0.066000 1.062551
v 0.826769 -0.063646 1.062615
v 0.827699 -0.062062 1.062483
v 0.831174 -0.060457 1.062551
v 0.831174 -0.061757 1.064714
v 0.829148 -0.060457 1.060000
v 0.829097 -0.061008 1.062615
v 0.829202 -0.062062 1.064375
v 0.862938 -0.534000 0.000000
v 0.862938 -0.540000 0.006667
v 0.868232 -0.534000 0.006667
v 0.862938 -0.536296 0.000508
v 0.862938 -0.538243 0.001953
v 0.864964 -0.534000 0.000508
v 0.865015 -0.536354 0.001120
v 0.864910 -0.537938 0.002292
v 0.865995 -0.537464 0.002818
v 0.864964 -0.539543 0.006667
v 0.866682 -0.538243 0.006667
v 0.862938 -0.539543 0.004116
v 0.865015 -0.538992 0.004052
v 0.866413 -0.537938 0.004184
v 0.867830 -0.534000 0.004116
v 0.866682 -0.534000 0.001953
v 0.867830 -0.536296 0.006667
v 0.867343 -0.536354 0.004052
v 0.866413 -0.536234 0.002292
v 0.862938 -0.534000 1.066667
v 0.868232 -0.534000 1.060000
v 0.862938 -0.540000 1.060000
v 0.864964 -0.534000 1.066159
v 0.866682 -0.534000 1.064714
v 0.862938 -0.536296 1.066159
v 0.865015 -0.536354 1.065547
v 0.866413 -0.536234 1.064375
v 0.865995 -0.537464 1.063849
v 0.867829 -0.536296 1.060000
v 0.866682 -0.538243 1.060000
v 0.867829 -0.534000 1.062551
v 0.867343 -0.536354 1.062615
v 0.866413 -0.537938 1.062483
v 0.862938 -0.539543 1.062551
v 0.862938 -0.538243 1.064714
v 0.864964 -0.539543 1.060000
v 0.865015 -0.538992 1.062615
v 0.864910 -0.537938 1.064375
v 0.831174 -0.540000 0.006667
v 0.831174 -0.534000 0.000000
v 0.826283 -0.536296 0.006667
v 0.827430 -0.538243 0.006667
v 0.826283 -0.534000 0.004116
v 0.826769 -0.536354 0.004052
v 0.827699 -0.537938 0.004184
v 0.828117 -0.537464 0.002818
v 0.831174 -0.539543 0.004116
v 0.831174 -0.538243 0.001953
v 0.829148 -0.539543 0.006667
v 0.829097 -0.538992 0.004052
v 0.829202 -0.537938 0.002292
v 0.829148 -0.534000 0.000508
v 0.827430 -0.534000 0.001953
v 0.831174 -0.536296 0.000508
v 0.829097 -0.536354 0.001120
v 0.827699 -0.536234 0.002292
v 0.831174 -0.534000 1.066667
v 0.831174 -0.540000 1.060000
v 0.826283 -0.534000 1.062551
v 0.827430 -0.534000 1.064714
v 0.826283 -0.536296 1.060000
v 0.826769 -0.536354 1.062615
v 0.827699 -0.536234 1.064375
v 0.828117 -0.537464 1.063849
v 0.831174 -0.536296 1.066159
v 0.831174 -0.538243 1.064714
v 0.829148 -0.534000 1.066159
v 0.829097 -0.536354 1.065547
v 0.829202 -0.537938 1.064375
v 0.829148 -0.539543 1.060000
v 0.827430 -0.538243 1.060000
v 0.831174 -0.539543 1.062551
v 0.829097 -0.538992 1.062615
v 0.827699 -0.537938 1.062483
v 0.862938 -0.060000 1.013334
v 0.868232 -0.066000 1.013334
v 0.864964 -0.060457 1.013334
v 0.866682 -0.061757 1.013334
v 0.867829 -0.063704 1.013334
v 0.825880 -0.066000 1.013334
v 0.831174 -0.060000 1.013334
v 0.826283 -0.063704 1.013334
v 0.827430 -0.061757 1.013334
v 0.829148 -0.060457 1.013334
v 0.831174 -0.540000 1.013334
v 0.829148 -0.539543 1.013334
v 0.827430 -0.538243 1.013334
v 0.826283 -0.536296 1.013334
v 0.868232 -0.534000 1.013334
v 0.862938 -0.540000 1.013334
v 0.867829 -0.536296 1.013334
v 0.866682 -0.538243 1.013334
v 0.864964 -0.539543 1.013334
v 0.831174 -0.492000 0.000000
v 0.825880 -0.492000 0.006667
v 0.829148 -0.492000 0.000508
v 0.827430 -0.492000 0.001953
v 0.826283 -0.492000 0.004116
v 0.825880 -0.492000 1.060000
v 0.831174 -0.492000 1.066667
v 0.826283 -0.492000 1.062551
v 0.827430 -0.492000 1.064714
v 0.829148 -0.492000 1.066159
v 0.868232 -0.492000 0.006667
v 0.862938 -0.492000 0.000000
v 0.867830 -0.492000 0.004116
v 0.866682 -0.492000 0.001953
v 0.864964 -0.492000 0.000508
v 0.862938 -0.492000 1.066667
v 0.868232 -0.492000 1.060000
v 0.864964 -0.492000 1.066159
v 0.866682 -0.492000 1.064714
v 0.867829 -0.492000 1.062551
v 0.862938 -0.486000 1.013334
v 0.862938 -0.492000 1.006667
v 0.868232 -0.498000 1.020000
v 0.862938 -0.488296 1.012826
v 0.862938 -0.490243 1.011381
v 0.864964 -0.488753 1.013841
v 0.864893 -0.490164 1.013334
v 0.864843 -0.491205 1.012451
v 0.865983 -0.492000 1.013334
v 0.864964 -0.492457 1.009726
v 0.866682 -0.493757 1.013333
v 0.862938 -0.491543 1.009218
v 0.864893 -0.492000 1.011294
v 0.866458 -0.492795 1.013333
v 0.867829 -0.495247 1.017449
v 0.866682 -0.492000 1.015286
v 0.867829 -0.495704 1.016942
v 0.867244 -0.493836 1.015373
v 0.866458 -0.492000 1.014217
v 0.831174 -0.486000 1.013334
v 0.825880 -0.498000 1.020000
v 0.831174 -0.492000 1.006667
v 0.829148 -0.488753 1.013841
v 0.827430 -0.492000 1.015286
v 0.831174 -0.488296 1.012826
v 0.829219 -0.490164 1.013334
v 0.827654 -0.492000 1.014217
v 0.828129 -0.492000 1.013334
v 0.826283 -0.495704 1.016942
v 0.827430 -0.493757 1.013333
v 0.826283 -0.495247 1.017449
v 0.826868 -0.493836 1.015373
v 0.827654 -0.492795 1.013334
v 0.831174 -0.491543 1.009218
v 0.831174 -0.490243 1.011381
v 0.829148 -0.492457 1.009726
v 0.829219 -0.492000 1.011294
v 0.829269 -0.491205 1.012451
v 0.825880 -0.108000 0.006667
v 0.831174 -0.108000 0.000000
v 0.826283 -0.108000 0.004116
v 0.827430 -0.108000 0.001953
v 0.829148 -0.108000 0.000508
v 0.868232 -0.108000 1.060000
v 0.862938 -0.108000 1.066667
v 0.867829 -0.108000 1.062551
v 0.866682 -0.108000 1.064714
v 0.864964 -0.108000 1.066159
v 0.862938 -0.114000 1.013334
v 0.868232 -0.102000 1.020000
v 0.862938 -0.108000 1.006667
v 0.864964 -0.111247 1.013841
v 0.866682 -0.108000 1.015286
v 0.862938 -0.111704 1.012826
v 0.864893 -0.109836 1.013334
v 0.866458 -0.108000 1.014217
v 0.865983 -0.108000 1.013334
v 0.867829 -0.104296 1.016942
v 0.866682 -0.106243 1.013334
v 0.867829 -0.104753 1.017449
v 0.867244 -0.106164 1.015373
v 0.866458 -0.107205 1.013334
v 0.862938 -0.108457 1.009218
v 0.862938 -0.109757 1.011381
v 0.864964 -0.107543 1.009726
v 0.864893 -0.108000 1.011294
v 0.864843 -0.108795 1.012451
v 0.825880 -0.108000 1.060000
v 0.831174 -0.108000 1.066667
v 0.826283 -0.108000 1.062551
v 0.827430 -0.108000 1.064714
v 0.829148 -0.108000 1.066159
v 0.868232 -0.108000 0.006667
v 0.862938 -0.108000 0.000000
v 0.867830 -0.108000 0.004116
v 0.866682 -0.108000 0.001953
v 0.864964 -0.108000 0.000508
v 0.831174 -0.114000 1.013334
v 0.831174 -0.108000 1.006667
v 0.825880 -0.102000 1.020000
v 0.831174 -0.111704 1.012826
v 0.831174 -0.109757 1.011381
v 0.829148 -0.111247 1.013841
v 0.829219 -0.109836 1.013334
v 0.829269 -0.108795 1.012451
v 0.828129 -0.108000 1.013334
v 0.829148 -0.107543 1.009726
v 0.827430 -0.106243 1.013334
v 0.831174 -0.108457 1.009218
v 0.829219 -0.108000 1.011294
v 0.827654 -0.107205 1.013334
v 0.826283 -0.104753 1.017449
v 0.827430 -0.108000 1.015286
v 0.826283 -0.104296 1.016942
v 0.826868 -0.106164 1.015373
v 0.827654 -0.108000 1.014217
v 0.831174 -0.060000 0.053334
v 0.825880 -0.066000 0.053334
v 0.829148 -0.060457 0.053334
v 0.827430 -0.061757 0.053334
v 0.826283 -0.063704 0.053334
v 0.831174 -0.540000 0.053334
v 0.826283 -0.536296 0.053334
v 0.827430 -0.538243 0.053334
v 0.829148 -0.539543 0.053334
v 0.862938 -0.540000 0.053334
v 0.868232 -0.534000 0.053334
v 0.864964 -0.539543 0.053334
v 0.866682 -0.538243 0.053334
v 0.867830 -0.536296 0.053334
v 0.862938 -0.060000 0.053334
v 0.868232 -0.066000 0.053334
v 0.864964 -0.060457 0.053334
v 0.866682 -0.061757 0.053334
v 0.867830 -0.063704 0.053334
v 0.831174 -0.492000 0.060000
v 0.825880 -0.498000 0.046667
v 0.831174 -0.486000 0.053334
v 0.829148 -0.492457 0.056941
v 0.827430 -0.493757 0.053334
v 0.831174 -0.491543 0.057449
v 0.829219 -0.492000 0.055373
v 0.827654 -0.492795 0.053334
v 0.828129 -0.492000 0.053334
v 0.826283 -0.495247 0.049218
v 0.827430 -0.492000 0.051381
v 0.826283 -0.495704 0.049726
v 0.826868 -0.493836 0.051294
v 0.827654 -0.492000 0.052450
v 0.831174 -0.488296 0.053841
v 0.831174 -0.490243 0.055286
v 0.829148 -0.488753 0.052826
v 0.829219 -0.490164 0.053334
v 0.829269 -0.491205 0.054217
v 0.862938 -0.492000 0.060000
v 0.862938 -0.486000 0.053334
v 0.868232 -0.498000 0.046667
v 0.862938 -0.491543 0.057449
v 0.862938 -0.490243 0.055286
v 0.864964 -0.492457 0.056941
v 0.864893 -0.492000 0.055373
v 0.864843 -0.491205 0.054217
v 0.865983 -0.492000 0.053334
v 0.864964 -0.488753 0.052826
v 0.866682 -0.492000 0.051381
v 0.862938 -0.488296 0.053841
v 0.864893 -0.490164 0.053334
v 0.866458 -0.492000 0.052450
v 0.867830 -0.495704 0.049726
v 0.866682 -0.493757 0.053334
v 0.867830 -0.495247 0.049218
v 0.867244 -0.493836 0.051294
v 0.866458 -0.492795 0.053334
v 0.831174 -0.108000 0.060000
v 0.831174 -0.114000 0.053334
v 0.825880 -0.102000 0.046667
v 0.831174 -0.108457 0.057449
v 0.831174 -0.109757 0.055286
v 0.829148 -0.107543 0.056941
v 0.829219 -0.108000 0.055373
v 0.829269 -0.108795 0.054217
v 0.828129 -0.108000 0.053334
v 0.829148 -0.111247 0.052826
v 0.827430 -0.108000 0.051381
v 0.831174 -0.111704 0.053841
v 0.829219 -0.109836 0.053334
v 0.827654 -0.108000 0.052450
v 0.826283 -0.104296 0.049725
v 0.827430 -0.106243 0.053334
v 0.826283 -0.104753 0.049218
v 0.826868 -0.106164 0.051294
v 0.827654 -0.107205 0.053334
v 0.862938 -0.108000 0.060000
v 0.868232 -0.102000 0.046667
v 0.862938 -0.114000 0.053334
v 0.864964 -0.107543 0.056941
v 0.866682 -0.106243 0.053334
v 0.862938 -0.108457 0.057449
v 0.864893 -0.108000 0.055373
v 0.866458 -0.107205 0.053334
v 0.865983 -0.108000 0.053334
v 0.867830 -0.104753 0.049218
v 0.866682 -0.108000 0.051381
v 0.867830 -0.104296 0.049726
v 0.867244 -0.106164 0.051294
v 0.866458 -0.108000 0.052450
v 0.862938 -0.111704 0.053841
v 0.862938 -0.109757 0.055286
v 0.864964 -0.111247 0.052826
v 0.864893 -0.109836 0.053334
v 0.864843 -0.108795 0.054217
vn -0.4211 0.9070 0.0039
vn -0.3542 0.9247 -0.1398
vn -0.2291 0.9734 0.0002
vn -0.2111 0.9543 0.2114
vn -0.2129 0.9771 -0.0061
vn -0.2199 0.9755 -0.0000
vn 0.1607 0.8638 -0.4776
vn 0.1587 0.9131 -0.3756
vn 0.0314 0.9474 -0.3185
vn -0.0599 0.7662 -0.6398
vn -0.1611 0.9118 -0.3777
vn -0.1613 0.8625 -0.4797
vn 0.0010 0.5437 -0.8393
vn 0.1860 0.7033 -0.6862
vn 0.0588 0.7672 -0.6387
vn -0.0582 0.6158 -0.7857
vn -0.1884 0.7009 -0.6879
vn -0.1980 0.5843 -0.7870
vn 0.0013 0.1292 -0.9916
vn -0.0000 0.3176 -0.9482
vn 0.0787 0.4406 -0.8943
vn -0.0868 0.2280 -0.9698
vn -0.2208 0.3233 -0.9202
vn -0.2266 0.1592 -0.9609
vn 0.2208 -0.3233 -0.9202
vn -0.0000 -0.1292 -0.9916
vn 0.0857 0.0011 -0.9963
vn -0.0787 -0.4406 -0.8943
vn -0.2273 -0.1625 -0.9602
vn -0.2190 -0.3265 -0.9195
vn 0.1884 -0.7010 -0.6879
vn 0.1980 -0.5843 -0.7870
vn 0.0795 -0.4387 -0.8951
vn -0.0588 -0.7672 -0.6387
vn -0.1979 -0.5880 -0.7843
vn -0.1860 -0.7032 -0.6862
vn 0.0012 -0.8928 -0.4505
vn 0.1613 -0.8625 -0.4797
vn 0.0599 -0.7662 -0.6398
vn -0.0608 -0.8764 -0.4777
vn -0.1607 -0.8638 -0.4776
vn -0.0000 -0.8928 -0.4504
vn 0.1492 -0.9872 -0.0566
vn -0.0000 -0.9820 -0.1888
vn 0.0102 -0.9856 -0.1686
vn -0.0016 -0.9999 0.0144
vn -0.0002 -0.9820 -0.1887
vn -0.1473 -0.9876 -0.0543
vn 0.1536 -0.9546 0.2551
vn 0.1300 -0.9544 0.2686
vn 0.0021 -0.9999 0.0147
vn 0.0296 -0.9389 0.3428
vn -0.1285 -0.9541 0.2705
vn -0.1523 -0.9542 0.2574
vn -0.0011 -0.8931 0.4498
vn 0.1407 -0.7744 0.6169
vn -0.0297 -0.9385 0.3439
vn 0.0610 -0.8769 0.4768
vn -0.1388 -0.7733 0.6186
vn -0.1732 -0.8196 0.5462
vn 0.2061 -0.5884 0.7819
vn -0.0000 -0.5440 0.8391
vn -0.0636 -0.7553 0.6523
vn 0.0950 -0.4363 0.8948
vn -0.1686 -0.4590 0.8723
vn -0.2062 -0.5861 0.7836
vn 0.2287 -0.2799 0.9324
vn 0.2121 -0.0814 0.9739
vn -0.0955 -0.4337 0.8960
vn 0.1102 -0.0016 0.9939
vn -0.2103 -0.0786 0.9745
vn -0.2297 -0.2770 0.9330
vn 0.2103 0.0786 0.9745
vn 0.2296 0.2769 0.9331
vn -0.1103 0.0016 0.9939
vn 0.0955 0.4337 0.8960
vn -0.2287 0.2800 0.9324
vn -0.2121 0.0814 0.9739
vn 0.1687 0.4589 0.8723
vn 0.2062 0.5861 0.7836
vn -0.0949 0.4363 0.8948
vn 0.0636 0.7553 0.6523
vn -0.2062 0.5884 0.7819
vn -0.1707 0.4608 0.8709
vn -0.0002 -1.0000 0.0040
vn -0.3663 -0.9209 -0.1332
vn -0.3517 -0.9252 -0.1423
vn -0.2184 -0.9508 0.2197
vn -0.4088 -0.9124 -0.0226
vn -0.2149 -0.9535 0.2114
vn 0.1388 0.7733 0.6186
vn 0.1732 0.8196 0.5462
vn -0.0630 0.7567 0.6507
vn 0.0297 0.9385 0.3439
vn -0.1738 0.8209 0.5440
vn -0.1407 0.7744 0.6169
vn -0.0002 0.9820 0.1887
vn 0.1523 0.9542 0.2574
vn -0.0296 0.9389 0.3428
vn 0.0101 0.9856 0.1686
vn -0.1536 0.9546 0.2551
vn -0.0000 0.9820 0.1887
vn -0.0000 -0.0000 -1.0000
vn -0.5299 0.8362 -0.1412
vn -0.4305 0.8892 -0.1551
vn -0.4216 0.9068 0.0042
vn -0.7217 0.6909 0.0411
vn -0.5934 0.7766 0.2114
vn -0.5923 0.7821 0.1935
vn 0.2199 0.9755 -0.0000
vn 0.1912 0.9816 -0.0000
vn 0.0984 0.9865 -0.1308
vn 0.3885 0.9211 0.0248
vn 0.2149 0.9535 0.2114
vn -0.9382 0.3461 0.0034
vn -0.8161 0.5779 -0.0000
vn -0.9207 0.3554 -0.1611
vn -0.8459 0.5027 0.1783
vn -0.7254 0.6866 -0.0477
vn -0.8451 0.4983 0.1935
vn 0.7466 -0.6653 0.0038
vn 0.6247 -0.7809 -0.0000
vn 0.4330 -0.8873 -0.1588
vn 0.5893 -0.7844 0.1935
vn 0.3879 -0.9214 0.0233
vn 0.5901 -0.7792 0.2114
vn -0.9383 -0.3457 0.0035
vn -0.9929 -0.1189 -0.0000
vn -0.9616 -0.2046 -0.1828
vn -0.9698 -0.1666 0.1783
vn -0.9973 -0.0016 -0.0739
vn -0.9701 -0.1703 0.1727
vn 0.4216 0.9068 0.0042
vn 0.4304 0.8892 -0.1551
vn 0.6247 0.7809 -0.0005
vn 0.5935 0.7766 0.2114
vn 0.5888 0.8080 0.0193
vn 0.5923 0.7821 0.1935
vn 1.0000 -0.0002 0.0038
vn 0.9929 -0.1187 -0.0000
vn 0.9703 -0.2420 -0.0015
vn 0.9695 -0.1740 0.1727
vn 0.9797 -0.1885 0.0687
vn 0.9692 -0.1701 0.1783
vn -0.4216 -0.9068 0.0039
vn -0.7262 -0.6723 -0.1439
vn -0.6611 -0.7359 -0.1465
vn -0.5932 -0.7768 0.2114
vn -0.7241 -0.6882 -0.0463
vn -0.5923 -0.7821 0.1935
vn -0.7466 0.6653 0.0036
vn -0.6632 0.7343 -0.1450
vn -0.7283 0.6706 -0.1406
vn -0.5894 0.7843 0.1935
vn -0.4098 0.9119 -0.0233
vn -0.5901 0.7792 0.2114
vn 0.7469 0.6650 0.0041
vn 0.8168 0.5770 -0.0000
vn 0.8815 0.4721 -0.0009
vn 0.8472 0.4947 0.1935
vn 0.8500 0.5256 0.0352
vn 0.8476 0.4997 0.1783
vn 0.4212 -0.9070 0.0039
vn 0.1009 -0.9860 -0.1331
vn 0.0350 -0.9884 -0.1477
vn 0.2111 -0.9543 0.2114
vn -0.0158 -0.9999 0.0016
vn 0.2145 -0.9517 0.2197
vn -1.0000 0.0002 0.0034
vn -0.9622 0.2011 -0.1834
vn -0.9929 0.1189 0.0011
vn -0.9696 0.1736 0.1727
vn -0.9816 0.1832 -0.0535
vn -0.9692 0.1701 0.1783
vn 0.9382 -0.3461 0.0038
vn 0.8815 -0.4721 -0.0000
vn 0.8168 -0.5770 -0.0017
vn 0.8457 -0.5030 0.1783
vn 0.8355 -0.5452 0.0686
vn 0.8451 -0.4983 0.1935
vn -0.7469 -0.6650 0.0037
vn -0.9191 -0.3582 -0.1643
vn -0.8161 -0.5779 0.0016
vn -0.8470 -0.4951 0.1935
vn -0.8347 -0.5463 -0.0690
vn -0.8476 -0.4997 0.1783
vn -0.0984 0.9865 -0.1308
vn -0.1912 0.9816 -0.0000
vn -0.3885 0.9211 0.0248
vn -0.2149 0.9535 0.2114
vn 0.9383 0.3457 0.0039
vn 0.9703 0.2420 -0.0000
vn 0.9929 0.1187 -0.0012
vn 0.9698 0.1662 0.1783
vn 0.9817 0.1827 0.0538
vn 0.9701 0.1703 0.1727
vn -0.8815 0.4721 -0.0009
vn -0.7566 0.6314 -0.1702
vn -0.7469 0.6650 0.0041
vn -0.8500 0.5256 0.0352
vn -0.8472 0.4947 0.1935
vn -0.8476 0.4997 0.1783
vn 0.6610 -0.7359 -0.1466
vn 0.7262 -0.6722 -0.1439
vn 0.4216 -0.9068 0.0039
vn 0.7241 -0.6882 -0.0464
vn 0.5932 -0.7768 0.2114
vn 0.5923 -0.7821 0.1935
vn 0.2291 0.9734 0.0002
vn 0.3542 0.9247 -0.1398
vn 0.4211 0.9070 0.0039
vn 0.2128 0.9771 -0.0061
vn 0.2111 0.9543 0.2114
vn 0.8636 -0.4773 -0.1628
vn 0.9191 -0.3581 -0.1643
vn 0.7469 -0.6650 0.0037
vn 0.9265 -0.3704 -0.0656
vn 0.8470 -0.4951 0.1935
vn 0.8476 -0.4997 0.1783
vn -0.9929 0.1187 -0.0012
vn -0.9703 0.2421 -0.0000
vn -0.9383 0.3457 0.0039
vn -0.9817 0.1827 0.0538
vn -0.9698 0.1663 0.1783
vn -0.9701 0.1703 0.1727
vn 0.9616 -0.2047 -0.1828
vn 0.9806 -0.0655 -0.1849
vn 0.9383 -0.3457 0.0035
vn 0.9973 -0.0016 -0.0739
vn 0.9698 -0.1666 0.1783
vn 0.9701 -0.1703 0.1727
vn -0.9485 -0.2568 -0.1855
vn -0.9929 -0.1187 -0.0000
vn -1.0000 -0.0002 0.0038
vn -0.9293 -0.3662 0.0481
vn -0.9695 -0.1740 0.1727
vn -0.9692 -0.1701 0.1783
vn 0.9812 0.0619 -0.1827
vn 0.9622 0.2011 -0.1834
vn 1.0000 0.0002 0.0034
vn 0.9275 0.3678 -0.0667
vn 0.9696 0.1736 0.1727
vn 0.9692 0.1701 0.1783
vn -0.8168 -0.5770 -0.0017
vn -0.8295 -0.5348 -0.1610
vn -0.9382 -0.3461 0.0038
vn -0.8355 -0.5452 0.0686
vn -0.8457 -0.5030 0.1783
vn -0.8451 -0.4983 0.1935
vn 0.9207 0.3554 -0.1612
vn 0.8651 0.4746 -0.1622
vn 0.9382 0.3461 0.0034
vn 0.7254 0.6867 -0.0477
vn 0.8459 0.5027 0.1783
vn 0.8451 0.4983 0.1935
vn -0.4330 -0.8873 -0.1588
vn -0.6247 -0.7808 -0.0000
vn -0.7466 -0.6653 0.0038
vn -0.3880 -0.9214 0.0233
vn -0.5892 -0.7844 0.1935
vn -0.5901 -0.7792 0.2114
vn 0.7283 0.6706 -0.1406
vn 0.6632 0.7343 -0.1450
vn 0.7466 0.6653 0.0036
vn 0.4098 0.9119 -0.0233
vn 0.5894 0.7843 0.1935
vn 0.5901 0.7792 0.2114
vn -0.0351 -0.9884 -0.1477
vn -0.1008 -0.9860 -0.1331
vn -0.4212 -0.9070 0.0039
vn 0.0158 -0.9999 0.0016
vn -0.2111 -0.9543 0.2114
vn -0.2145 -0.9517 0.2197
vn 0.3517 -0.9252 -0.1424
vn 0.3663 -0.9209 -0.1332
vn 0.0002 -1.0000 0.0040
vn 0.4088 -0.9124 -0.0227
vn 0.2184 -0.9508 0.2197
vn 0.2149 -0.9535 0.2114
vn 0.2431 0.9544 0.1734
vn 0.1827 0.9829 -0.0230
vn 0.1520 0.9883 -0.0151
vn 0.3653 0.9281 0.0719
vn 0.1575 0.9864 -0.0465
vn 0.1110 0.9827 -0.1485
vn 0.1756 0.9775 0.1171
vn 0.1331 0.9896 -0.0538
vn 0.1224 0.9914 -0.0458
vn 0.3120 0.9501 0.0014
vn 0.1231 0.9895 -0.0751
vn 0.0719 0.9818 -0.1755
vn 0.1019 0.9927 0.0647
vn 0.0984 0.9921 -0.0781
vn 0.0950 0.9929 -0.0715
vn 0.2568 0.9655 -0.0438
vn 0.0910 0.9907 -0.1013
vn 0.0382 0.9784 -0.2029
vn 0.0323 0.9994 0.0142
vn 0.0636 0.9930 -0.0991
vn 0.0658 0.9931 -0.0972
vn 0.2098 0.9739 -0.0862
vn 0.0559 0.9900 -0.1292
vn -0.0028 0.9706 -0.2405
vn -0.0444 0.9981 -0.0436
vn 0.0238 0.9926 -0.1193
vn 0.0295 0.9896 -0.1410
vn 0.1614 0.9778 -0.1338
vn 0.0203 0.9871 -0.1589
vn -0.0850 0.9577 -0.2750
vn 0.5928 0.8050 -0.0249
vn 0.6383 0.7660 0.0758
vn 0.3393 0.9228 -0.1825
vn 0.6019 0.7941 -0.0838
vn 0.4785 0.8211 -0.3112
vn 0.5047 0.8349 -0.2195
vn 0.4910 0.8697 0.0507
vn 0.5264 0.8494 -0.0389
vn 0.2560 0.9311 -0.2599
vn 0.6364 0.7625 -0.1166
vn 0.4094 0.8295 -0.3800
vn 0.3837 0.8608 -0.3344
vn 0.3611 0.9302 -0.0664
vn 0.4344 0.8903 -0.1367
vn 0.1688 0.9292 -0.3288
vn 0.5285 0.8167 -0.2317
vn 0.3442 0.8285 -0.4418
vn 0.2735 0.8587 -0.4333
vn 0.2207 0.9583 -0.1816
vn 0.3382 0.9147 -0.2211
vn 0.0648 0.9150 -0.3983
vn 0.4093 0.8436 -0.3475
vn 0.2721 0.8193 -0.5047
vn 0.1498 0.8298 -0.5376
vn 0.0548 0.9502 -0.3067
vn 0.2301 0.9258 -0.3000
vn -0.0655 0.8621 -0.5025
vn 0.2558 0.8407 -0.4773
vn 0.1976 0.8060 -0.5580
vn -0.0441 0.7963 -0.6032
vn 0.8544 0.5180 -0.0419
vn 0.7989 0.5930 -0.1005
vn 0.6503 0.7215 -0.2378
vn 0.8624 0.4917 -0.1205
vn 0.7758 0.5137 -0.3665
vn 0.7952 0.5331 -0.2888
vn 0.7482 0.6633 -0.0154
vn 0.7569 0.6448 -0.1066
vn 0.5191 0.7597 -0.3916
vn 0.8804 0.4343 -0.1903
vn 0.6612 0.5410 -0.5198
vn 0.6480 0.5805 -0.4931
vn 0.6139 0.7635 -0.2007
vn 0.6553 0.7051 -0.2710
vn 0.3661 0.7728 -0.5184
vn 0.7751 0.5054 -0.3792
vn 0.5268 0.5458 -0.6516
vn 0.4739 0.5771 -0.6651
vn 0.4244 0.8173 -0.3897
vn 0.5121 0.7456 -0.4264
vn 0.1822 0.7604 -0.6234
vn 0.6109 0.5439 -0.5753
vn 0.3575 0.5280 -0.7703
vn 0.2621 0.5235 -0.8107
vn 0.1699 0.8014 -0.5735
vn 0.3184 0.7569 -0.5708
vn -0.0367 0.6582 -0.7520
vn 0.3582 0.5317 -0.7675
vn 0.1947 0.4917 -0.8487
vn 0.1617 0.5628 -0.8106
vn 0.9835 0.1713 -0.0576
vn 0.9605 0.2506 -0.1208
vn 0.8805 0.3739 -0.2914
vn 0.9822 0.1289 -0.1370
vn 0.9400 0.0524 -0.3372
vn 0.9355 0.1169 -0.3334
vn 0.9196 0.3732 -0.1228
vn 0.9328 0.3279 -0.1494
vn 0.7442 0.4163 -0.5224
vn 0.9787 0.0250 -0.2037
vn 0.8207 0.0554 -0.5687
vn 0.7950 0.1304 -0.5924
vn 0.8164 0.4482 -0.3642
vn 0.8519 0.3676 -0.3731
vn 0.5444 0.4435 -0.7120
vn 0.8984 0.0494 -0.4365
vn 0.6327 0.0532 -0.7726
vn 0.5812 0.1110 -0.8062
vn 0.6230 0.4911 -0.6089
vn 0.6866 0.4017 -0.6060
vn 0.2870 0.4509 -0.8452
vn 0.7244 0.0612 -0.6866
vn 0.3646 0.0458 -0.9300
vn 0.3027 0.0603 -0.9512
vn 0.3224 0.4772 -0.8175
vn 0.4124 0.4125 -0.8123
vn 0.1988 0.3260 -0.9242
vn 0.4171 0.0516 -0.9074
vn 0.1030 0.2456 -0.9639
vn 0.1937 0.1396 -0.9711
vn 0.9779 -0.1979 -0.0679
vn 0.9841 -0.1277 -0.1238
vn 0.9462 -0.0758 -0.3145
vn 0.9594 -0.2495 -0.1318
vn 0.8955 -0.4009 -0.1934
vn 0.8838 -0.3376 -0.3240
vn 0.9630 -0.0325 -0.2676
vn 0.9840 -0.0608 -0.1672
vn 0.8147 -0.0846 -0.5737
vn 0.9154 -0.3660 -0.1678
vn 0.7692 -0.4658 -0.4374
vn 0.7412 -0.3761 -0.5561
vn 0.8645 -0.0409 -0.5009
vn 0.9108 -0.0901 -0.4029
vn 0.6103 -0.0657 -0.7895
vn 0.8275 -0.4075 -0.3862
vn 0.5570 -0.4924 -0.6688
vn 0.5333 -0.4028 -0.7439
vn 0.6933 -0.0486 -0.7190
vn 0.7441 -0.1032 -0.6601
vn 0.3403 -0.0211 -0.9401
vn 0.6567 -0.4401 -0.6124
vn 0.2513 -0.4614 -0.8509
vn 0.2667 -0.4131 -0.8707
vn 0.4318 -0.0523 -0.9004
vn 0.4419 -0.0906 -0.8925
vn 0.2098 -0.1409 -0.9676
vn 0.3791 -0.4474 -0.8100
vn 0.0909 -0.2135 -0.9727
vn -0.0333 -0.3026 -0.9525
vn 0.8330 -0.5492 -0.0664
vn 0.8644 -0.4910 -0.1087
vn 0.8140 -0.5063 -0.2847
vn 0.7984 -0.5925 -0.1073
vn 0.7098 -0.7027 -0.0491
vn 0.6604 -0.7009 -0.2695
vn 0.8121 -0.4792 -0.3330
vn 0.8773 -0.4550 -0.1527
vn 0.6741 -0.5522 -0.4906
vn 0.7355 -0.6691 -0.1060
vn 0.5643 -0.7890 -0.2430
vn 0.5256 -0.7380 -0.4233
vn 0.7047 -0.5194 -0.4834
vn 0.7763 -0.5288 -0.3430
vn 0.5061 -0.5505 -0.6640
vn 0.6312 -0.7281 -0.2674
vn 0.3715 -0.8210 -0.4336
vn 0.3680 -0.7509 -0.5484
vn 0.5725 -0.5410 -0.6161
vn 0.6174 -0.5682 -0.5440
vn 0.2989 -0.5011 -0.8122
vn 0.4859 -0.7666 -0.4197
vn 0.1239 -0.7822 -0.6106
vn 0.1785 -0.7390 -0.6497
vn 0.4001 -0.5411 -0.7397
vn 0.3698 -0.5550 -0.7451
vn -0.0028 -0.4784 -0.8782
vn 0.2906 -0.7758 -0.5600
vn -0.0974 -0.7049 -0.7026
vn -0.0362 -0.6378 -0.7694
vn 0.5845 -0.7753 -0.2394
vn 0.6033 -0.7939 -0.0759
vn 0.5227 -0.8229 -0.2230
vn 0.6213 -0.7784 0.0903
vn 0.4499 -0.8922 0.0403
vn 0.3506 -0.9134 -0.2068
vn 0.5208 -0.7988 -0.3011
vn 0.6302 -0.7715 -0.0879
vn 0.4054 -0.8489 -0.3391
vn 0.5078 -0.8610 -0.0276
vn 0.3187 -0.9439 -0.0870
vn 0.2654 -0.9216 -0.2833
vn 0.4499 -0.8164 -0.3619
vn 0.5248 -0.8263 -0.2045
vn 0.2975 -0.8481 -0.4385
vn 0.4161 -0.9006 -0.1255
vn 0.1834 -0.9604 -0.2098
vn 0.1764 -0.9196 -0.3510
vn 0.3796 -0.8259 -0.4169
vn 0.4088 -0.8533 -0.3236
vn 0.1756 -0.8208 -0.5436
vn 0.3199 -0.9239 -0.2099
vn 0.0280 -0.9406 -0.3385
vn 0.0703 -0.9054 -0.4188
vn 0.2991 -0.8276 -0.4750
vn 0.2590 -0.8502 -0.4584
vn -0.0243 -0.7882 -0.6150
vn 0.2114 -0.9341 -0.2876
vn -0.1224 -0.8940 -0.4311
vn 0.0852 -0.9000 -0.4276
vn 0.1871 -0.9549 -0.2307
vn 0.3552 -0.9305 0.0895
vn 0.1265 -0.9794 -0.1572
vn 0.3338 -0.9349 0.1206
vn 0.1377 -0.9839 0.1140
vn 0.0190 -0.9880 -0.1535
vn 0.1862 -0.9547 -0.2320
vn 0.3039 -0.9525 0.0211
vn 0.0884 -0.9788 -0.1846
vn 0.2756 -0.9592 0.0631
vn 0.0663 -0.9964 0.0520
vn 0.0083 -0.9860 -0.1664
vn 0.1897 -0.9566 -0.2214
vn 0.2500 -0.9679 -0.0252
vn 0.0547 -0.9758 -0.2117
vn 0.2234 -0.9745 0.0212
vn 0.0034 -1.0000 -0.0065
vn -0.0111 -0.9824 -0.1866
vn 0.1913 -0.9580 -0.2136
vn 0.2050 -0.9763 -0.0691
vn 0.0134 -0.9684 -0.2491
vn 0.1845 -0.9828 -0.0092
vn -0.0636 -0.9955 -0.0698
vn -0.0432 -0.9746 -0.2197
vn 0.1952 -0.9591 -0.2052
vn 0.1586 -0.9801 -0.1190
vn 0.0380 -0.9835 -0.1771
vn 0.1546 -0.9875 -0.0291
vn 0.0118 -0.9853 -0.1705
vn -0.0985 -0.9607 -0.2594
vn -0.2106 -0.9563 -0.2028
vn -0.0569 -0.9883 0.1414
vn -0.3001 -0.9483 -0.1035
vn -0.0090 -0.9866 0.1630
vn -0.2000 -0.9605 0.1937
vn -0.3010 -0.9466 -0.1156
vn -0.1390 -0.9778 -0.1567
vn -0.0455 -0.9867 0.1558
vn -0.2413 -0.9693 -0.0471
vn 0.0396 -0.9848 0.1691
vn -0.1901 -0.9624 0.1941
vn -0.2461 -0.9665 -0.0725
vn -0.0571 -0.9945 -0.0873
vn -0.0154 -0.9848 0.1733
vn -0.1995 -0.9799 -0.0040
vn 0.0487 -0.9826 0.1790
vn -0.1790 -0.9645 0.1943
vn -0.2029 -0.9780 -0.0480
vn 0.0181 -0.9996 -0.0219
vn 0.0215 -0.9802 0.1966
vn -0.1663 -0.9854 0.0353
vn 0.0733 -0.9781 0.1946
vn -0.1641 -0.9663 0.1983
vn -0.1683 -0.9848 -0.0423
vn 0.1031 -0.9933 0.0522
vn 0.0782 -0.9692 0.2335
vn -0.1374 -0.9888 0.0581
vn 0.1195 -0.9673 0.2236
vn -0.1621 -0.9657 0.2030
vn -0.1554 -0.9879 0.0005
vn -0.5356 -0.8282 -0.1648
vn -0.4562 -0.8666 0.2023
vn -0.6686 -0.7397 -0.0759
vn -0.3773 -0.9002 0.2175
vn -0.5350 -0.7979 0.2777
vn -0.5867 -0.8041 -0.0963
vn -0.4300 -0.8996 -0.0765
vn -0.3809 -0.8735 0.3032
vn -0.5638 -0.8234 0.0647
vn -0.2206 -0.9282 0.2997
vn -0.4553 -0.8211 0.3444
vn -0.5032 -0.8642 -0.0001
vn -0.2942 -0.9546 0.0471
vn -0.2690 -0.8816 0.3879
vn -0.4654 -0.8654 0.1855
vn -0.1276 -0.9221 0.3653
vn -0.3747 -0.8337 0.4058
vn -0.4159 -0.9062 0.0759
vn -0.1501 -0.9738 0.1709
vn -0.1455 -0.8674 0.4758
vn -0.3620 -0.8800 0.3076
vn -0.0238 -0.9060 0.4226
vn -0.2785 -0.8348 0.4750
vn -0.3211 -0.9370 0.1375
vn 0.0162 -0.9522 0.3051
vn 0.0200 -0.8155 0.5785
vn -0.2193 -0.8917 0.3960
vn 0.1059 -0.8701 0.4814
vn -0.1974 -0.8236 0.5317
vn -0.0851 -0.9004 0.4266
vn -0.8322 -0.5504 0.0667
vn -0.7679 -0.5846 0.2621
vn -0.9052 -0.4166 -0.0838
vn -0.7975 -0.5938 0.1072
vn -0.8203 -0.4638 0.3346
vn -0.8117 -0.5760 -0.0967
vn -0.6748 -0.7372 0.0331
vn -0.6634 -0.5989 0.4486
vn -0.8384 -0.5290 0.1310
vn -0.5105 -0.7317 0.4517
vn -0.7117 -0.5127 0.4802
vn -0.7490 -0.6605 0.0522
vn -0.5256 -0.8236 0.2131
vn -0.4949 -0.6193 0.6096
vn -0.7286 -0.5949 0.3394
vn -0.3266 -0.7411 0.5865
vn -0.5754 -0.5400 0.6143
vn -0.6520 -0.7320 0.1975
vn -0.3318 -0.8577 0.3928
vn -0.2829 -0.5927 0.7541
vn -0.5668 -0.6146 0.5487
vn -0.1197 -0.7225 0.6809
vn -0.3959 -0.5387 0.7437
vn -0.5109 -0.7858 0.3485
vn -0.0903 -0.8208 0.5640
vn -0.0033 -0.4968 0.8679
vn -0.1746 -0.5643 0.8069
vn 0.1107 -0.6703 0.7338
vn -0.0639 -0.6076 0.7917
vn -0.3265 -0.7444 0.5824
vn -0.9268 -0.3747 0.0263
vn -0.9840 -0.1281 0.1238
vn -0.9910 -0.0731 -0.1118
vn -0.9168 -0.2452 0.3151
vn -0.9584 0.0119 0.2851
vn -0.9509 -0.2923 -0.1018
vn -0.8675 -0.4525 0.2068
vn -0.8194 -0.1514 0.5529
vn -0.9844 -0.1190 0.1294
vn -0.7539 -0.3293 0.5685
vn -0.8618 -0.0056 0.5072
vn -0.9332 -0.3444 0.1028
vn -0.7381 -0.5156 0.4352
vn -0.6161 -0.1519 0.7729
vn -0.9062 -0.1460 0.3969
vn -0.5272 -0.3517 0.7735
vn -0.6960 -0.0192 0.7178
vn -0.8557 -0.3968 0.3321
vn -0.5329 -0.5436 0.6485
vn -0.3302 -0.1176 0.9366
vn -0.7235 -0.1500 0.6738
vn -0.2305 -0.3604 0.9039
vn -0.4454 -0.0222 0.8950
vn -0.6857 -0.4346 0.5839
vn -0.2476 -0.5200 0.8175
vn 0.0275 -0.0433 0.9987
vn -0.4005 -0.2145 0.8909
vn 0.1038 -0.3482 0.9317
vn -0.1990 -0.0248 0.9797
vn -0.4028 -0.3512 0.8453
vn -0.9835 0.1717 0.0574
vn -0.9110 0.2836 0.2995
vn -0.9613 0.2499 -0.1159
vn -0.9821 0.1294 0.1369
vn -0.8944 0.4293 0.1252
vn -0.9962 0.0290 -0.0817
vn -0.9324 0.0182 0.3609
vn -0.7529 0.3738 0.5416
vn -0.9507 0.2964 0.0909
vn -0.8061 0.1898 0.5606
vn -0.7902 0.5007 0.3534
vn -0.9846 0.0740 0.1587
vn -0.8151 0.0248 0.5788
vn -0.5315 0.3990 0.7472
vn -0.8802 0.3475 0.3231
vn -0.5975 0.1916 0.7786
vn -0.6056 0.5420 0.5827
vn -0.8998 0.1035 0.4238
vn -0.6334 0.0237 0.7735
vn -0.2420 0.4065 0.8810
vn -0.7157 0.3892 0.5799
vn -0.3058 0.1567 0.9391
vn -0.3281 0.5316 0.7809
vn -0.7101 0.1121 0.6951
vn -0.3759 0.0106 0.9266
vn 0.0840 0.3899 0.9170
vn -0.4207 0.3133 0.8514
vn 0.0576 0.0808 0.9951
vn -0.0637 0.4625 0.8843
vn -0.3958 0.1817 0.9002
vn -0.8531 0.4644 0.2376
vn -0.7980 0.5943 0.1004
vn -0.8281 0.5521 -0.0971
vn -0.7559 0.6037 0.2535
vn -0.7191 0.6948 -0.0072
vn -0.9189 0.3909 -0.0528
vn -0.7832 0.5015 0.3675
vn -0.4999 0.7603 0.4149
vn -0.7726 0.6324 0.0559
vn -0.6467 0.6188 0.4460
vn -0.5823 0.7960 0.1651
vn -0.8482 0.5048 0.1601
vn -0.6687 0.5350 0.5163
vn -0.3196 0.7711 0.5507
vn -0.6822 0.7021 0.2041
vn -0.4752 0.6392 0.6047
vn -0.3934 0.8533 0.3423
vn -0.7330 0.5733 0.3661
vn -0.5315 0.5443 0.6491
vn -0.1187 0.7510 0.6496
vn -0.5463 0.7572 0.3579
vn -0.2603 0.6123 0.7466
vn -0.1453 0.8413 0.5206
vn -0.5645 0.5957 0.5714
vn -0.3556 0.5250 0.7733
vn 0.1047 0.6953 0.7111
vn -0.3508 0.7204 0.5983
vn 0.0221 0.5163 0.8562
vn 0.0671 0.7565 0.6506
vn -0.3164 0.6251 0.7136
vn -0.5554 0.7997 0.2280
vn -0.3621 0.9122 0.1917
vn -0.6017 0.7937 -0.0894
vn -0.4445 0.8751 0.1913
vn -0.4785 0.8739 -0.0860
vn -0.6830 0.7285 -0.0534
vn -0.4973 0.8183 0.2882
vn -0.2082 0.9411 0.2663
vn -0.5229 0.8523 0.0096
vn -0.3671 0.8819 0.2958
vn -0.3446 0.9384 0.0251
vn -0.5756 0.8132 0.0856
vn -0.4187 0.8328 0.3622
vn -0.1180 0.9348 0.3349
vn -0.4396 0.8940 0.0870
vn -0.2544 0.8898 0.3789
vn -0.1949 0.9711 0.1378
vn -0.4737 0.8566 0.2045
vn -0.3429 0.8358 0.4288
vn -0.0179 0.9177 0.3969
vn -0.3493 0.9250 0.1497
vn -0.1302 0.8754 0.4654
vn -0.0159 0.9641 0.2652
vn -0.3658 0.8723 0.3244
vn -0.2543 0.8275 0.5006
vn 0.1077 0.8804 0.4618
vn -0.2536 0.9215 0.2942
vn 0.0360 0.8235 0.5662
vn 0.1272 0.9154 0.3819
vn -0.2250 0.8845 0.4088
vn -0.2144 0.9767 0.0082
vn 0.0063 0.9901 0.1401
vn -0.3139 0.9438 -0.1036
vn -0.2183 0.9754 0.0303
vn -0.1857 0.9700 -0.1568
vn -0.2080 0.9778 0.0262
vn -0.1799 0.9829 0.0389
vn 0.0527 0.9883 0.1429
vn -0.2607 0.9636 -0.0597
vn -0.1808 0.9804 0.0781
vn -0.1001 0.9900 -0.0999
vn -0.1638 0.9843 0.0663
vn -0.1353 0.9880 0.0739
vn 0.0596 0.9859 0.1565
vn -0.2195 0.9750 -0.0350
vn -0.1307 0.9855 0.1084
vn -0.0166 0.9988 -0.0460
vn -0.1286 0.9864 0.1022
vn -0.0958 0.9899 0.1049
vn 0.0819 0.9810 0.1757
vn -0.1877 0.9818 -0.0291
vn -0.0854 0.9867 0.1387
vn 0.0807 0.9966 0.0184
vn -0.0930 0.9851 0.1449
vn -0.0508 0.9888 0.1401
vn 0.1262 0.9699 0.2081
vn -0.1718 0.9850 0.0156
vn -0.0323 0.9838 0.1761
vn 0.1548 0.9842 0.0860
vn -0.0354 0.9835 0.1777
vn 0.1376 0.9829 -0.1226
vn -0.0282 0.9896 -0.1412
vn -0.0204 0.9925 -0.1202
vn 0.0714 0.9556 -0.2860
vn -0.0552 0.9901 -0.1290
vn -0.1587 0.9801 -0.1189
vn 0.0636 0.9955 -0.0698
vn -0.0632 0.9931 -0.0986
vn -0.0614 0.9930 -0.1007
vn -0.0133 0.9684 -0.2491
vn -0.0909 0.9906 -0.1018
vn -0.2049 0.9763 -0.0692
vn -0.0034 1.0000 -0.0066
vn -0.0929 0.9929 -0.0738
vn -0.0970 0.9921 -0.0801
vn -0.0547 0.9758 -0.2117
vn -0.1235 0.9894 -0.0762
vn -0.2500 0.9679 -0.0252
vn -0.0663 0.9964 0.0520
vn -0.1209 0.9915 -0.0489
vn -0.1324 0.9896 -0.0559
vn -0.0883 0.9788 -0.1846
vn -0.1583 0.9862 -0.0482
vn -0.3039 0.9525 0.0210
vn -0.1377 0.9839 0.1139
vn -0.1513 0.9883 -0.0190
vn -0.1826 0.9829 -0.0240
vn -0.1266 0.9794 -0.1572
vn -0.1969 0.9803 -0.0178
vn -0.3552 0.9305 0.0895
vn 0.1225 0.8940 -0.4310
vn 0.0583 0.8529 -0.5189
vn -0.2115 0.9341 -0.2876
vn 0.0243 0.7882 -0.6150
vn -0.2991 0.8276 -0.4750
vn -0.2590 0.8502 -0.4583
vn -0.0279 0.9406 -0.3385
vn -0.0703 0.9053 -0.4188
vn -0.3198 0.9239 -0.2099
vn -0.1755 0.8208 -0.5437
vn -0.3796 0.8259 -0.4169
vn -0.4087 0.8534 -0.3236
vn -0.1833 0.9604 -0.2099
vn -0.1764 0.9196 -0.3510
vn -0.4161 0.9006 -0.1255
vn -0.2974 0.8481 -0.4386
vn -0.4499 0.8164 -0.3619
vn -0.5247 0.8263 -0.2047
vn -0.3187 0.9439 -0.0870
vn -0.2654 0.9216 -0.2834
vn -0.5078 0.8610 -0.0276
vn -0.4055 0.8489 -0.3392
vn -0.5208 0.7988 -0.3012
vn -0.6302 0.7715 -0.0879
vn -0.4500 0.8921 0.0402
vn -0.3506 0.9134 -0.2067
vn -0.6214 0.7783 0.0904
vn -0.5227 0.8228 -0.2229
vn -0.5846 0.7752 -0.2394
vn -0.6948 0.7169 0.0567
vn 0.0974 0.7049 -0.7026
vn 0.0362 0.6378 -0.7694
vn -0.2906 0.7758 -0.5601
vn 0.0027 0.4784 -0.8782
vn -0.4001 0.5410 -0.7398
vn -0.3699 0.5549 -0.7451
vn -0.1240 0.7822 -0.6105
vn -0.1785 0.7389 -0.6498
vn -0.4859 0.7666 -0.4198
vn -0.2991 0.5010 -0.8121
vn -0.5724 0.5410 -0.6162
vn -0.6176 0.5682 -0.5439
vn -0.3716 0.8210 -0.4335
vn -0.3679 0.7509 -0.5485
vn -0.6311 0.7282 -0.2675
vn -0.5061 0.5506 -0.6639
vn -0.7046 0.5194 -0.4835
vn -0.7763 0.5290 -0.3428
vn -0.5643 0.7890 -0.2430
vn -0.5256 0.7380 -0.4232
vn -0.7355 0.6692 -0.1060
vn -0.6738 0.5523 -0.4908
vn -0.8121 0.4793 -0.3330
vn -0.8773 0.4550 -0.1528
vn -0.7097 0.7028 -0.0491
vn -0.6603 0.7009 -0.2696
vn -0.8365 0.5435 0.0706
vn -0.8140 0.5063 -0.2847
vn -0.8805 0.4283 -0.2030
vn -0.8644 0.4910 -0.1087
vn 0.0151 0.4093 -0.9123
vn 0.0333 0.3027 -0.9525
vn -0.3791 0.4475 -0.8099
vn 0.0076 0.0696 -0.9975
vn -0.4319 0.0523 -0.9004
vn -0.4419 0.0906 -0.8925
vn -0.2513 0.4613 -0.8509
vn -0.2669 0.4133 -0.8706
vn -0.6569 0.4401 -0.6122
vn -0.3403 0.0210 -0.9401
vn -0.6934 0.0485 -0.7189
vn -0.7440 0.1031 -0.6601
vn -0.5571 0.4924 -0.6688
vn -0.5335 0.4028 -0.7438
vn -0.8277 0.4073 -0.3860
vn -0.6104 0.0656 -0.7893
vn -0.8645 0.0408 -0.5009
vn -0.9109 0.0901 -0.4028
vn -0.7693 0.4658 -0.4374
vn -0.7411 0.3760 -0.5563
vn -0.9153 0.3661 -0.1679
vn -0.8147 0.0846 -0.5737
vn -0.9630 0.0325 -0.2677
vn -0.9841 0.0609 -0.1671
vn -0.8955 0.4008 -0.1934
vn -0.8837 0.3376 -0.3240
vn -0.9594 0.2495 -0.1318
vn -0.9462 0.0758 -0.3145
vn -0.9779 0.1979 -0.0679
vn -0.9841 0.1277 -0.1238
vn -0.1195 -0.0270 -0.9925
vn 0.0328 -0.1025 -0.9942
vn -0.4171 -0.0515 -0.9074
vn 0.0213 -0.3362 -0.9415
vn -0.3224 -0.4771 -0.8175
vn -0.4124 -0.4125 -0.8123
vn -0.3647 -0.0458 -0.9300
vn -0.3027 -0.0602 -0.9512
vn -0.7244 -0.0612 -0.6866
vn -0.2871 -0.4509 -0.8451
vn -0.6230 -0.4910 -0.6089
vn -0.6867 -0.4016 -0.6059
vn -0.6329 -0.0531 -0.7724
vn -0.5813 -0.1109 -0.8061
vn -0.8984 -0.0494 -0.4364
vn -0.5446 -0.4435 -0.7119
vn -0.8164 -0.4482 -0.3641
vn -0.8520 -0.3674 -0.3730
vn -0.8206 -0.0554 -0.5688
vn -0.7950 -0.1305 -0.5924
vn -0.9787 -0.0250 -0.2037
vn -0.7441 -0.4162 -0.5225
vn -0.9196 -0.3732 -0.1228
vn -0.9328 -0.3280 -0.1496
vn -0.9399 -0.0524 -0.3373
vn -0.9355 -0.1169 -0.3335
vn -0.9821 -0.1289 -0.1370
vn -0.8805 -0.3740 -0.2914
vn -0.9835 -0.1713 -0.0576
vn -0.9727 -0.2233 0.0625
vn -0.1948 -0.4916 -0.8488
vn 0.0289 -0.4974 -0.8670
vn -0.3583 -0.5316 -0.7675
vn 0.0367 -0.6581 -0.7520
vn -0.1700 -0.8014 -0.5735
vn -0.3185 -0.7568 -0.5708
vn -0.3575 -0.5280 -0.7703
vn -0.2623 -0.5234 -0.8107
vn -0.6110 -0.5439 -0.5752
vn -0.1822 -0.7603 -0.6235
vn -0.4246 -0.8173 -0.3896
vn -0.5120 -0.7456 -0.4264
vn -0.5267 -0.5459 -0.6517
vn -0.4740 -0.5771 -0.6650
vn -0.7752 -0.5055 -0.3790
vn -0.3659 -0.7728 -0.5185
vn -0.6138 -0.7636 -0.2006
vn -0.6552 -0.7052 -0.2711
vn -0.6611 -0.5410 -0.5198
vn -0.6477 -0.5807 -0.4932
vn -0.8804 -0.4343 -0.1904
vn -0.5191 -0.7598 -0.3916
vn -0.7481 -0.6634 -0.0155
vn -0.7569 -0.6448 -0.1066
vn -0.7758 -0.5136 -0.3665
vn -0.7952 -0.5331 -0.2889
vn -0.9183 -0.3952 0.0214
vn -0.6503 -0.7215 -0.2379
vn -0.8100 -0.5731 0.1241
vn -0.7989 -0.5930 -0.1005
vn -0.0592 -0.8780 -0.4750
vn 0.0442 -0.7963 -0.6033
vn -0.2558 -0.8407 -0.4773
vn -0.0898 -0.8999 -0.4268
vn -0.0548 -0.9502 -0.3067
vn -0.2302 -0.9258 -0.3000
vn -0.2721 -0.8193 -0.5047
vn -0.1496 -0.8298 -0.5376
vn -0.4092 -0.8437 -0.3476
vn -0.0647 -0.9149 -0.3984
vn -0.2206 -0.9583 -0.1817
vn -0.3382 -0.9147 -0.2211
vn -0.3442 -0.8285 -0.4418
vn -0.2735 -0.8587 -0.4334
vn -0.5285 -0.8167 -0.2318
vn -0.1688 -0.9292 -0.3288
vn -0.3610 -0.9302 -0.0665
vn -0.4345 -0.8902 -0.1367
vn -0.4094 -0.8294 -0.3801
vn -0.3838 -0.8607 -0.3344
vn -0.6364 -0.7625 -0.1166
vn -0.2559 -0.9311 -0.2599
vn -0.4909 -0.8697 0.0506
vn -0.5263 -0.8494 -0.0389
vn -0.4785 -0.8211 -0.3113
vn -0.5047 -0.8349 -0.2195
vn -0.6019 -0.7941 -0.0838
vn -0.3393 -0.9228 -0.1824
vn -0.5929 -0.8049 -0.0249
vn -0.6385 -0.7659 0.0759
vn -0.1772 -0.9565 -0.2317
vn -0.0355 -0.9834 -0.1777
vn -0.1615 -0.9778 -0.1337
vn 0.1102 -0.9635 -0.2442
vn 0.0444 -0.9981 -0.0436
vn -0.1665 -0.9851 -0.0424
vn -0.1739 -0.9562 -0.2354
vn 0.0029 -0.9706 -0.2405
vn -0.2098 -0.9739 -0.0862
vn 0.0554 -0.9774 -0.2040
vn -0.0323 -0.9994 0.0142
vn -0.1970 -0.9801 -0.0236
vn -0.1595 -0.9588 -0.2352
vn -0.0382 -0.9784 -0.2029
vn -0.2567 -0.9655 -0.0438
vn 0.0227 -0.9851 -0.1702
vn -0.1019 -0.9927 0.0648
vn -0.2371 -0.9715 0.0048
vn -0.1501 -0.9608 -0.2332
vn -0.0718 -0.9818 -0.1755
vn -0.3121 -0.9501 0.0014
vn 0.0033 -0.9888 -0.1494
vn -0.1757 -0.9775 0.1171
vn -0.2907 -0.9558 0.0441
vn -0.1418 -0.9621 -0.2329
vn -0.1111 -0.9827 -0.1485
vn -0.3654 -0.9281 0.0720
vn -0.0073 -0.9907 -0.1361
vn -0.2431 -0.9544 0.1734
vn -0.3499 -0.9313 0.1013
vn -0.1548 -0.9842 0.0860
vn 0.1464 -0.9868 0.0694
vn -0.0869 -0.9714 0.2208
vn 0.1718 -0.9850 0.0157
vn 0.1455 -0.9640 0.2224
vn -0.1262 -0.9699 0.2080
vn -0.0807 -0.9966 0.0184
vn 0.1756 -0.9833 0.0472
vn -0.0309 -0.9825 0.1839
vn 0.1877 -0.9818 -0.0291
vn 0.1519 -0.9651 0.2135
vn -0.0819 -0.9810 0.1757
vn 0.0166 -0.9988 -0.0460
vn 0.2110 -0.9774 0.0089
vn 0.0053 -0.9870 0.1604
vn 0.2195 -0.9750 -0.0350
vn 0.1565 -0.9659 0.2062
vn -0.0596 -0.9859 0.1564
vn 0.1001 -0.9900 -0.0999
vn 0.2546 -0.9665 -0.0331
vn 0.0349 -0.9891 0.1433
vn 0.2607 -0.9636 -0.0597
vn 0.1636 -0.9666 0.1972
vn -0.0526 -0.9883 0.1429
vn 0.1857 -0.9700 -0.1567
vn 0.3144 -0.9451 -0.0889
vn 0.0462 -0.9907 0.1278
vn 0.3139 -0.9438 -0.1035
vn 0.1627 -0.9663 0.1994
vn -0.0064 -0.9901 0.1401
vn -0.1272 -0.9154 0.3820
vn 0.2250 -0.8844 0.4088
vn -0.0361 -0.8234 0.5662
vn 0.2535 -0.9215 0.2942
vn 0.2543 -0.8275 0.5006
vn -0.1077 -0.8804 0.4618
vn 0.0159 -0.9640 0.2653
vn 0.3659 -0.8723 0.3244
vn 0.1303 -0.8755 0.4654
vn 0.3493 -0.9250 0.1497
vn 0.3429 -0.8358 0.4288
vn 0.0179 -0.9177 0.3969
vn 0.1949 -0.9711 0.1378
vn 0.4737 -0.8566 0.2045
vn 0.2544 -0.8898 0.3790
vn 0.4396 -0.8940 0.0870
vn 0.4187 -0.8328 0.3622
vn 0.1181 -0.9348 0.3349
vn 0.3446 -0.9384 0.0251
vn 0.5757 -0.8132 0.0856
vn 0.3671 -0.8819 0.2957
vn 0.5229 -0.8523 0.0097
vn 0.4973 -0.8183 0.2882
vn 0.2081 -0.9412 0.2663
vn 0.4785 -0.8739 -0.0860
vn 0.6829 -0.7286 -0.0533
vn 0.4445 -0.8751 0.1914
vn 0.6017 -0.7937 -0.0894
vn 0.5554 -0.7997 0.2281
vn 0.3621 -0.9122 0.1917
vn -0.0671 -0.7565 0.6505
vn 0.3164 -0.6251 0.7136
vn -0.0221 -0.5163 0.8561
vn 0.3508 -0.7204 0.5982
vn 0.3555 -0.5250 0.7733
vn -0.1048 -0.6953 0.7110
vn 0.1453 -0.8414 0.5206
vn 0.5645 -0.5957 0.5714
vn 0.2603 -0.6123 0.7466
vn 0.5463 -0.7573 0.3579
vn 0.5314 -0.5444 0.6491
vn 0.1186 -0.7511 0.6495
vn 0.3935 -0.8533 0.3422
vn 0.7330 -0.5733 0.3661
vn 0.4751 -0.6392 0.6047
vn 0.6823 -0.7021 0.2039
vn 0.6687 -0.5350 0.5163
vn 0.3200 -0.7709 0.5508
vn 0.5824 -0.7960 0.1651
vn 0.8482 -0.5049 0.1602
vn 0.6466 -0.6188 0.4461
vn 0.7727 -0.6323 0.0562
vn 0.7832 -0.5015 0.3676
vn 0.4996 -0.7604 0.4150
vn 0.7191 -0.6949 -0.0072
vn 0.9189 -0.3909 -0.0528
vn 0.7558 -0.6037 0.2535
vn 0.8281 -0.5522 -0.0971
vn 0.8531 -0.4644 0.2376
vn 0.6956 -0.6731 0.2510
vn 0.0638 -0.4625 0.8843
vn 0.3958 -0.1817 0.9002
vn -0.0576 -0.0808 0.9951
vn 0.4209 -0.3134 0.8513
vn 0.3759 -0.0106 0.9266
vn -0.0837 -0.3898 0.9171
vn 0.3282 -0.5315 0.7809
vn 0.7102 -0.1120 0.6951
vn 0.3058 -0.1566 0.9391
vn 0.7157 -0.3891 0.5799
vn 0.6334 -0.0236 0.7734
vn 0.2421 -0.4065 0.8810
vn 0.6055 -0.5420 0.5827
vn 0.9000 -0.1033 0.4235
vn 0.5977 -0.1919 0.7784
vn 0.8802 -0.3475 0.3232
vn 0.8151 -0.0249 0.5788
vn 0.5313 -0.3992 0.7473
vn 0.7901 -0.5008 0.3535
vn 0.9845 -0.0743 0.1590
vn 0.8059 -0.1897 0.5608
vn 0.9507 -0.2965 0.0909
vn 0.9324 -0.0183 0.3610
vn 0.7529 -0.3738 0.5416
vn 0.8944 -0.4293 0.1252
vn 0.9962 -0.0289 -0.0818
vn 0.9292 -0.2112 0.3033
vn 0.9613 -0.2500 -0.1159
vn 0.9841 -0.0200 0.1764
vn 0.9110 -0.2836 0.2995
vn 0.1991 0.0248 0.9797
vn 0.4030 0.3513 0.8451
vn -0.1035 0.3481 0.9317
vn 0.4005 0.2144 0.8908
vn 0.2478 0.5199 0.8175
vn -0.0275 0.0432 0.9987
vn 0.4454 0.0222 0.8951
vn 0.6856 0.4345 0.5840
vn 0.2304 0.3603 0.9039
vn 0.7236 0.1500 0.6737
vn 0.5329 0.5436 0.6485
vn 0.3302 0.1174 0.9366
vn 0.6961 0.0192 0.7177
vn 0.8557 0.3967 0.3323
vn 0.5271 0.3518 0.7736
vn 0.9063 0.1459 0.3966
vn 0.7381 0.5156 0.4352
vn 0.6163 0.1522 0.7726
vn 0.8618 0.0057 0.5072
vn 0.9331 0.3445 0.1027
vn 0.7539 0.3293 0.5685
vn 0.9844 0.1193 0.1297
vn 0.8675 0.4525 0.2068
vn 0.8192 0.1513 0.5531
vn 0.9584 -0.0119 0.2852
vn 0.9509 0.2923 -0.1018
vn 0.9168 0.2452 0.3151
vn 0.9910 0.0729 -0.1118
vn 0.9268 0.3747 0.0263
vn 0.9361 0.1770 0.3040
vn 0.2285 0.5141 0.8268
vn 0.3265 0.7445 0.5824
vn -0.1108 0.6703 0.7338
vn 0.3140 0.6421 0.6994
vn 0.0903 0.8209 0.5639
vn 0.0033 0.4968 0.8678
vn 0.3958 0.5387 0.7437
vn 0.5109 0.7858 0.3484
vn 0.1197 0.7226 0.6809
vn 0.5667 0.6146 0.5487
vn 0.3318 0.8577 0.3926
vn 0.2829 0.5927 0.7541
vn 0.5754 0.5400 0.6143
vn 0.6520 0.7321 0.1973
vn 0.3270 0.7410 0.5865
vn 0.7286 0.5949 0.3394
vn 0.5257 0.8236 0.2131
vn 0.4949 0.6193 0.6096
vn 0.7117 0.5127 0.4802
vn 0.7491 0.6604 0.0525
vn 0.5103 0.7318 0.4518
vn 0.8384 0.5291 0.1310
vn 0.6747 0.7373 0.0332
vn 0.6633 0.5989 0.4487
vn 0.8203 0.4638 0.3347
vn 0.8116 0.5761 -0.0967
vn 0.7095 0.6482 0.2766
vn 0.9052 0.4166 -0.0838
vn 0.7673 0.6331 -0.1016
vn 0.7679 0.5845 0.2621
vn 0.1975 0.8235 0.5318
vn 0.2320 0.9321 0.2780
vn -0.1059 0.8700 0.4815
vn 0.2193 0.8917 0.3961
vn -0.0162 0.9522 0.3052
vn -0.0200 0.8154 0.5785
vn 0.2786 0.8347 0.4750
vn 0.3210 0.9370 0.1375
vn 0.0238 0.9060 0.4226
vn 0.3620 0.8800 0.3076
vn 0.1501 0.9738 0.1709
vn 0.1456 0.8674 0.4758
vn 0.3747 0.8337 0.4057
vn 0.4159 0.9062 0.0759
vn 0.1276 0.9221 0.3653
vn 0.4654 0.8654 0.1855
vn 0.2942 0.9546 0.0472
vn 0.2690 0.8816 0.3880
vn 0.4553 0.8210 0.3444
vn 0.5031 0.8642 -0.0001
vn 0.2206 0.9282 0.2998
vn 0.5638 0.8234 0.0647
vn 0.4299 0.8996 -0.0765
vn 0.3809 0.8735 0.3031
vn 0.5349 0.7980 0.2777
vn 0.5866 0.8041 -0.0963
vn 0.3772 0.9002 0.2175
vn 0.6686 0.7398 -0.0758
vn 0.5356 0.8282 -0.1649
vn 0.4562 0.8666 0.2024
vn 0.0118 0.9853 0.1704
vn 0.1554 0.9879 0.0005
vn -0.1195 0.9673 0.2236
vn 0.0380 0.9835 0.1770
vn -0.1031 0.9933 0.0522
vn 0.0351 0.9838 0.1756
vn 0.0520 0.9887 0.1409
vn 0.1683 0.9848 -0.0423
vn -0.0733 0.9781 0.1946
vn 0.0963 0.9851 0.1424
vn -0.0181 0.9996 -0.0219
vn 0.0880 0.9866 0.1372
vn 0.0961 0.9899 0.1046
vn 0.2029 0.9780 -0.0480
vn -0.0487 0.9826 0.1790
vn 0.1304 0.9864 0.0997
vn 0.0571 0.9945 -0.0873
vn 0.1331 0.9854 0.1057
vn 0.1349 0.9882 0.0728
vn 0.2461 0.9665 -0.0726
vn -0.0395 0.9848 0.1692
vn 0.1646 0.9843 0.0639
vn 0.1390 0.9778 -0.1566
vn 0.1828 0.9804 0.0740
vn 0.1788 0.9832 0.0367
vn 0.3011 0.9466 -0.1155
vn 0.0089 0.9866 0.1630
vn 0.2082 0.9778 0.0240
vn 0.2105 0.9563 -0.2028
vn 0.2187 0.9754 0.0275
vn 0.1361 0.9845 -0.1103
vn -0.0000 0.9887 -0.1499
vn 0.0208 0.9869 -0.1597
vn -0.0324 0.9471 -0.3192
vn -0.0004 0.9887 -0.1499
vn -0.1371 0.9842 -0.1125
vn -0.0000 -0.0000 1.0000
vn -0.0000 1.0000 -0.0000
vn -1.0000 -0.0000 -0.0000
vn 1.0000 -0.0000 -0.0000
vn -0.0000 -1.0000 -0.0000
vn -0.2247 0.9591 -0.1718
vn -0.2477 0.9537 -0.1708
vn -0.2464 0.9507 -0.1886
vn -0.2165 0.9596 -0.1797
vn -0.2387 0.9512 -0.1958
vn -0.2157 0.9563 -0.1973
vn -0.2091 0.8382 -0.5037
vn -0.2159 0.8369 -0.5030
vn -0.2163 0.8336 -0.5082
vn -0.2066 0.8375 -0.5059
vn -0.2131 0.8326 -0.5113
vn -0.2055 0.8341 -0.5118
vn -0.5979 0.7866 -0.1541
vn -0.6041 0.7820 -0.1530
vn -0.6040 0.7811 -0.1585
vn -0.5960 0.7876 -0.1562
vn -0.6014 0.7825 -0.1613
vn -0.5955 0.7870 -0.1613
vn -0.5581 0.6968 -0.4505
vn -0.5328 0.7116 -0.4579
vn -0.5297 0.7260 -0.4385
vn -0.5665 0.6958 -0.4416
vn -0.5476 0.7245 -0.4186
vn -0.5716 0.7053 -0.4193
vn -0.2369 0.2182 -0.9467
vn -0.2357 0.2401 -0.9417
vn -0.2609 0.2380 -0.9356
vn -0.2464 0.2090 -0.9464
vn -0.2696 0.2295 -0.9352
vn -0.2716 0.2075 -0.9398
vn -0.6327 0.1842 -0.7522
vn -0.6319 0.1901 -0.7513
vn -0.6375 0.1901 -0.7466
vn -0.6346 0.1818 -0.7512
vn -0.6402 0.1869 -0.7451
vn -0.6406 0.1805 -0.7463
vn -0.2148 0.5838 -0.7830
vn -0.2134 0.5899 -0.7788
vn -0.2211 0.5892 -0.7772
vn -0.2173 0.5817 -0.7838
vn -0.2245 0.5862 -0.7784
vn -0.2243 0.5808 -0.7825
vn -0.5798 0.5034 -0.6406
vn -0.5876 0.4787 -0.6524
vn -0.5635 0.4793 -0.6728
vn -0.5717 0.5119 -0.6412
vn -0.5448 0.4992 -0.6738
vn -0.5458 0.5212 -0.6561
vn -0.9723 0.1702 -0.1602
vn -0.9695 0.1697 -0.1768
vn -0.9662 0.1884 -0.1758
vn -0.9721 0.1776 -0.1532
vn -0.9660 0.1953 -0.1692
vn -0.9686 0.1963 -0.1526
vn -0.8518 0.5022 -0.1492
vn -0.8512 0.5018 -0.1539
vn -0.8479 0.5073 -0.1542
vn -0.8510 0.5041 -0.1473
vn -0.8467 0.5099 -0.1516
vn -0.8476 0.5100 -0.1465
vn -0.8699 0.1673 -0.4640
vn -0.8671 0.1666 -0.4695
vn -0.8660 0.1724 -0.4694
vn -0.8705 0.1695 -0.4620
vn -0.8669 0.1752 -0.4666
vn -0.8697 0.1748 -0.4616
vn -0.7636 0.4842 -0.4271
vn -0.7730 0.4879 -0.4055
vn -0.7879 0.4660 -0.4025
vn -0.7641 0.4754 -0.4362
vn -0.7885 0.4481 -0.4212
vn -0.7756 0.4520 -0.4407
vn -0.9720 0.1778 0.1536
vn -0.9685 0.1962 0.1530
vn -0.9660 0.1953 0.1693
vn -0.9722 0.1707 0.1605
vn -0.9662 0.1886 0.1757
vn -0.9694 0.1702 0.1767
vn -0.8705 0.1695 0.4621
vn -0.8697 0.1748 0.4616
vn -0.8669 0.1752 0.4666
vn -0.8699 0.1673 0.4640
vn -0.8660 0.1724 0.4694
vn -0.8671 0.1666 0.4695
vn -0.8510 0.5040 0.1473
vn -0.8476 0.5099 0.1465
vn -0.8468 0.5099 0.1516
vn -0.8517 0.5022 0.1493
vn -0.8478 0.5073 0.1542
vn -0.8511 0.5019 0.1539
vn -0.7641 0.4753 0.4362
vn -0.7756 0.4520 0.4407
vn -0.7885 0.4481 0.4212
vn -0.7636 0.4842 0.4271
vn -0.7878 0.4661 0.4026
vn -0.7730 0.4879 0.4055
vn -0.2465 0.2093 0.9463
vn -0.2710 0.2079 0.9398
vn -0.2691 0.2293 0.9354
vn -0.2373 0.2184 0.9466
vn -0.2607 0.2376 0.9357
vn -0.2361 0.2397 0.9417
vn -0.2170 0.5818 0.7839
vn -0.2243 0.5808 0.7825
vn -0.2244 0.5864 0.7783
vn -0.2145 0.5839 0.7829
vn -0.2210 0.5895 0.7770
vn -0.2131 0.5902 0.7786
vn -0.6346 0.1815 0.7512
vn -0.6409 0.1801 0.7462
vn -0.6405 0.1868 0.7449
vn -0.6328 0.1840 0.7522
vn -0.6378 0.1900 0.7464
vn -0.6320 0.1901 0.7513
vn -0.5718 0.5121 0.6410
vn -0.5458 0.5214 0.6559
vn -0.5448 0.4994 0.6736
vn -0.5801 0.5035 0.6403
vn -0.5637 0.4793 0.6727
vn -0.5878 0.4787 0.6522
vn -0.2164 0.9596 0.1796
vn -0.2157 0.9563 0.1973
vn -0.2387 0.9512 0.1958
vn -0.2248 0.9591 0.1718
vn -0.2464 0.9507 0.1885
vn -0.2477 0.9537 0.1708
vn -0.5960 0.7876 0.1562
vn -0.5955 0.7870 0.1613
vn -0.6014 0.7825 0.1613
vn -0.5979 0.7866 0.1541
vn -0.6040 0.7811 0.1584
vn -0.6042 0.7820 0.1530
vn -0.2066 0.8375 0.5059
vn -0.2055 0.8341 0.5118
vn -0.2130 0.8326 0.5113
vn -0.2091 0.8382 0.5037
vn -0.2163 0.8336 0.5082
vn -0.2159 0.8369 0.5030
vn -0.5665 0.6958 0.4416
vn -0.5716 0.7053 0.4193
vn -0.5476 0.7245 0.4187
vn -0.5582 0.6967 0.4505
vn -0.5298 0.7259 0.4385
vn -0.5329 0.7115 0.4579
vn 0.2524 0.2251 -0.9411
vn 0.2716 0.2075 -0.9398
vn 0.2550 0.2227 -0.9409
vn 0.2357 0.2401 -0.9417
vn 0.2190 0.5853 -0.7807
vn 0.2243 0.5808 -0.7825
vn 0.2193 0.5850 -0.7808
vn 0.2134 0.5899 -0.7788
vn 0.6357 0.1859 -0.7492
vn 0.6407 0.1804 -0.7463
vn 0.6365 0.1851 -0.7487
vn 0.6319 0.1901 -0.7513
vn 0.5679 0.4992 -0.6544
vn 0.5458 0.5212 -0.6561
vn 0.5658 0.5014 -0.6546
vn 0.5680 0.4991 -0.6544
vn 0.5876 0.4787 -0.6524
vn 0.2296 0.9554 -0.1859
vn 0.2157 0.9563 -0.1973
vn 0.2339 0.9550 -0.1824
vn 0.2339 0.9550 -0.1823
vn 0.2477 0.9537 -0.1708
vn 0.5989 0.7851 -0.1580
vn 0.5955 0.7870 -0.1613
vn 0.6005 0.7842 -0.1565
vn 0.6004 0.7842 -0.1566
vn 0.6041 0.7820 -0.1530
vn 0.2107 0.8355 -0.5074
vn 0.2055 0.8342 -0.5118
vn 0.2113 0.8357 -0.5069
vn 0.2159 0.8369 -0.5030
vn 0.5544 0.7084 -0.4369
vn 0.5716 0.7053 -0.4194
vn 0.5502 0.7090 -0.4410
vn 0.5503 0.7090 -0.4410
vn 0.5329 0.7116 -0.4579
vn 0.9692 0.1822 -0.1655
vn 0.9686 0.1958 -0.1530
vn 0.9692 0.1838 -0.1640
vn 0.9695 0.1702 -0.1764
vn 0.8686 0.1707 -0.4651
vn 0.8699 0.1747 -0.4613
vn 0.8685 0.1705 -0.4654
vn 0.8686 0.1709 -0.4651
vn 0.8685 0.1706 -0.4654
vn 0.8671 0.1663 -0.4695
vn 0.8499 0.5050 -0.1508
vn 0.8477 0.5100 -0.1462
vn 0.8493 0.5062 -0.1496
vn 0.8498 0.5050 -0.1508
vn 0.8493 0.5063 -0.1496
vn 0.8513 0.5016 -0.1539
vn 0.7745 0.4710 -0.4224
vn 0.7756 0.4520 -0.4406
vn 0.7746 0.4691 -0.4243
vn 0.7744 0.4710 -0.4223
vn 0.7730 0.4879 -0.4056
vn 0.2373 0.2183 0.9466
vn 0.2361 0.2397 0.9417
vn 0.2607 0.2376 0.9357
vn 0.2465 0.2094 0.9463
vn 0.2691 0.2293 0.9354
vn 0.2710 0.2079 0.9398
vn 0.6328 0.1839 0.7522
vn 0.6320 0.1900 0.7513
vn 0.6378 0.1900 0.7464
vn 0.6347 0.1815 0.7512
vn 0.6405 0.1868 0.7449
vn 0.6409 0.1801 0.7462
vn 0.2145 0.5839 0.7830
vn 0.2131 0.5902 0.7786
vn 0.2211 0.5895 0.7769
vn 0.2170 0.5818 0.7839
vn 0.2244 0.5864 0.7783
vn 0.2243 0.5808 0.7825
vn 0.5801 0.5035 0.6403
vn 0.5878 0.4787 0.6521
vn 0.5637 0.4793 0.6727
vn 0.5718 0.5121 0.6409
vn 0.5448 0.4994 0.6737
vn 0.5458 0.5214 0.6559
vn 0.9692 0.1822 0.1655
vn 0.9695 0.1702 0.1764
vn 0.9692 0.1838 0.1640
vn 0.9692 0.1821 0.1655
vn 0.9686 0.1958 0.1530
vn 0.8498 0.5050 0.1508
vn 0.8513 0.5016 0.1539
vn 0.8493 0.5062 0.1497
vn 0.8499 0.5049 0.1508
vn 0.8477 0.5100 0.1462
vn 0.8686 0.1709 0.4651
vn 0.8671 0.1663 0.4695
vn 0.8685 0.1706 0.4654
vn 0.8686 0.1708 0.4651
vn 0.8685 0.1705 0.4654
vn 0.8699 0.1747 0.4613
vn 0.7744 0.4711 0.4223
vn 0.7729 0.4879 0.4056
vn 0.7745 0.4691 0.4243
vn 0.7744 0.4710 0.4224
vn 0.7746 0.4691 0.4243
vn 0.7756 0.4520 0.4407
vn 0.2296 0.9554 0.1859
vn 0.2477 0.9536 0.1708
vn 0.2339 0.9550 0.1823
vn 0.2157 0.9563 0.1973
vn 0.2091 0.8382 0.5038
vn 0.2159 0.8369 0.5030
vn 0.2163 0.8336 0.5082
vn 0.2066 0.8375 0.5059
vn 0.2130 0.8326 0.5113
vn 0.2055 0.8341 0.5118
vn 0.5989 0.7851 0.1580
vn 0.6042 0.7820 0.1530
vn 0.6005 0.7842 0.1566
vn 0.6004 0.7842 0.1565
vn 0.5955 0.7870 0.1613
vn 0.5582 0.6967 0.4505
vn 0.5330 0.7115 0.4579
vn 0.5298 0.7260 0.4385
vn 0.5665 0.6957 0.4416
vn 0.5476 0.7244 0.4187
vn 0.5716 0.7053 0.4194
vn -0.2464 -0.2090 -0.9464
vn -0.2716 -0.2075 -0.9398
vn -0.2696 -0.2295 -0.9352
vn -0.2369 -0.2182 -0.9467
vn -0.2609 -0.2380 -0.9356
vn -0.2357 -0.2401 -0.9417
vn -0.2173 -0.5818 -0.7838
vn -0.2243 -0.5808 -0.7825
vn -0.2245 -0.5862 -0.7784
vn -0.2148 -0.5838 -0.7830
vn -0.2211 -0.5891 -0.7772
vn -0.2134 -0.5898 -0.7788
vn -0.6346 -0.1819 -0.7511
vn -0.6407 -0.1805 -0.7463
vn -0.6402 -0.1870 -0.7451
vn -0.6327 -0.1842 -0.7522
vn -0.6375 -0.1900 -0.7466
vn -0.6319 -0.1901 -0.7513
vn -0.5717 -0.5119 -0.6413
vn -0.5457 -0.5212 -0.6562
vn -0.5447 -0.4992 -0.6738
vn -0.5798 -0.5034 -0.6407
vn -0.5635 -0.4793 -0.6729
vn -0.5875 -0.4787 -0.6524
vn -0.2165 -0.9596 -0.1797
vn -0.2157 -0.9563 -0.1973
vn -0.2387 -0.9512 -0.1958
vn -0.2247 -0.9591 -0.1718
vn -0.2464 -0.9507 -0.1885
vn -0.2477 -0.9537 -0.1708
vn -0.5960 -0.7876 -0.1563
vn -0.5955 -0.7870 -0.1612
vn -0.6014 -0.7825 -0.1613
vn -0.5979 -0.7866 -0.1541
vn -0.6040 -0.7811 -0.1585
vn -0.6041 -0.7820 -0.1530
vn -0.2066 -0.8375 -0.5059
vn -0.2055 -0.8342 -0.5118
vn -0.2131 -0.8326 -0.5113
vn -0.2091 -0.8381 -0.5038
vn -0.2163 -0.8336 -0.5083
vn -0.2159 -0.8369 -0.5030
vn -0.5665 -0.6958 -0.4416
vn -0.5716 -0.7053 -0.4193
vn -0.5476 -0.7245 -0.4186
vn -0.5581 -0.6968 -0.4506
vn -0.5297 -0.7260 -0.4385
vn -0.5328 -0.7116 -0.4580
vn -0.9721 -0.1776 -0.1532
vn -0.9686 -0.1963 -0.1526
vn -0.9660 -0.1953 -0.1692
vn -0.9723 -0.1702 -0.1602
vn -0.9662 -0.1884 -0.1757
vn -0.9695 -0.1697 -0.1768
vn -0.8705 -0.1695 -0.4620
vn -0.8697 -0.1748 -0.4616
vn -0.8670 -0.1752 -0.4666
vn -0.8699 -0.1673 -0.4639
vn -0.8660 -0.1724 -0.4693
vn -0.8671 -0.1666 -0.4695
vn -0.8510 -0.5041 -0.1473
vn -0.8476 -0.5100 -0.1465
vn -0.8467 -0.5100 -0.1516
vn -0.8518 -0.5022 -0.1492
vn -0.8479 -0.5073 -0.1542
vn -0.8512 -0.5018 -0.1539
vn -0.7641 -0.4753 -0.4361
vn -0.7756 -0.4520 -0.4406
vn -0.7885 -0.4481 -0.4212
vn -0.7636 -0.4842 -0.4272
vn -0.7879 -0.4660 -0.4025
vn -0.7730 -0.4879 -0.4055
vn -0.2374 -0.2183 0.9465
vn -0.2362 -0.2397 0.9417
vn -0.2608 -0.2376 0.9357
vn -0.2465 -0.2093 0.9463
vn -0.2691 -0.2293 0.9354
vn -0.2710 -0.2079 0.9398
vn -0.6328 -0.1840 0.7522
vn -0.6320 -0.1901 0.7513
vn -0.6378 -0.1900 0.7464
vn -0.6346 -0.1816 0.7512
vn -0.6404 -0.1868 0.7450
vn -0.6409 -0.1801 0.7462
vn -0.2145 -0.5838 0.7830
vn -0.2131 -0.5902 0.7787
vn -0.2211 -0.5894 0.7770
vn -0.2170 -0.5818 0.7838
vn -0.2244 -0.5864 0.7783
vn -0.2243 -0.5808 0.7825
vn -0.5801 -0.5035 0.6403
vn -0.5878 -0.4787 0.6522
vn -0.5637 -0.4793 0.6727
vn -0.5718 -0.5121 0.6410
vn -0.5447 -0.4994 0.6737
vn -0.5457 -0.5214 0.6560
vn -0.9722 -0.1707 0.1605
vn -0.9694 -0.1702 0.1767
vn -0.9662 -0.1887 0.1757
vn -0.9720 -0.1778 0.1536
vn -0.9660 -0.1953 0.1693
vn -0.9685 -0.1962 0.1530
vn -0.8517 -0.5022 0.1493
vn -0.8511 -0.5019 0.1539
vn -0.8478 -0.5073 0.1542
vn -0.8510 -0.5040 0.1473
vn -0.8468 -0.5099 0.1515
vn -0.8476 -0.5099 0.1465
vn -0.8699 -0.1673 0.4639
vn -0.8671 -0.1666 0.4695
vn -0.8660 -0.1724 0.4693
vn -0.8705 -0.1696 0.4620
vn -0.8669 -0.1752 0.4666
vn -0.8697 -0.1748 0.4616
vn -0.7636 -0.4842 0.4272
vn -0.7729 -0.4879 0.4056
vn -0.7878 -0.4661 0.4026
vn -0.7641 -0.4754 0.4361
vn -0.7886 -0.4481 0.4212
vn -0.7756 -0.4520 0.4406
vn -0.2247 -0.9591 0.1718
vn -0.2477 -0.9537 0.1708
vn -0.2464 -0.9507 0.1885
vn -0.2165 -0.9596 0.1796
vn -0.2387 -0.9512 0.1958
vn -0.2157 -0.9563 0.1973
vn -0.2091 -0.8381 0.5038
vn -0.2159 -0.8369 0.5030
vn -0.2163 -0.8336 0.5083
vn -0.2066 -0.8375 0.5059
vn -0.2130 -0.8326 0.5113
vn -0.2055 -0.8342 0.5118
vn -0.5979 -0.7866 0.1541
vn -0.6042 -0.7820 0.1530
vn -0.6040 -0.7811 0.1585
vn -0.5960 -0.7877 0.1562
vn -0.6013 -0.7825 0.1613
vn -0.5955 -0.7870 0.1612
vn -0.5582 -0.6967 0.4506
vn -0.5329 -0.7116 0.4579
vn -0.5298 -0.7259 0.4385
vn -0.5665 -0.6958 0.4416
vn -0.5476 -0.7245 0.4186
vn -0.5716 -0.7053 0.4193
vn 0.9692 -0.1822 -0.1655
vn 0.9695 -0.1702 -0.1764
vn 0.9692 -0.1839 -0.1640
vn 0.9693 -0.1822 -0.1654
vn 0.9692 -0.1838 -0.1640
vn 0.9686 -0.1958 -0.1530
vn 0.8499 -0.5050 -0.1508
vn 0.8513 -0.5016 -0.1539
vn 0.8493 -0.5062 -0.1496
vn 0.8498 -0.5050 -0.1508
vn 0.8493 -0.5062 -0.1497
vn 0.8477 -0.5100 -0.1463
vn 0.8686 -0.1709 -0.4651
vn 0.8671 -0.1663 -0.4695
vn 0.8685 -0.1706 -0.4653
vn 0.8686 -0.1708 -0.4651
vn 0.8685 -0.1705 -0.4654
vn 0.8699 -0.1747 -0.4613
vn 0.7744 -0.4710 -0.4224
vn 0.7730 -0.4879 -0.4056
vn 0.7746 -0.4691 -0.4243
vn 0.7745 -0.4710 -0.4224
vn 0.7756 -0.4520 -0.4406
vn 0.2247 -0.9591 -0.1718
vn 0.2477 -0.9537 -0.1708
vn 0.2464 -0.9507 -0.1885
vn 0.2165 -0.9596 -0.1797
vn 0.2387 -0.9512 -0.1958
vn 0.2157 -0.9563 -0.1973
vn 0.2091 -0.8381 -0.5038
vn 0.2159 -0.8369 -0.5030
vn 0.2163 -0.8336 -0.5083
vn 0.2066 -0.8375 -0.5058
vn 0.2130 -0.8326 -0.5113
vn 0.2055 -0.8342 -0.5118
vn 0.5989 -0.7851 -0.1580
vn 0.6041 -0.7821 -0.1530
vn 0.6004 -0.7842 -0.1566
vn 0.6005 -0.7842 -0.1565
vn 0.5955 -0.7870 -0.1612
vn 0.5543 -0.7084 -0.4370
vn 0.5329 -0.7116 -0.4580
vn 0.5502 -0.7090 -0.4411
vn 0.5544 -0.7084 -0.4369
vn 0.5502 -0.7090 -0.4410
vn 0.5716 -0.7053 -0.4193
vn 0.2524 -0.2251 -0.9411
vn 0.2357 -0.2401 -0.9417
vn 0.2550 -0.2227 -0.9409
vn 0.2716 -0.2075 -0.9398
vn 0.6357 -0.1860 -0.7492
vn 0.6319 -0.1901 -0.7513
vn 0.6365 -0.1851 -0.7487
vn 0.6358 -0.1859 -0.7492
vn 0.6366 -0.1850 -0.7487
vn 0.6407 -0.1804 -0.7463
vn 0.2148 -0.5838 -0.7830
vn 0.2134 -0.5899 -0.7788
vn 0.2212 -0.5892 -0.7771
vn 0.2173 -0.5817 -0.7838
vn 0.2245 -0.5862 -0.7785
vn 0.2244 -0.5808 -0.7825
vn 0.5680 -0.4991 -0.6545
vn 0.5876 -0.4787 -0.6524
vn 0.5658 -0.5014 -0.6546
vn 0.5679 -0.4992 -0.6544
vn 0.5458 -0.5212 -0.6561
vn 0.9692 -0.1822 0.1655
vn 0.9686 -0.1958 0.1530
vn 0.9692 -0.1838 0.1640
vn 0.9695 -0.1702 0.1764
vn 0.8686 -0.1708 0.4651
vn 0.8699 -0.1747 0.4613
vn 0.8685 -0.1705 0.4654
vn 0.8685 -0.1706 0.4653
vn 0.8671 -0.1663 0.4695
vn 0.8499 -0.5050 0.1508
vn 0.8477 -0.5100 0.1463
vn 0.8493 -0.5062 0.1497
vn 0.8498 -0.5050 0.1508
vn 0.8493 -0.5062 0.1496
vn 0.8513 -0.5016 0.1539
vn 0.7641 -0.4753 0.4362
vn 0.7756 -0.4520 0.4406
vn 0.7886 -0.4480 0.4212
vn 0.7636 -0.4842 0.4272
vn 0.7878 -0.4661 0.4026
vn 0.7729 -0.4879 0.4056
vn 0.2465 -0.2094 0.9463
vn 0.2710 -0.2079 0.9398
vn 0.2691 -0.2293 0.9354
vn 0.2374 -0.2183 0.9466
vn 0.2608 -0.2376 0.9357
vn 0.2362 -0.2397 0.9417
vn 0.2170 -0.5818 0.7839
vn 0.2243 -0.5808 0.7825
vn 0.2244 -0.5864 0.7783
vn 0.2145 -0.5839 0.7830
vn 0.2211 -0.5895 0.7769
vn 0.2131 -0.5902 0.7786
vn 0.6346 -0.1816 0.7512
vn 0.6409 -0.1801 0.7462
vn 0.6404 -0.1868 0.7449
vn 0.6328 -0.1839 0.7522
vn 0.6378 -0.1900 0.7464
vn 0.6320 -0.1900 0.7513
vn 0.5718 -0.5121 0.6409
vn 0.5458 -0.5215 0.6559
vn 0.5448 -0.4994 0.6737
vn 0.5801 -0.5035 0.6403
vn 0.5637 -0.4793 0.6727
vn 0.5878 -0.4787 0.6521
vn 0.2165 -0.9596 0.1797
vn 0.2157 -0.9563 0.1973
vn 0.2387 -0.9512 0.1958
vn 0.2247 -0.9591 0.1718
vn 0.2464 -0.9507 0.1885
vn 0.2477 -0.9537 0.1708
vn 0.5960 -0.7877 0.1562
vn 0.5955 -0.7870 0.1612
vn 0.6013 -0.7825 0.1613
vn 0.5979 -0.7866 0.1541
vn 0.6040 -0.7811 0.1585
vn 0.6042 -0.7820 0.1530
vn 0.2066 -0.8375 0.5059
vn 0.2055 -0.8342 0.5118
vn 0.2130 -0.8326 0.5113
vn 0.2091 -0.8381 0.5038
vn 0.2163 -0.8336 0.5083
vn 0.2159 -0.8369 0.5031
vn 0.5665 -0.6957 0.4416
vn 0.5716 -0.7053 0.4193
vn 0.5477 -0.7244 0.4186
vn 0.5582 -0.6967 0.4506
vn 0.5298 -0.7260 0.4385
vn 0.5329 -0.7116 0.4579
vn -0.4633 0.2175 -0.8591
vn -0.4174 0.1959 -0.8873
vn -0.4974 0.2335 -0.8355
vn -0.4635 0.2176 -0.8590
vn -0.4975 0.2335 -0.8354
vn -0.5502 0.2583 -0.7941
vn -0.6086 0.4803 -0.6316
vn -0.6008 0.4765 -0.6419
vn -0.6130 0.4824 -0.6257
vn -0.6130 0.4824 -0.6258
vn -0.6242 0.4877 -0.6103
vn -0.7856 0.1743 -0.5937
vn -0.6645 0.2234 -0.7131
vn -0.7912 0.5178 -0.3255
vn -0.8129 0.1844 -0.5524
vn -0.8572 0.4827 -0.1794
vn -0.9002 0.3925 -0.1885
vn -0.7504 0.4062 -0.5214
vn -0.7208 0.4279 -0.5453
vn -0.7204 0.5047 -0.4757
vn -0.7625 0.4090 -0.5012
vn -0.7636 0.4981 -0.4108
vn -0.7804 0.4633 -0.4199
vn -0.4308 0.8839 -0.1820
vn -0.5159 0.8285 -0.2180
vn -0.4616 0.8653 -0.1951
vn -0.4307 0.8840 -0.1820
vn -0.4617 0.8653 -0.1951
vn -0.3852 0.9084 -0.1627
vn -0.7840 0.6006 -0.1569
vn -0.9098 0.2120 -0.3569
vn -0.8710 0.2030 -0.4474
vn -0.7608 0.6315 -0.1495
vn -0.8053 0.3403 -0.4855
vn -0.6306 0.7524 -0.1906
vn -0.5943 0.6847 -0.4219
vn -0.6119 0.6638 -0.4301
vn -0.5990 0.6793 -0.4241
vn -0.5942 0.6848 -0.4219
vn -0.5989 0.6794 -0.4240
vn -0.5853 0.6950 -0.4177
vn -0.7514 0.5521 -0.3614
vn -0.7802 0.4663 -0.4170
vn -0.7653 0.4573 -0.4530
vn -0.7404 0.5683 -0.3588
vn -0.7194 0.5194 -0.4611
vn -0.7086 0.5953 -0.3788
vn -0.9943 0.0778 -0.0731
vn -0.8638 -0.2687 -0.4263
vn -0.9726 0.1694 -0.1593
vn -0.9942 0.0814 -0.0701
vn -0.9723 0.1771 -0.1524
vn -0.8513 0.4674 0.2385
vn -0.9549 0.2873 -0.0756
vn -0.9580 0.2051 -0.2005
vn -0.9430 0.2679 -0.1974
vn -0.9540 0.2910 -0.0715
vn -0.9402 0.2870 -0.1835
vn -0.9160 0.4010 0.0140
vn -0.9613 0.0801 -0.2637
vn -0.9303 -0.0158 -0.3665
vn -0.9439 0.2041 -0.2595
vn -0.9618 0.0844 -0.2605
vn -0.9455 0.2201 -0.2399
vn -0.9573 0.2228 -0.1843
vn -0.9380 0.2507 -0.2394
vn -0.8780 0.0782 -0.4723
vn -0.8117 0.3880 -0.4366
vn -0.9373 0.2654 -0.2258
vn -0.8064 0.4818 -0.3429
vn -0.8564 0.5118 -0.0688
vn 0.4635 0.2176 -0.8590
vn 0.5502 0.2583 -0.7941
vn 0.4975 0.2335 -0.8354
vn 0.4633 0.2175 -0.8591
vn 0.4974 0.2335 -0.8355
vn 0.4174 0.1959 -0.8873
vn 0.7636 0.2845 -0.5797
vn 0.9002 0.3925 -0.1885
vn 0.8827 0.3732 -0.2854
vn 0.7636 0.2843 -0.5798
vn 0.8828 0.3731 -0.2855
vn 0.6645 0.2233 -0.7131
vn 0.6086 0.4803 -0.6316
vn 0.6242 0.4877 -0.6103
vn 0.6130 0.4824 -0.6258
vn 0.6087 0.4802 -0.6316
vn 0.6130 0.4823 -0.6257
vn 0.6008 0.4764 -0.6419
vn 0.7407 0.4398 -0.5079
vn 0.7804 0.4634 -0.4199
vn 0.7654 0.4544 -0.4556
vn 0.7406 0.4397 -0.5081
vn 0.7655 0.4544 -0.4556
vn 0.7208 0.4279 -0.5453
vn 0.9876 0.1131 -0.1090
vn 0.8520 0.4664 0.2379
vn 0.9874 0.1229 -0.1001
vn 0.9876 0.1133 -0.1089
vn 0.9873 0.1230 -0.1000
vn 0.8644 -0.2678 -0.4256
vn 0.9540 0.0989 -0.2829
vn 0.9573 0.2230 -0.1841
vn 0.9589 0.1789 -0.2202
vn 0.9540 0.0985 -0.2830
vn 0.9589 0.1786 -0.2203
vn 0.9301 -0.0167 -0.3668
vn 0.9468 0.3084 -0.0920
vn 0.9158 0.4015 0.0147
vn 0.9558 0.2503 -0.1541
vn 0.9469 0.3080 -0.0922
vn 0.9559 0.2501 -0.1542
vn 0.9580 0.2048 -0.2005
vn 0.9080 0.3064 -0.2856
vn 0.8563 0.5118 -0.0688
vn 0.9070 0.3233 -0.2699
vn 0.9081 0.3060 -0.2858
vn 0.9071 0.3229 -0.2702
vn 0.8780 0.0781 -0.4723
vn 0.4306 0.8840 -0.1820
vn 0.3852 0.9084 -0.1627
vn 0.4616 0.8654 -0.1950
vn 0.4308 0.8839 -0.1820
vn 0.4616 0.8654 -0.1951
vn 0.5158 0.8285 -0.2180
vn 0.5942 0.6848 -0.4219
vn 0.5853 0.6949 -0.4177
vn 0.5989 0.6793 -0.4241
vn 0.5942 0.6848 -0.4218
vn 0.5989 0.6794 -0.4240
vn 0.6118 0.6639 -0.4300
vn 0.7428 0.6213 -0.2494
vn 0.6305 0.7524 -0.1906
vn 0.8891 0.3072 -0.3393
vn 0.7431 0.6209 -0.2495
vn 0.8892 0.3068 -0.3394
vn 0.9098 0.2117 -0.3569
vn 0.7321 0.5576 -0.3913
vn 0.7086 0.5954 -0.3787
vn 0.7631 0.5013 -0.4078
vn 0.7323 0.5573 -0.3914
vn 0.7632 0.5012 -0.4078
vn 0.7803 0.4661 -0.4170
vn -0.4635 -0.2176 -0.8590
vn -0.5501 -0.2583 -0.7941
vn -0.4975 -0.2335 -0.8355
vn -0.4634 -0.2175 -0.8590
vn -0.4974 -0.2335 -0.8355
vn -0.4175 -0.1959 -0.8873
vn -0.8129 -0.1843 -0.5524
vn -0.9002 -0.3925 -0.1885
vn -0.8572 -0.4827 -0.1795
vn -0.7856 -0.1743 -0.5937
vn -0.7912 -0.5178 -0.3255
vn -0.6645 -0.2234 -0.7131
vn -0.6087 -0.4802 -0.6316
vn -0.6242 -0.4877 -0.6103
vn -0.6130 -0.4823 -0.6257
vn -0.6086 -0.4803 -0.6316
vn -0.6130 -0.4824 -0.6257
vn -0.6007 -0.4765 -0.6420
vn -0.7625 -0.4090 -0.5013
vn -0.7804 -0.4633 -0.4200
vn -0.7636 -0.4981 -0.4109
vn -0.7505 -0.4062 -0.5214
vn -0.7204 -0.5047 -0.4757
vn -0.7208 -0.4279 -0.5453
vn -0.9942 -0.0814 -0.0701
vn -0.8513 -0.4674 0.2385
vn -0.9723 -0.1772 -0.1525
vn -0.9943 -0.0778 -0.0732
vn -0.9726 -0.1694 -0.1594
vn -0.8637 0.2687 -0.4264
vn -0.9618 -0.0844 -0.2605
vn -0.9573 -0.2228 -0.1843
vn -0.9455 -0.2201 -0.2399
vn -0.9613 -0.0801 -0.2638
vn -0.9439 -0.2042 -0.2595
vn -0.9303 0.0158 -0.3665
vn -0.9540 -0.2910 -0.0715
vn -0.9160 -0.4010 0.0140
vn -0.9402 -0.2870 -0.1834
vn -0.9549 -0.2873 -0.0756
vn -0.9430 -0.2679 -0.1974
vn -0.9580 -0.2051 -0.2005
vn -0.9373 -0.2654 -0.2257
vn -0.8564 -0.5117 -0.0689
vn -0.8064 -0.4818 -0.3429
vn -0.9380 -0.2507 -0.2394
vn -0.8117 -0.3880 -0.4367
vn -0.8779 -0.0782 -0.4723
vn -0.4354 -0.8861 -0.1588
vn -0.3852 -0.9084 -0.1627
vn -0.4420 -0.8683 -0.2251
vn -0.4421 -0.8824 -0.1610
vn -0.4553 -0.8602 -0.2300
vn -0.5159 -0.8285 -0.2180
vn -0.5967 -0.6878 -0.4133
vn -0.5853 -0.6950 -0.4176
vn -0.5883 -0.6819 -0.4347
vn -0.6000 -0.6844 -0.4143
vn -0.5951 -0.6739 -0.4378
vn -0.6119 -0.6638 -0.4301
vn -0.7608 -0.6315 -0.1495
vn -0.6306 -0.7524 -0.1906
vn -0.8054 -0.3403 -0.4854
vn -0.7840 -0.6007 -0.1569
vn -0.8710 -0.2030 -0.4474
vn -0.9098 -0.2120 -0.3569
vn -0.7404 -0.5683 -0.3589
vn -0.7086 -0.5953 -0.3788
vn -0.7194 -0.5194 -0.4612
vn -0.7514 -0.5521 -0.3614
vn -0.7653 -0.4573 -0.4530
vn -0.7802 -0.4662 -0.4170
vn 0.4634 -0.2175 -0.8591
vn 0.4175 -0.1959 -0.8873
vn 0.4974 -0.2335 -0.8355
vn 0.4635 -0.2176 -0.8590
vn 0.4975 -0.2335 -0.8355
vn 0.5501 -0.2583 -0.7941
vn 0.6086 -0.4802 -0.6316
vn 0.6007 -0.4764 -0.6420
vn 0.6130 -0.4823 -0.6258
vn 0.6087 -0.4802 -0.6316
vn 0.6130 -0.4823 -0.6257
vn 0.6242 -0.4877 -0.6103
vn 0.7636 -0.2843 -0.5798
vn 0.6645 -0.2233 -0.7131
vn 0.8828 -0.3731 -0.2855
vn 0.7636 -0.2844 -0.5797
vn 0.8827 -0.3732 -0.2854
vn 0.9002 -0.3925 -0.1885
vn 0.7407 -0.4397 -0.5080
vn 0.7208 -0.4279 -0.5453
vn 0.7655 -0.4544 -0.4556
vn 0.7406 -0.4398 -0.5080
vn 0.7654 -0.4545 -0.4556
vn 0.7803 -0.4634 -0.4199
vn 0.4308 -0.8839 -0.1820
vn 0.5159 -0.8285 -0.2180
vn 0.4616 -0.8654 -0.1951
vn 0.4306 -0.8840 -0.1820
vn 0.4615 -0.8654 -0.1950
vn 0.3851 -0.9084 -0.1627
vn 0.7431 -0.6209 -0.2496
vn 0.9098 -0.2117 -0.3569
vn 0.8892 -0.3068 -0.3394
vn 0.7428 -0.6213 -0.2494
vn 0.8891 -0.3072 -0.3393
vn 0.6305 -0.7524 -0.1906
vn 0.5942 -0.6848 -0.4218
vn 0.6118 -0.6639 -0.4300
vn 0.5989 -0.6794 -0.4240
vn 0.5942 -0.6848 -0.4219
vn 0.5989 -0.6793 -0.4241
vn 0.5853 -0.6949 -0.4177
vn 0.7323 -0.5573 -0.3914
vn 0.7803 -0.4661 -0.4171
vn 0.7632 -0.5011 -0.4079
vn 0.7320 -0.5577 -0.3913
vn 0.7631 -0.5014 -0.4079
vn 0.7085 -0.5954 -0.3788
vn 0.9876 -0.1132 -0.1090
vn 0.8643 0.2679 -0.4257
vn 0.9873 -0.1230 -0.1002
vn 0.9876 -0.1130 -0.1090
vn 0.9874 -0.1228 -0.1001
vn 0.8520 -0.4663 0.2379
vn 0.9469 -0.3080 -0.0922
vn 0.9580 -0.2048 -0.2006
vn 0.9559 -0.2501 -0.1542
vn 0.9468 -0.3084 -0.0919
vn 0.9558 -0.2503 -0.1541
vn 0.9158 -0.4015 0.0147
vn 0.9540 -0.0985 -0.2831
vn 0.9301 0.0167 -0.3669
vn 0.9589 -0.1786 -0.2204
vn 0.9541 -0.0989 -0.2829
vn 0.9589 -0.1789 -0.2202
vn 0.9573 -0.2230 -0.1841
vn 0.9081 -0.3060 -0.2859
vn 0.8779 -0.0781 -0.4723
vn 0.9071 -0.3228 -0.2702
vn 0.9080 -0.3064 -0.2856
vn 0.9070 -0.3233 -0.2699
vn 0.8564 -0.5118 -0.0688
vn 0.4308 0.8839 0.1820
vn 0.5160 0.8284 0.2180
vn 0.4617 0.8653 0.1951
vn 0.4307 0.8840 0.1820
vn 0.3852 0.9084 0.1627
vn 0.7431 0.6209 0.2496
vn 0.9098 0.2117 0.3569
vn 0.8892 0.3067 0.3395
vn 0.7429 0.6212 0.2494
vn 0.8891 0.3071 0.3394
vn 0.6307 0.7523 0.1907
vn 0.5943 0.6848 0.4217
vn 0.6117 0.6641 0.4298
vn 0.5989 0.6795 0.4239
vn 0.5943 0.6848 0.4218
vn 0.5989 0.6794 0.4239
vn 0.5855 0.6948 0.4176
vn 0.7322 0.5575 0.3912
vn 0.7803 0.4662 0.4169
vn 0.7632 0.5012 0.4077
vn 0.7321 0.5578 0.3911
vn 0.7631 0.5015 0.4077
vn 0.7085 0.5956 0.3785
vn 0.9876 0.1132 0.1090
vn 0.8638 -0.2686 0.4262
vn 0.9873 0.1229 0.1002
vn 0.9876 0.1130 0.1091
vn 0.9874 0.1227 0.1003
vn 0.8520 0.4664 -0.2379
vn 0.9469 0.3080 0.0922
vn 0.9580 0.2047 0.2007
vn 0.9559 0.2499 0.1544
vn 0.9469 0.3082 0.0920
vn 0.9559 0.2500 0.1543
vn 0.9158 0.4013 -0.0147
vn 0.9540 0.0985 0.2830
vn 0.9301 -0.0167 0.3669
vn 0.9589 0.1786 0.2203
vn 0.9541 0.0987 0.2829
vn 0.9589 0.1788 0.2202
vn 0.9573 0.2228 0.1841
vn 0.9081 0.3061 0.2859
vn 0.8780 0.0782 0.4723
vn 0.9071 0.3229 0.2701
vn 0.9081 0.3064 0.2856
vn 0.9070 0.3232 0.2698
vn 0.8564 0.5117 0.0688
vn 0.4634 0.2176 0.8590
vn 0.4180 0.1963 0.8870
vn 0.4971 0.2334 0.8357
vn 0.4635 0.2176 0.8589
vn 0.4972 0.2334 0.8356
vn 0.5494 0.2579 0.7948
vn 0.6089 0.4801 0.6314
vn 0.6010 0.4763 0.6418
vn 0.6133 0.4822 0.6256
vn 0.6089 0.4801 0.6315
vn 0.6244 0.4876 0.6102
vn 0.7633 0.2840 0.5803
vn 0.6642 0.2230 0.7135
vn 0.8827 0.3730 0.2858
vn 0.7634 0.2841 0.5801
vn 0.8827 0.3731 0.2856
vn 0.9002 0.3924 0.1886
vn 0.7406 0.4397 0.5080
vn 0.7208 0.4279 0.5453
vn 0.7654 0.4544 0.4556
vn 0.7407 0.4398 0.5079
vn 0.7655 0.4545 0.4555
vn 0.7804 0.4633 0.4198
vn -0.4354 0.8861 0.1587
vn -0.3851 0.9084 0.1627
vn -0.4421 0.8682 0.2252
vn -0.4422 0.8824 0.1610
vn -0.4554 0.8600 0.2301
vn -0.5161 0.8283 0.2181
vn -0.5967 0.6878 0.4134
vn -0.5854 0.6949 0.4176
vn -0.5884 0.6820 0.4344
vn -0.5999 0.6844 0.4143
vn -0.5951 0.6741 0.4375
vn -0.6117 0.6641 0.4299
vn -0.7609 0.6314 0.1496
vn -0.6307 0.7522 0.1907
vn -0.8054 0.3402 0.4854
vn -0.7841 0.6005 0.1570
vn -0.8711 0.2029 0.4473
vn -0.9098 0.2119 0.3569
vn -0.7405 0.5684 0.3586
vn -0.7086 0.5955 0.3786
vn -0.7195 0.5195 0.4610
vn -0.7514 0.5522 0.3612
vn -0.7653 0.4573 0.4529
vn -0.7803 0.4663 0.4169
vn -0.4777 0.1938 0.8569
vn -0.5494 0.2579 0.7948
vn -0.4891 0.2731 0.8284
vn -0.4694 0.1907 0.8621
vn -0.4731 0.2668 0.8396
vn -0.4180 0.1962 0.8870
vn -0.8127 0.1840 0.5528
vn -0.9003 0.3924 0.1886
vn -0.8572 0.4826 0.1796
vn -0.7853 0.1740 0.5942
vn -0.7912 0.5176 0.3258
vn -0.6642 0.2230 0.7135
vn -0.6153 0.4724 0.6311
vn -0.6244 0.4876 0.6102
vn -0.6089 0.4959 0.6191
vn -0.6118 0.4714 0.6352
vn -0.6018 0.4928 0.6285
vn -0.6010 0.4763 0.6418
vn -0.7626 0.4090 0.5012
vn -0.7804 0.4633 0.4198
vn -0.7637 0.4981 0.4108
vn -0.7504 0.4062 0.5214
vn -0.7204 0.5047 0.4757
vn -0.7208 0.4279 0.5453
vn -0.9943 0.0809 0.0700
vn -0.8509 0.4677 -0.2393
vn -0.9723 0.1769 0.1525
vn -0.9943 0.0776 0.0730
vn -0.9726 0.1694 0.1594
vn -0.8628 -0.2701 0.4274
vn -0.9618 0.0845 0.2605
vn -0.9572 0.2229 0.1843
vn -0.9455 0.2202 0.2399
vn -0.9613 0.0800 0.2638
vn -0.9439 0.2041 0.2595
vn -0.9303 -0.0159 0.3665
vn -0.9541 0.2909 0.0716
vn -0.9160 0.4010 -0.0140
vn -0.9402 0.2868 0.1837
vn -0.9549 0.2872 0.0757
vn -0.9430 0.2678 0.1976
vn -0.9580 0.2050 0.2007
vn -0.9374 0.2653 0.2257
vn -0.8564 0.5116 0.0688
vn -0.8065 0.4817 0.3429
vn -0.9379 0.2508 0.2394
vn -0.8116 0.3881 0.4366
vn -0.8780 0.0784 0.4723
vn 0.4307 -0.8840 0.1820
vn 0.3851 -0.9084 0.1627
vn 0.4617 -0.8653 0.1951
vn 0.4308 -0.8839 0.1820
vn 0.5160 -0.8284 0.2180
vn 0.5943 -0.6848 0.4218
vn 0.5855 -0.6948 0.4176
vn 0.5989 -0.6794 0.4239
vn 0.5942 -0.6848 0.4217
vn 0.5988 -0.6795 0.4239
vn 0.6117 -0.6642 0.4298
vn 0.7429 -0.6212 0.2494
vn 0.6307 -0.7523 0.1907
vn 0.8891 -0.3071 0.3393
vn 0.7432 -0.6209 0.2495
vn 0.8892 -0.3067 0.3395
vn 0.9098 -0.2117 0.3569
vn 0.7321 -0.5578 0.3911
vn 0.7085 -0.5956 0.3785
vn 0.7631 -0.5014 0.4077
vn 0.7322 -0.5575 0.3912
vn 0.7632 -0.5012 0.4078
vn 0.7803 -0.4661 0.4169
vn 0.4635 -0.2177 0.8589
vn 0.5494 -0.2579 0.7948
vn 0.4972 -0.2335 0.8356
vn 0.4634 -0.2176 0.8590
vn 0.4971 -0.2334 0.8357
vn 0.4180 -0.1963 0.8870
vn 0.7634 -0.2841 0.5801
vn 0.9002 -0.3924 0.1886
vn 0.8827 -0.3731 0.2856
vn 0.7633 -0.2840 0.5803
vn 0.8827 -0.3730 0.2858
vn 0.6642 -0.2230 0.7135
vn 0.6089 -0.4801 0.6315
vn 0.6244 -0.4876 0.6102
vn 0.6133 -0.4822 0.6256
vn 0.6132 -0.4822 0.6256
vn 0.6010 -0.4763 0.6418
vn 0.7407 -0.4398 0.5079
vn 0.7804 -0.4634 0.4198
vn 0.7655 -0.4545 0.4555
vn 0.7406 -0.4397 0.5080
vn 0.7654 -0.4544 0.4556
vn 0.7208 -0.4279 0.5453
vn 0.9876 -0.1130 0.1091
vn 0.8520 -0.4664 -0.2379
vn 0.9874 -0.1227 0.1002
vn 0.9876 -0.1132 0.1090
vn 0.9873 -0.1229 0.1003
vn 0.8638 0.2686 0.4262
vn 0.9541 -0.0987 0.2829
vn 0.9573 -0.2228 0.1841
vn 0.9589 -0.1788 0.2202
vn 0.9540 -0.0985 0.2831
vn 0.9589 -0.1786 0.2204
vn 0.9301 0.0167 0.3669
vn 0.9469 -0.3082 0.0920
vn 0.9158 -0.4013 -0.0147
vn 0.9559 -0.2500 0.1542
vn 0.9469 -0.3080 0.0923
vn 0.9559 -0.2499 0.1544
vn 0.9580 -0.2047 0.2007
vn 0.9081 -0.3064 0.2856
vn 0.8564 -0.5117 0.0689
vn 0.9070 -0.3232 0.2699
vn 0.9081 -0.3060 0.2859
vn 0.9071 -0.3229 0.2701
vn 0.8780 -0.0782 0.4723
vn -0.4422 -0.8823 0.1610
vn -0.5161 -0.8283 0.2181
vn -0.4554 -0.8600 0.2301
vn -0.4354 -0.8861 0.1587
vn -0.4421 -0.8682 0.2252
vn -0.3851 -0.9084 0.1627
vn -0.7841 -0.6005 0.1570
vn -0.9098 -0.2119 0.3569
vn -0.8711 -0.2029 0.4473
vn -0.7609 -0.6314 0.1496
vn -0.8054 -0.3402 0.4854
vn -0.6307 -0.7522 0.1907
vn -0.5999 -0.6844 0.4143
vn -0.6117 -0.6641 0.4299
vn -0.5951 -0.6741 0.4375
vn -0.5967 -0.6878 0.4133
vn -0.5884 -0.6820 0.4344
vn -0.5854 -0.6949 0.4176
vn -0.7514 -0.5522 0.3613
vn -0.7803 -0.4662 0.4169
vn -0.7653 -0.4573 0.4529
vn -0.7405 -0.5684 0.3586
vn -0.7195 -0.5194 0.4611
vn -0.7086 -0.5955 0.3786
vn -0.9943 -0.0776 0.0730
vn -0.8628 0.2701 0.4274
vn -0.9726 -0.1694 0.1594
vn -0.9943 -0.0809 0.0700
vn -0.9723 -0.1769 0.1525
vn -0.8509 -0.4677 -0.2393
vn -0.9549 -0.2872 0.0757
vn -0.9580 -0.2050 0.2007
vn -0.9430 -0.2678 0.1976
vn -0.9541 -0.2909 0.0716
vn -0.9402 -0.2868 0.1836
vn -0.9160 -0.4009 -0.0140
vn -0.9613 -0.0801 0.2638
vn -0.9303 0.0159 0.3665
vn -0.9439 -0.2041 0.2595
vn -0.9618 -0.0845 0.2605
vn -0.9455 -0.2202 0.2399
vn -0.9573 -0.2229 0.1843
vn -0.9380 -0.2508 0.2394
vn -0.8780 -0.0784 0.4723
vn -0.8116 -0.3881 0.4366
vn -0.9374 -0.2653 0.2257
vn -0.8065 -0.4817 0.3429
vn -0.8565 -0.5116 0.0689
vn -0.4695 -0.1907 0.8621
vn -0.4180 -0.1962 0.8870
vn -0.4731 -0.2668 0.8396
vn -0.4777 -0.1938 0.8569
vn -0.4891 -0.2730 0.8284
vn -0.5494 -0.2579 0.7948
vn -0.6118 -0.4715 0.6352
vn -0.6010 -0.4763 0.6418
vn -0.6018 -0.4927 0.6285
vn -0.6153 -0.4724 0.6310
vn -0.6089 -0.4959 0.6191
vn -0.6244 -0.4876 0.6102
vn -0.7853 -0.1740 0.5942
vn -0.6642 -0.2230 0.7135
vn -0.7911 -0.5177 0.3258
vn -0.8127 -0.1840 0.5528
vn -0.8572 -0.4827 0.1796
vn -0.9003 -0.3924 0.1886
vn -0.7504 -0.4062 0.5214
vn -0.7208 -0.4279 0.5453
vn -0.7204 -0.5047 0.4757
vn -0.7626 -0.4090 0.5012
vn -0.7637 -0.4981 0.4108
vn -0.7804 -0.4633 0.4198
vn -0.9692 -0.1824 -0.1657
vn -0.9685 -0.1963 -0.1530
vn -0.9691 -0.1841 -0.1641
vn -0.9692 -0.1825 -0.1657
vn -0.9694 -0.1702 -0.1767
vn -0.8685 -0.1710 -0.4652
vn -0.8697 -0.1747 -0.4616
vn -0.8684 -0.1707 -0.4655
vn -0.8685 -0.1711 -0.4652
vn -0.8684 -0.1707 -0.4656
vn -0.8671 -0.1667 -0.4695
vn -0.8497 -0.5052 -0.1509
vn -0.8477 -0.5099 -0.1465
vn -0.8492 -0.5063 -0.1498
vn -0.8498 -0.5051 -0.1509
vn -0.8492 -0.5063 -0.1497
vn -0.8512 -0.5018 -0.1538
vn -0.7744 -0.4711 -0.4224
vn -0.7755 -0.4523 -0.4406
vn -0.7745 -0.4692 -0.4243
vn -0.7743 -0.4711 -0.4224
vn -0.7729 -0.4878 -0.4058
vn -0.2524 -0.2251 -0.9411
vn -0.2717 -0.2075 -0.9397
vn -0.2551 -0.2228 -0.9409
vn -0.2550 -0.2228 -0.9409
vn -0.2357 -0.2402 -0.9417
vn -0.2191 -0.5852 -0.7807
vn -0.2245 -0.5808 -0.7825
vn -0.2194 -0.5850 -0.7808
vn -0.2135 -0.5899 -0.7788
vn -0.6358 -0.1861 -0.7491
vn -0.6406 -0.1807 -0.7463
vn -0.6366 -0.1852 -0.7486
vn -0.6358 -0.1860 -0.7491
vn -0.6322 -0.1901 -0.7512
vn -0.5680 -0.4992 -0.6543
vn -0.5462 -0.5210 -0.6559
vn -0.5659 -0.5015 -0.6545
vn -0.5680 -0.4993 -0.6542
vn -0.5659 -0.5015 -0.6544
vn -0.5874 -0.4791 -0.6522
vn -0.2297 -0.9553 -0.1859
vn -0.2340 -0.9550 -0.1823
vn -0.2297 -0.9554 -0.1859
vn -0.2478 -0.9536 -0.1708
vn -0.5991 -0.7849 -0.1580
vn -0.5957 -0.7869 -0.1612
vn -0.6005 -0.7841 -0.1566
vn -0.5990 -0.7850 -0.1581
vn -0.6041 -0.7820 -0.1532
vn -0.2108 -0.8356 -0.5074
vn -0.2056 -0.8342 -0.5117
vn -0.2114 -0.8357 -0.5069
vn -0.2108 -0.8355 -0.5075
vn -0.2114 -0.8357 -0.5070
vn -0.2160 -0.8368 -0.5030
vn -0.5545 -0.7082 -0.4370
vn -0.5716 -0.7052 -0.4196
vn -0.5504 -0.7089 -0.4411
vn -0.5544 -0.7083 -0.4370
vn -0.5503 -0.7089 -0.4411
vn -0.5331 -0.7114 -0.4578
vn -0.2296 -0.9554 0.1859
vn -0.2478 -0.9536 0.1708
vn -0.2340 -0.9550 0.1823
vn -0.2297 -0.9553 0.1860
vn -0.2340 -0.9550 0.1824
vn -0.2157 -0.9563 0.1974
vn -0.2108 -0.8355 0.5075
vn -0.2160 -0.8368 0.5030
vn -0.2114 -0.8356 0.5070
vn -0.2108 -0.8356 0.5074
vn -0.2114 -0.8357 0.5069
vn -0.2056 -0.8342 0.5117
vn -0.5990 -0.7850 0.1581
vn -0.6041 -0.7820 0.1532
vn -0.6005 -0.7841 0.1567
vn -0.6005 -0.7841 0.1566
vn -0.5957 -0.7869 0.1613
vn -0.5544 -0.7083 0.4369
vn -0.5329 -0.7115 0.4579
vn -0.5503 -0.7090 0.4410
vn -0.5544 -0.7084 0.4369
vn -0.5502 -0.7090 0.4410
vn -0.5716 -0.7053 0.4194
vn -0.2526 -0.2251 0.9410
vn -0.2362 -0.2398 0.9417
vn -0.2551 -0.2228 0.9409
vn -0.2524 -0.2251 0.9411
vn -0.2549 -0.2228 0.9409
vn -0.2712 -0.2079 0.9398
vn -0.6360 -0.1859 0.7489
vn -0.6322 -0.1900 0.7511
vn -0.6368 -0.1850 0.7485
vn -0.6359 -0.1859 0.7490
vn -0.6367 -0.1850 0.7486
vn -0.6409 -0.1804 0.7462
vn -0.2190 -0.5854 0.7806
vn -0.2132 -0.5902 0.7786
vn -0.2193 -0.5851 0.7807
vn -0.2189 -0.5854 0.7806
vn -0.2192 -0.5852 0.7807
vn -0.2244 -0.5808 0.7825
vn -0.5681 -0.4992 0.6542
vn -0.5659 -0.5015 0.6544
vn -0.5680 -0.4993 0.6543
vn -0.5658 -0.5015 0.6545
vn -0.5457 -0.5215 0.6559
vn -0.9692 -0.1824 0.1657
vn -0.9694 -0.1701 0.1768
vn -0.9691 -0.1840 0.1642
vn -0.9691 -0.1841 0.1642
vn -0.8497 -0.5052 0.1509
vn -0.8492 -0.5064 0.1498
vn -0.8498 -0.5051 0.1510
vn -0.8492 -0.5063 0.1499
vn -0.8477 -0.5099 0.1466
vn -0.8685 -0.1710 0.4652
vn -0.8684 -0.1708 0.4655
vn -0.8685 -0.1710 0.4653
vn -0.8684 -0.1707 0.4655
vn -0.8697 -0.1747 0.4616
vn -0.7744 -0.4711 0.4224
vn -0.7745 -0.4691 0.4243
vn -0.7745 -0.4710 0.4223
vn -0.7746 -0.4690 0.4242
vn -0.2524 0.2251 -0.9411
vn -0.2357 0.2402 -0.9417
vn -0.2551 0.2227 -0.9409
vn -0.2551 0.2228 -0.9409
vn -0.2717 0.2075 -0.9397
vn -0.6358 0.1860 -0.7491
vn -0.6322 0.1901 -0.7512
vn -0.6366 0.1852 -0.7486
vn -0.6359 0.1861 -0.7490
vn -0.6406 0.1808 -0.7463
vn -0.2149 0.5838 -0.7830
vn -0.2135 0.5899 -0.7788
vn -0.2212 0.5892 -0.7771
vn -0.2174 0.5817 -0.7838
vn -0.2246 0.5862 -0.7784
vn -0.2245 0.5808 -0.7825
vn -0.5680 0.4993 -0.6542
vn -0.5874 0.4791 -0.6522
vn -0.5659 0.5015 -0.6544
vn -0.5680 0.4993 -0.6543
vn -0.5659 0.5015 -0.6545
vn -0.5462 0.5210 -0.6559
vn -0.9692 0.1824 -0.1656
vn -0.9694 0.1702 -0.1767
vn -0.9691 0.1840 -0.1641
vn -0.9686 0.1962 -0.1529
vn -0.8498 0.5051 -0.1509
vn -0.8512 0.5018 -0.1538
vn -0.8492 0.5063 -0.1498
vn -0.8497 0.5052 -0.1508
vn -0.8477 0.5099 -0.1465
vn -0.8685 0.1711 -0.4652
vn -0.8671 0.1667 -0.4695
vn -0.8684 0.1708 -0.4655
vn -0.8685 0.1710 -0.4652
vn -0.8684 0.1707 -0.4655
vn -0.8697 0.1747 -0.4616
vn -0.7743 0.4711 -0.4225
vn -0.7729 0.4878 -0.4058
vn -0.7745 0.4692 -0.4243
vn -0.7744 0.4711 -0.4225
vn -0.7755 0.4523 -0.4406
vn -0.2248 0.9592 -0.1718
vn -0.2478 0.9536 -0.1708
vn -0.2465 0.9506 -0.1885
vn -0.2165 0.9596 -0.1796
vn -0.2388 0.9511 -0.1958
vn -0.2092 0.8381 -0.5037
vn -0.2160 0.8369 -0.5030
vn -0.2164 0.8336 -0.5082
vn -0.2067 0.8375 -0.5058
vn -0.2056 0.8342 -0.5118
vn -0.5990 0.7850 -0.1581
vn -0.6042 0.7820 -0.1532
vn -0.6005 0.7841 -0.1566
vn -0.5990 0.7850 -0.1580
vn -0.5957 0.7869 -0.1612
vn -0.5544 0.7083 -0.4370
vn -0.5332 0.7114 -0.4578
vn -0.5504 0.7089 -0.4411
vn -0.5545 0.7082 -0.4370
vn -0.5716 0.7051 -0.4196
vn -0.2523 0.2251 0.9411
vn -0.2711 0.2079 0.9398
vn -0.2549 0.2228 0.9410
vn -0.2525 0.2251 0.9411
vn -0.2550 0.2228 0.9409
vn -0.2361 0.2398 0.9417
vn -0.2189 0.5854 0.7806
vn -0.2244 0.5808 0.7825
vn -0.2192 0.5851 0.7808
vn -0.2190 0.5854 0.7806
vn -0.2193 0.5851 0.7807
vn -0.2132 0.5902 0.7786
vn -0.6360 0.1859 0.7490
vn -0.6409 0.1804 0.7461
vn -0.6368 0.1850 0.7485
vn -0.6360 0.1859 0.7489
vn -0.6323 0.1900 0.7511
vn -0.5680 0.4993 0.6543
vn -0.5457 0.5215 0.6559
vn -0.5658 0.5015 0.6545
vn -0.5681 0.4992 0.6542
vn -0.5659 0.5015 0.6544
vn -0.2165 0.9596 0.1797
vn -0.2157 0.9563 0.1974
vn -0.2388 0.9511 0.1958
vn -0.2465 0.9506 0.1886
vn -0.2478 0.9536 0.1708
vn -0.5991 0.7850 0.1581
vn -0.5957 0.7868 0.1612
vn -0.6006 0.7841 0.1566
vn -0.5990 0.7850 0.1581
vn -0.6005 0.7841 0.1567
vn -0.6041 0.7820 0.1532
vn -0.2108 0.8355 0.5074
vn -0.2056 0.8342 0.5118
vn -0.2114 0.8357 0.5069
vn -0.2108 0.8355 0.5075
vn -0.2160 0.8369 0.5030
vn -0.5544 0.7084 0.4369
vn -0.5716 0.7053 0.4194
vn -0.5502 0.7091 0.4410
vn -0.5545 0.7083 0.4369
vn -0.5503 0.7090 0.4410
vn -0.5330 0.7115 0.4579
vn -0.9692 0.1824 0.1657
vn -0.9691 0.1841 0.1642
vn -0.9691 0.1840 0.1642
vn -0.9694 0.1701 0.1768
vn -0.8685 0.1710 0.4652
vn -0.8697 0.1747 0.4616
vn -0.8684 0.1707 0.4655
vn -0.8498 0.5051 0.1509
vn -0.8477 0.5099 0.1465
vn -0.8493 0.5063 0.1498
vn -0.8497 0.5052 0.1509
vn -0.8492 0.5064 0.1498
vn -0.7744 0.4710 0.4224
vn -0.7756 0.4520 0.4406
vn -0.7746 0.4691 0.4243
vn -0.7730 0.4879 0.4056
vn 0.2525 -0.2251 -0.9411
vn 0.2361 -0.2398 -0.9417
vn 0.2550 -0.2228 -0.9409
vn 0.2713 -0.2079 -0.9398
vn 0.6360 -0.1859 -0.7490
vn 0.6322 -0.1901 -0.7512
vn 0.6368 -0.1850 -0.7485
vn 0.6410 -0.1804 -0.7461
vn 0.2189 -0.5854 -0.7806
vn 0.2130 -0.5902 -0.7786
vn 0.2192 -0.5851 -0.7807
vn 0.2245 -0.5808 -0.7825
vn 0.5681 -0.4993 -0.6542
vn 0.5878 -0.4787 -0.6522
vn 0.5658 -0.5016 -0.6544
vn 0.5680 -0.4993 -0.6543
vn 0.5658 -0.5015 -0.6545
vn 0.5457 -0.5215 -0.6559
vn 0.9692 -0.1824 -0.1657
vn 0.9694 -0.1701 -0.1768
vn 0.9691 -0.1840 -0.1642
vn 0.9686 -0.1962 -0.1530
vn 0.8498 -0.5051 -0.1509
vn 0.8512 -0.5018 -0.1538
vn 0.8493 -0.5063 -0.1498
vn 0.8492 -0.5063 -0.1498
vn 0.8477 -0.5099 -0.1466
vn 0.8685 -0.1710 -0.4652
vn 0.8671 -0.1666 -0.4695
vn 0.8684 -0.1707 -0.4655
vn 0.8697 -0.1748 -0.4616
vn 0.7730 -0.4877 -0.4058
vn 0.7746 -0.4690 -0.4243
vn 0.7745 -0.4709 -0.4224
vn 0.7746 -0.4689 -0.4243
vn 0.2297 -0.9553 -0.1859
vn 0.2478 -0.9536 -0.1708
vn 0.2340 -0.9550 -0.1823
vn 0.2297 -0.9553 -0.1860
vn 0.2340 -0.9550 -0.1824
vn 0.2157 -0.9563 -0.1974
vn 0.2108 -0.8355 -0.5075
vn 0.2160 -0.8368 -0.5030
vn 0.2114 -0.8356 -0.5069
vn 0.2108 -0.8356 -0.5074
vn 0.2114 -0.8357 -0.5069
vn 0.2056 -0.8342 -0.5117
vn 0.5990 -0.7850 -0.1581
vn 0.6041 -0.7821 -0.1532
vn 0.6005 -0.7841 -0.1567
vn 0.5990 -0.7850 -0.1580
vn 0.6005 -0.7842 -0.1567
vn 0.5957 -0.7869 -0.1612
vn 0.5542 -0.7084 -0.4370
vn 0.5328 -0.7116 -0.4579
vn 0.5501 -0.7091 -0.4411
vn 0.5542 -0.7084 -0.4371
vn 0.5714 -0.7053 -0.4196
vn 0.2523 -0.2251 0.9411
vn 0.2712 -0.2078 0.9398
vn 0.2549 -0.2227 0.9410
vn 0.2525 -0.2250 0.9411
vn 0.2551 -0.2227 0.9409
vn 0.2361 -0.2398 0.9417
vn 0.2189 -0.5854 0.7806
vn 0.2244 -0.5808 0.7825
vn 0.2192 -0.5851 0.7807
vn 0.2190 -0.5854 0.7806
vn 0.2193 -0.5851 0.7807
vn 0.2132 -0.5902 0.7786
vn 0.6359 -0.1859 0.7490
vn 0.6409 -0.1804 0.7462
vn 0.6367 -0.1850 0.7486
vn 0.6360 -0.1859 0.7489
vn 0.6368 -0.1850 0.7485
vn 0.6322 -0.1900 0.7511
vn 0.5680 -0.4993 0.6543
vn 0.5457 -0.5215 0.6559
vn 0.5658 -0.5015 0.6545
vn 0.5681 -0.4992 0.6542
vn 0.5659 -0.5015 0.6544
vn 0.5878 -0.4787 0.6522
vn 0.2296 -0.9554 0.1859
vn 0.2156 -0.9563 0.1974
vn 0.2339 -0.9550 0.1823
vn 0.2478 -0.9536 0.1708
vn 0.5990 -0.7850 0.1580
vn 0.5957 -0.7869 0.1612
vn 0.6005 -0.7842 0.1566
vn 0.5991 -0.7849 0.1580
vn 0.6005 -0.7841 0.1566
vn 0.6041 -0.7820 0.1532
vn 0.2108 -0.8356 0.5074
vn 0.2056 -0.8342 0.5117
vn 0.2114 -0.8357 0.5069
vn 0.2108 -0.8355 0.5075
vn 0.2114 -0.8356 0.5070
vn 0.2160 -0.8368 0.5030
vn 0.5542 -0.7084 0.4371
vn 0.5713 -0.7053 0.4196
vn 0.5501 -0.7091 0.4411
vn 0.5543 -0.7084 0.4370
vn 0.5502 -0.7090 0.4411
vn 0.5329 -0.7115 0.4579
vn 0.9692 -0.1824 0.1657
vn 0.9685 -0.1962 0.1530
vn 0.9691 -0.1841 0.1642
vn 0.9691 -0.1840 0.1642
vn 0.9694 -0.1701 0.1768
vn 0.8685 -0.1710 0.4653
vn 0.8697 -0.1747 0.4616
vn 0.8684 -0.1707 0.4655
vn 0.8685 -0.1711 0.4652
vn 0.8684 -0.1708 0.4655
vn 0.8671 -0.1666 0.4695
vn 0.8498 -0.5051 0.1509
vn 0.8477 -0.5098 0.1466
vn 0.8493 -0.5062 0.1499
vn 0.8497 -0.5051 0.1509
vn 0.8492 -0.5063 0.1498
vn 0.8512 -0.5019 0.1538
vn 0.7745 -0.4709 0.4224
vn 0.7746 -0.4689 0.4243
vn 0.7744 -0.4709 0.4225
vn 0.7746 -0.4690 0.4244
vn 0.7730 -0.4877 0.4058
vn 0.2165 0.9596 -0.1797
vn 0.2157 0.9563 -0.1974
vn 0.2388 0.9511 -0.1958
vn 0.2248 0.9591 -0.1718
vn 0.2465 0.9506 -0.1886
vn 0.2478 0.9536 -0.1708
vn 0.5990 0.7850 -0.1581
vn 0.5957 0.7869 -0.1612
vn 0.6005 0.7842 -0.1567
vn 0.5991 0.7849 -0.1580
vn 0.6005 0.7841 -0.1566
vn 0.6041 0.7821 -0.1532
vn 0.2067 0.8375 -0.5058
vn 0.2056 0.8342 -0.5118
vn 0.2131 0.8326 -0.5113
vn 0.2092 0.8381 -0.5038
vn 0.2164 0.8336 -0.5082
vn 0.2160 0.8369 -0.5030
vn 0.5542 0.7084 -0.4370
vn 0.5714 0.7053 -0.4196
vn 0.5501 0.7091 -0.4411
vn 0.9692 0.1824 -0.1657
vn 0.9685 0.1962 -0.1530
vn 0.9691 0.1840 -0.1642
vn 0.9694 0.1701 -0.1768
vn 0.8685 0.1710 -0.4652
vn 0.8697 0.1748 -0.4616
vn 0.8684 0.1707 -0.4655
vn 0.8684 0.1708 -0.4655
vn 0.8671 0.1666 -0.4695
vn 0.8498 0.5051 -0.1509
vn 0.8477 0.5099 -0.1466
vn 0.8493 0.5063 -0.1498
vn 0.8512 0.5018 -0.1538
vn 0.7745 0.4709 -0.4225
vn 0.7746 0.4689 -0.4244
vn 0.7744 0.4710 -0.4224
vn 0.7746 0.4690 -0.4243
vn 0.7730 0.4877 -0.4058
vn 0.2525 0.2251 -0.9411
vn 0.2712 0.2079 -0.9398
vn 0.2550 0.2228 -0.9409
vn 0.2361 0.2398 -0.9417
vn 0.2171 0.5817 -0.7839
vn 0.2245 0.5808 -0.7825
vn 0.2246 0.5864 -0.7783
vn 0.2145 0.5839 -0.7830
vn 0.2211 0.5895 -0.7769
vn 0.2130 0.5902 -0.7786
vn 0.6360 0.1859 -0.7490
vn 0.6410 0.1804 -0.7461
vn 0.6368 0.1850 -0.7485
vn 0.6322 0.1901 -0.7512
vn 0.5680 0.4993 -0.6543
vn 0.5458 0.5215 -0.6559
vn 0.5659 0.5015 -0.6545
vn 0.5680 0.4993 -0.6542
vn 0.5658 0.5015 -0.6544
vn 0.5878 0.4787 -0.6522
vn 0.2247 0.9592 0.1717
vn 0.2478 0.9536 0.1707
vn 0.2465 0.9506 0.1885
vn 0.2163 0.9596 0.1796
vn 0.2388 0.9511 0.1958
vn 0.2156 0.9563 0.1974
vn 0.2108 0.8355 0.5075
vn 0.2160 0.8369 0.5030
vn 0.2114 0.8356 0.5070
vn 0.2107 0.8355 0.5074
vn 0.2113 0.8357 0.5069
vn 0.2056 0.8342 0.5118
vn 0.5991 0.7849 0.1580
vn 0.6041 0.7820 0.1532
vn 0.6005 0.7841 0.1566
vn 0.6006 0.7841 0.1566
vn 0.5957 0.7869 0.1612
vn 0.5543 0.7083 0.4370
vn 0.5502 0.7090 0.4411
vn 0.5542 0.7084 0.4370
vn 0.5501 0.7091 0.4411
vn 0.5713 0.7054 0.4196
vn 0.2524 0.2250 0.9411
vn 0.2360 0.2398 0.9417
vn 0.2550 0.2227 0.9409
vn 0.2523 0.2251 0.9411
vn 0.2549 0.2227 0.9410
vn 0.2712 0.2078 0.9398
vn 0.6360 0.1859 0.7489
vn 0.6323 0.1900 0.7511
vn 0.6368 0.1850 0.7485
vn 0.6360 0.1859 0.7490
vn 0.6409 0.1804 0.7461
vn 0.2190 0.5854 0.7806
vn 0.2132 0.5902 0.7786
vn 0.2193 0.5851 0.7807
vn 0.2189 0.5854 0.7806
vn 0.2192 0.5852 0.7807
vn 0.2244 0.5808 0.7825
vn 0.5681 0.4992 0.6542
vn 0.5878 0.4787 0.6522
vn 0.5659 0.5015 0.6544
vn 0.5680 0.4993 0.6543
vn 0.5658 0.5015 0.6545
vn 0.5457 0.5215 0.6559
vn 0.9692 0.1824 0.1657
vn 0.9694 0.1701 0.1768
vn 0.9691 0.1840 0.1642
vn 0.9692 0.1824 0.1656
vn 0.9691 0.1841 0.1642
vn 0.9685 0.1962 0.1530
vn 0.8498 0.5051 0.1509
vn 0.8512 0.5019 0.1539
vn 0.8492 0.5063 0.1498
vn 0.8493 0.5063 0.1498
vn 0.8477 0.5098 0.1465
vn 0.8685 0.1710 0.4652
vn 0.8671 0.1666 0.4695
vn 0.8684 0.1707 0.4655
vn 0.8697 0.1747 0.4616
vn 0.7744 0.4709 0.4225
vn 0.7730 0.4877 0.4058
vn 0.7746 0.4690 0.4244
vn 0.7756 0.4520 0.4406
vn -0.2207 -0.4210 -0.8798
vn -0.2256 -0.3741 -0.8995
vn -0.3048 -0.4225 -0.8536
vn -0.2252 -0.4313 -0.8737
vn -0.3135 -0.4415 -0.8407
vn -0.2994 -0.4967 -0.8147
vn -0.5400 -0.5448 -0.6416
vn -0.5442 -0.5345 -0.6466
vn -0.5616 -0.5341 -0.6320
vn -0.5413 -0.5489 -0.6369
vn -0.5653 -0.5416 -0.6221
vn -0.5581 -0.5565 -0.6155
vn -0.2130 -0.7373 -0.6411
vn -0.2637 -0.6120 -0.7456
vn -0.5986 -0.7206 -0.3498
vn -0.2290 -0.7745 -0.5896
vn -0.5689 -0.8001 -0.1900
vn -0.4783 -0.8544 -0.2029
vn -0.4810 -0.6877 -0.5437
vn -0.5014 -0.6571 -0.5629
vn -0.5807 -0.6502 -0.4898
vn -0.4854 -0.7024 -0.5206
vn -0.5777 -0.6971 -0.4246
vn -0.5459 -0.7155 -0.4359
vn -0.9213 -0.3595 -0.1485
vn -0.8809 -0.4268 -0.2044
vn -0.9032 -0.3728 -0.2129
vn -0.9242 -0.3530 -0.1460
vn -0.9095 -0.3601 -0.2077
vn -0.9391 -0.3099 -0.1484
vn -0.6934 -0.7028 -0.1589
vn -0.2637 -0.8814 -0.3919
vn -0.2506 -0.8375 -0.4855
vn -0.7205 -0.6769 -0.1502
vn -0.3927 -0.7565 -0.5229
vn -0.8234 -0.5369 -0.1839
vn -0.7555 -0.5160 -0.4038
vn -0.7365 -0.5291 -0.4214
vn -0.7449 -0.5124 -0.4273
vn -0.7584 -0.5126 -0.4025
vn -0.7516 -0.5055 -0.4237
vn -0.7642 -0.5015 -0.4056
vn -0.6388 -0.6756 -0.3681
vn -0.5488 -0.7150 -0.4332
vn -0.5380 -0.7011 -0.4680
vn -0.6533 -0.6637 -0.3643
vn -0.5965 -0.6478 -0.4738
vn -0.6779 -0.6287 -0.3810
vn -0.1390 -0.9820 -0.1275
vn 0.3288 -0.8243 -0.4608
vn -0.1655 -0.9805 -0.1061
vn -0.1387 -0.9821 -0.1277
vn -0.1651 -0.9805 -0.1064
vn -0.5579 -0.7908 0.2516
vn -0.3807 -0.9188 -0.1041
vn -0.2579 -0.9400 -0.2233
vn -0.3168 -0.9335 -0.1678
vn -0.3811 -0.9187 -0.1039
vn -0.3171 -0.9335 -0.1678
vn -0.4894 -0.8719 0.0146
vn -0.1220 -0.9402 -0.3181
vn 0.0202 -0.9129 -0.4076
vn -0.2310 -0.9425 -0.2416
vn -0.1224 -0.9402 -0.3179
vn -0.2312 -0.9425 -0.2415
vn -0.2806 -0.9378 -0.2044
vn -0.3136 -0.9123 -0.2632
vn -0.0975 -0.8499 -0.5179
vn -0.4731 -0.7523 -0.4585
vn -0.3299 -0.9107 -0.2488
vn -0.5677 -0.7396 -0.3617
vn -0.6073 -0.7912 -0.0716
vn -0.2252 0.4312 -0.8737
vn -0.2993 0.4967 -0.8147
vn -0.3135 0.4415 -0.8407
vn -0.2206 0.4210 -0.8798
vn -0.3047 0.4226 -0.8536
vn -0.2255 0.3742 -0.8995
vn -0.2289 0.7745 -0.5896
vn -0.4783 0.8544 -0.2030
vn -0.5689 0.8001 -0.1901
vn -0.2129 0.7374 -0.6411
vn -0.5986 0.7207 -0.3498
vn -0.2637 0.6120 -0.7456
vn -0.5413 0.5489 -0.6369
vn -0.5581 0.5565 -0.6155
vn -0.5654 0.5416 -0.6221
vn -0.5400 0.5448 -0.6416
vn -0.5616 0.5341 -0.6319
vn -0.5442 0.5345 -0.6466
vn -0.4853 0.7024 -0.5207
vn -0.5459 0.7155 -0.4360
vn -0.5777 0.6970 -0.4247
vn -0.4811 0.6878 -0.5436
vn -0.5808 0.6502 -0.4897
vn -0.5015 0.6571 -0.5628
vn -0.1038 0.9914 -0.0793
vn -0.5577 0.7911 0.2512
vn -0.2241 0.9595 -0.1706
vn -0.0999 0.9916 -0.0824
vn -0.2155 0.9602 -0.1779
vn 0.3290 0.8243 -0.4608
vn -0.1071 0.9505 -0.2915
vn -0.2806 0.9378 -0.2043
vn -0.2764 0.9239 -0.2646
vn -0.1021 0.9500 -0.2950
vn -0.2571 0.9228 -0.2870
vn 0.0198 0.9130 -0.4075
vn -0.3631 0.9284 -0.0793
vn -0.4895 0.8719 0.0146
vn -0.3562 0.9121 -0.2031
vn -0.3586 0.9297 -0.0837
vn -0.3354 0.9166 -0.2178
vn -0.2578 0.9400 -0.2233
vn -0.3299 0.9106 -0.2488
vn -0.6073 0.7912 -0.0717
vn -0.5675 0.7396 -0.3618
vn -0.3136 0.9124 -0.2631
vn -0.4731 0.7524 -0.4584
vn -0.0976 0.8499 -0.5178
vn -0.9242 0.3530 -0.1460
vn -0.9391 0.3099 -0.1484
vn -0.9095 0.3601 -0.2077
vn -0.9213 0.3595 -0.1485
vn -0.9032 0.3728 -0.2129
vn -0.8809 0.4268 -0.2044
vn -0.7584 0.5127 -0.4025
vn -0.7642 0.5015 -0.4056
vn -0.7516 0.5055 -0.4237
vn -0.7555 0.5160 -0.4037
vn -0.7449 0.5124 -0.4272
vn -0.7366 0.5291 -0.4214
vn -0.7205 0.6769 -0.1502
vn -0.8234 0.5369 -0.1839
vn -0.3928 0.7565 -0.5229
vn -0.6934 0.7028 -0.1589
vn -0.2506 0.8376 -0.4855
vn -0.2638 0.8814 -0.3918
vn -0.6533 0.6637 -0.3644
vn -0.6779 0.6288 -0.3810
vn -0.5965 0.6479 -0.4737
vn -0.6388 0.6756 -0.3681
vn -0.5380 0.7011 -0.4680
vn -0.5488 0.7150 -0.4332
vn 0.2248 -0.4313 -0.8738
vn 0.2998 -0.4974 -0.8141
vn 0.3141 -0.4416 -0.8404
vn 0.2202 -0.4209 -0.8800
vn 0.3053 -0.4225 -0.8534
vn 0.2252 -0.3735 -0.8999
vn 0.2293 -0.7748 -0.5892
vn 0.4784 -0.8544 -0.2027
vn 0.5689 -0.8002 -0.1898
vn 0.2136 -0.7376 -0.6406
vn 0.5988 -0.7206 -0.3495
vn 0.2644 -0.6122 -0.7452
vn 0.5413 -0.5486 -0.6372
vn 0.5579 -0.5561 -0.6160
vn 0.5651 -0.5415 -0.6225
vn 0.5400 -0.5447 -0.6416
vn 0.5614 -0.5340 -0.6322
vn 0.5443 -0.5344 -0.6466
vn 0.4850 -0.7025 -0.5209
vn 0.5457 -0.7156 -0.4360
vn 0.5777 -0.6971 -0.4246
vn 0.4808 -0.6877 -0.5440
vn 0.5809 -0.6500 -0.4900
vn 0.5012 -0.6569 -0.5633
vn 0.1389 -0.9821 -0.1276
vn 0.5576 -0.7912 0.2512
vn 0.1654 -0.9805 -0.1061
vn 0.1392 -0.9820 -0.1275
vn 0.1657 -0.9805 -0.1059
vn -0.3288 -0.8243 -0.4608
vn 0.1227 -0.9402 -0.3177
vn 0.2802 -0.9379 -0.2046
vn 0.2310 -0.9425 -0.2416
vn 0.1224 -0.9402 -0.3179
vn 0.2309 -0.9425 -0.2417
vn -0.0193 -0.9132 -0.4071
vn 0.3810 -0.9187 -0.1039
vn 0.4894 -0.8719 0.0146
vn 0.3171 -0.9335 -0.1676
vn 0.3808 -0.9188 -0.1041
vn 0.3170 -0.9335 -0.1677
vn 0.2581 -0.9400 -0.2230
vn 0.3296 -0.9108 -0.2487
vn 0.6072 -0.7913 -0.0715
vn 0.5675 -0.7397 -0.3616
vn 0.3134 -0.9124 -0.2632
vn 0.4730 -0.7523 -0.4586
vn 0.0971 -0.8498 -0.5180
vn 0.9242 -0.3529 -0.1460
vn 0.9391 -0.3099 -0.1484
vn 0.9096 -0.3600 -0.2076
vn 0.9213 -0.3593 -0.1484
vn 0.9033 -0.3727 -0.2127
vn 0.8811 -0.4266 -0.2043
vn 0.7583 -0.5127 -0.4025
vn 0.7641 -0.5017 -0.4056
vn 0.7516 -0.5057 -0.4235
vn 0.7556 -0.5159 -0.4037
vn 0.7451 -0.5124 -0.4270
vn 0.7368 -0.5288 -0.4212
vn 0.7205 -0.6770 -0.1501
vn 0.8235 -0.5367 -0.1838
vn 0.3927 -0.7564 -0.5231
vn 0.6932 -0.7030 -0.1588
vn 0.2503 -0.8376 -0.4856
vn 0.2634 -0.8815 -0.3919
vn 0.6535 -0.6635 -0.3643
vn 0.6783 -0.6284 -0.3810
vn 0.5966 -0.6476 -0.4740
vn 0.6391 -0.6754 -0.3680
vn 0.5381 -0.7009 -0.4682
vn 0.5489 -0.7148 -0.4333
vn 0.2203 0.4209 -0.8800
vn 0.2252 0.3735 -0.8999
vn 0.3053 0.4225 -0.8534
vn 0.2249 0.4312 -0.8738
vn 0.3142 0.4416 -0.8404
vn 0.2999 0.4973 -0.8141
vn 0.5400 0.5447 -0.6416
vn 0.5443 0.5344 -0.6466
vn 0.5614 0.5340 -0.6321
vn 0.5413 0.5487 -0.6371
vn 0.5650 0.5415 -0.6225
vn 0.5579 0.5562 -0.6160
vn 0.2135 0.7376 -0.6406
vn 0.2643 0.6122 -0.7452
vn 0.5988 0.7206 -0.3495
vn 0.2293 0.7747 -0.5892
vn 0.5689 0.8001 -0.1899
vn 0.4784 0.8544 -0.2028
vn 0.4808 0.6877 -0.5439
vn 0.5012 0.6569 -0.5632
vn 0.5809 0.6500 -0.4900
vn 0.4850 0.7024 -0.5210
vn 0.5776 0.6971 -0.4247
vn 0.5457 0.7156 -0.4361
vn 0.9213 0.3594 -0.1485
vn 0.8811 0.4266 -0.2043
vn 0.9033 0.3727 -0.2128
vn 0.9242 0.3529 -0.1460
vn 0.9096 0.3600 -0.2076
vn 0.9391 0.3099 -0.1484
vn 0.6932 0.7030 -0.1588
vn 0.2634 0.8815 -0.3919
vn 0.2503 0.8376 -0.4856
vn 0.7205 0.6770 -0.1501
vn 0.3927 0.7564 -0.5232
vn 0.8235 0.5367 -0.1838
vn 0.7556 0.5158 -0.4037
vn 0.7368 0.5288 -0.4212
vn 0.7451 0.5123 -0.4270
vn 0.7583 0.5127 -0.4025
vn 0.7516 0.5057 -0.4235
vn 0.7641 0.5017 -0.4056
vn 0.6391 0.6754 -0.3680
vn 0.5489 0.7148 -0.4333
vn 0.5381 0.7009 -0.4682
vn 0.6535 0.6635 -0.3643
vn 0.5966 0.6476 -0.4740
vn 0.6783 0.6284 -0.3809
vn 0.0999 0.9916 -0.0824
vn -0.3290 0.8243 -0.4608
vn 0.2154 0.9602 -0.1778
vn 0.1039 0.9914 -0.0794
vn 0.2242 0.9595 -0.1707
vn 0.5577 0.7911 0.2512
vn 0.3587 0.9297 -0.0837
vn 0.2581 0.9400 -0.2231
vn 0.3355 0.9166 -0.2175
vn 0.3630 0.9284 -0.0793
vn 0.3562 0.9121 -0.2029
vn 0.4894 0.8719 0.0146
vn 0.1023 0.9500 -0.2949
vn -0.0194 0.9131 -0.4072
vn 0.2568 0.9229 -0.2870
vn 0.1072 0.9505 -0.2915
vn 0.2761 0.9240 -0.2646
vn 0.2803 0.9379 -0.2045
vn 0.3135 0.9124 -0.2631
vn 0.0971 0.8499 -0.5179
vn 0.4730 0.7524 -0.4584
vn 0.3296 0.9107 -0.2488
vn 0.5675 0.7397 -0.3617
vn 0.6072 0.7913 -0.0717
vn -0.9213 0.3594 0.1485
vn -0.8811 0.4266 0.2043
vn -0.9033 0.3727 0.2128
vn -0.9242 0.3529 0.1460
vn -0.9096 0.3600 0.2076
vn -0.9391 0.3099 0.1484
vn -0.6935 0.7028 0.1588
vn -0.2637 0.8814 0.3918
vn -0.2506 0.8375 0.4856
vn -0.7206 0.6769 0.1501
vn -0.3929 0.7563 0.5230
vn -0.8235 0.5368 0.1838
vn -0.7555 0.5160 0.4037
vn -0.7364 0.5292 0.4216
vn -0.7448 0.5124 0.4275
vn -0.7584 0.5126 0.4025
vn -0.7515 0.5054 0.4240
vn -0.7643 0.5014 0.4056
vn -0.6386 0.6756 0.3683
vn -0.5487 0.7149 0.4334
vn -0.5380 0.7010 0.4681
vn -0.6532 0.6637 0.3645
vn -0.5965 0.6479 0.4738
vn -0.6778 0.6288 0.3811
vn -0.0999 0.9916 0.0825
vn 0.3290 0.8242 0.4609
vn -0.2154 0.9602 0.1779
vn -0.1039 0.9914 0.0794
vn -0.2242 0.9595 0.1707
vn -0.5577 0.7911 -0.2512
vn -0.3587 0.9297 0.0837
vn -0.2581 0.9400 0.2231
vn -0.3355 0.9166 0.2175
vn -0.3631 0.9284 0.0793
vn -0.3562 0.9121 0.2029
vn -0.4895 0.8719 -0.0146
vn -0.1023 0.9500 0.2949
vn 0.0195 0.9131 0.4072
vn -0.2570 0.9229 0.2868
vn -0.1073 0.9506 0.2914
vn -0.2764 0.9239 0.2644
vn -0.2806 0.9378 0.2043
vn -0.3134 0.9125 0.2631
vn -0.0971 0.8500 0.5178
vn -0.4729 0.7525 0.4584
vn -0.3298 0.9107 0.2488
vn -0.5676 0.7396 0.3618
vn -0.6073 0.7912 0.0717
vn -0.2202 0.4209 0.8800
vn -0.2252 0.3735 0.8999
vn -0.3053 0.4225 0.8534
vn -0.2249 0.4312 0.8738
vn -0.3142 0.4415 0.8404
vn -0.2998 0.4973 0.8141
vn -0.5400 0.5446 0.6417
vn -0.5443 0.5343 0.6467
vn -0.5617 0.5339 0.6321
vn -0.5414 0.5487 0.6371
vn -0.5655 0.5414 0.6222
vn -0.5582 0.5562 0.6156
vn -0.2134 0.7376 0.6407
vn -0.2642 0.6122 0.7453
vn -0.5987 0.7206 0.3496
vn -0.2293 0.7747 0.5892
vn -0.5689 0.8002 0.1899
vn -0.4784 0.8544 0.2028
vn -0.4810 0.6878 0.5436
vn -0.5014 0.6571 0.5629
vn -0.5807 0.6503 0.4898
vn -0.4853 0.7024 0.5207
vn -0.5777 0.6971 0.4247
vn -0.5459 0.7155 0.4360
vn -0.9242 -0.3529 0.1460
vn -0.9391 -0.3099 0.1484
vn -0.9096 -0.3600 0.2076
vn -0.9213 -0.3593 0.1485
vn -0.9033 -0.3727 0.2127
vn -0.8811 -0.4266 0.2043
vn -0.7584 -0.5126 0.4025
vn -0.7643 -0.5014 0.4056
vn -0.7515 -0.5054 0.4239
vn -0.7555 -0.5159 0.4037
vn -0.7448 -0.5124 0.4275
vn -0.7364 -0.5292 0.4216
vn -0.7114 -0.6570 0.2495
vn -0.8235 -0.5368 0.1838
vn -0.3625 -0.8549 0.3711
vn -0.7113 -0.6571 0.2496
vn -0.3625 -0.8549 0.3713
vn -0.2637 -0.8814 0.3919
vn -0.6532 -0.6637 0.3645
vn -0.6778 -0.6287 0.3812
vn -0.5965 -0.6479 0.4738
vn -0.6387 -0.6756 0.3683
vn -0.5380 -0.7010 0.4681
vn -0.5487 -0.7149 0.4334
vn -0.2490 -0.4130 0.8761
vn -0.2998 -0.4973 0.8141
vn -0.2726 -0.4522 0.8492
vn -0.2489 -0.4128 0.8762
vn -0.2725 -0.4520 0.8493
vn -0.2252 -0.3735 0.8999
vn -0.3364 -0.7070 0.6221
vn -0.4784 -0.8544 0.2027
vn -0.4546 -0.8369 0.3049
vn -0.3362 -0.7068 0.6224
vn -0.4545 -0.8368 0.3053
vn -0.2642 -0.6122 0.7453
vn -0.5414 -0.5487 0.6371
vn -0.5582 -0.5562 0.6156
vn -0.5655 -0.5414 0.6222
vn -0.5400 -0.5446 0.6417
vn -0.5617 -0.5338 0.6321
vn -0.5443 -0.5343 0.6468
vn -0.4854 -0.7024 0.5206
vn -0.5459 -0.7155 0.4359
vn -0.5777 -0.6971 0.4246
vn -0.4810 -0.6878 0.5437
vn -0.5807 -0.6503 0.4899
vn -0.5013 -0.6571 0.5629
vn -0.1038 -0.9914 0.0793
vn -0.5577 -0.7911 -0.2512
vn -0.2242 -0.9595 0.1706
vn -0.0999 -0.9916 0.0825
vn -0.2154 -0.9602 0.1779
vn 0.3289 -0.8243 0.4609
vn -0.1227 -0.9402 0.3177
vn -0.2806 -0.9378 0.2044
vn -0.2312 -0.9425 0.2415
vn -0.1223 -0.9402 0.3179
vn -0.2311 -0.9425 0.2416
vn 0.0194 -0.9132 0.4072
vn -0.3811 -0.9187 0.1039
vn -0.4895 -0.8719 -0.0146
vn -0.3172 -0.9334 0.1676
vn -0.3808 -0.9188 0.1041
vn -0.3170 -0.9335 0.1677
vn -0.2581 -0.9400 0.2230
vn -0.3298 -0.9107 0.2487
vn -0.6073 -0.7912 0.0715
vn -0.5676 -0.7396 0.3617
vn -0.3134 -0.9124 0.2631
vn -0.4729 -0.7524 0.4586
vn -0.0971 -0.8499 0.5179
vn 0.9242 0.3530 0.1460
vn 0.9391 0.3099 0.1484
vn 0.9095 0.3601 0.2077
vn 0.9213 0.3595 0.1485
vn 0.9032 0.3728 0.2129
vn 0.8809 0.4268 0.2044
vn 0.7584 0.5127 0.4025
vn 0.7640 0.5018 0.4055
vn 0.7517 0.5057 0.4233
vn 0.7556 0.5159 0.4037
vn 0.7452 0.5124 0.4267
vn 0.7370 0.5287 0.4210
vn 0.7204 0.6771 0.1501
vn 0.8234 0.5369 0.1839
vn 0.3926 0.7565 0.5230
vn 0.6932 0.7030 0.1589
vn 0.2503 0.8376 0.4856
vn 0.2634 0.8815 0.3919
vn 0.6538 0.6634 0.3640
vn 0.6785 0.6283 0.3807
vn 0.5968 0.6475 0.4739
vn 0.6391 0.6755 0.3678
vn 0.5380 0.7010 0.4681
vn 0.5487 0.7150 0.4332
vn 0.2252 0.4312 0.8737
vn 0.2994 0.4967 0.8147
vn 0.3136 0.4414 0.8407
vn 0.2206 0.4210 0.8798
vn 0.3048 0.4225 0.8536
vn 0.2256 0.3741 0.8995
vn 0.2288 0.7746 0.5896
vn 0.4783 0.8544 0.2030
vn 0.5688 0.8002 0.1901
vn 0.2131 0.7374 0.6410
vn 0.5986 0.7206 0.3498
vn 0.2638 0.6120 0.7456
vn 0.5413 0.5488 0.6370
vn 0.5579 0.5563 0.6159
vn 0.5650 0.5417 0.6224
vn 0.5399 0.5449 0.6415
vn 0.5613 0.5343 0.6321
vn 0.5441 0.5347 0.6466
vn 0.4851 0.7023 0.5210
vn 0.5459 0.7155 0.4360
vn 0.5778 0.6970 0.4247
vn 0.4808 0.6877 0.5440
vn 0.5808 0.6500 0.4900
vn 0.5012 0.6569 0.5632
vn 0.1037 0.9914 0.0794
vn 0.5578 0.7910 -0.2513
vn 0.2239 0.9595 0.1709
vn 0.0998 0.9916 0.0826
vn 0.2153 0.9602 0.1781
vn -0.3295 0.8238 0.4613
vn 0.1072 0.9505 0.2915
vn 0.2803 0.9379 0.2046
vn 0.2761 0.9240 0.2647
vn 0.1022 0.9500 0.2949
vn 0.2568 0.9229 0.2870
vn -0.0195 0.9131 0.4072
vn 0.3630 0.9284 0.0793
vn 0.4895 0.8719 -0.0146
vn 0.3561 0.9121 0.2032
vn 0.3586 0.9297 0.0838
vn 0.3354 0.9166 0.2178
vn 0.2579 0.9400 0.2233
vn 0.3298 0.9107 0.2488
vn 0.6073 0.7912 0.0717
vn 0.5675 0.7396 0.3618
vn 0.3134 0.9125 0.2630
vn 0.4729 0.7525 0.4585
vn 0.0971 0.8500 0.5178
vn 0.9213 -0.3595 0.1485
vn 0.8810 -0.4268 0.2043
vn 0.9032 -0.3728 0.2129
vn 0.9242 -0.3529 0.1460
vn 0.9095 -0.3600 0.2077
vn 0.9391 -0.3099 0.1484
vn 0.7110 -0.6573 0.2497
vn 0.2634 -0.8815 0.3919
vn 0.3621 -0.8550 0.3714
vn 0.7112 -0.6572 0.2496
vn 0.3622 -0.8550 0.3712
vn 0.8234 -0.5369 0.1839
vn 0.7556 -0.5159 0.4037
vn 0.7371 -0.5287 0.4210
vn 0.7452 -0.5124 0.4267
vn 0.7584 -0.5127 0.4025
vn 0.7517 -0.5057 0.4233
vn 0.7640 -0.5018 0.4055
vn 0.6391 -0.6755 0.3678
vn 0.5487 -0.7150 0.4332
vn 0.5380 -0.7011 0.4681
vn 0.6538 -0.6634 0.3640
vn 0.5968 -0.6475 0.4739
vn 0.6785 -0.6282 0.3807
vn 0.0998 -0.9916 0.0826
vn -0.3294 -0.8238 0.4613
vn 0.2152 -0.9602 0.1780
vn 0.1037 -0.9914 0.0795
vn 0.2240 -0.9595 0.1708
vn 0.5578 -0.7910 -0.2514
vn 0.3807 -0.9188 0.1042
vn 0.2579 -0.9400 0.2232
vn 0.3168 -0.9335 0.1679
vn 0.3811 -0.9187 0.1040
vn 0.3171 -0.9334 0.1678
vn 0.4895 -0.8719 -0.0146
vn 0.1223 -0.9402 0.3179
vn -0.0194 -0.9132 0.4071
vn 0.2308 -0.9425 0.2417
vn 0.1227 -0.9402 0.3177
vn 0.2310 -0.9425 0.2417
vn 0.2803 -0.9379 0.2046
vn 0.3134 -0.9124 0.2632
vn 0.0971 -0.8499 0.5179
vn 0.4729 -0.7524 0.4585
vn 0.3298 -0.9107 0.2487
vn 0.5676 -0.7396 0.3617
vn 0.6073 -0.7912 0.0715
vn 0.2489 -0.4129 0.8761
vn 0.2255 -0.3741 0.8995
vn 0.2724 -0.4518 0.8495
vn 0.2491 -0.4131 0.8760
vn 0.2725 -0.4520 0.8494
vn 0.2994 -0.4967 0.8146
vn 0.5399 -0.5449 0.6415
vn 0.5441 -0.5347 0.6466
vn 0.5613 -0.5343 0.6321
vn 0.5413 -0.5488 0.6370
vn 0.5650 -0.5417 0.6224
vn 0.5579 -0.5563 0.6159
vn 0.3358 -0.7066 0.6228
vn 0.2638 -0.6119 0.7456
vn 0.4544 -0.8368 0.3055
vn 0.3360 -0.7068 0.6225
vn 0.4545 -0.8369 0.3051
vn 0.4783 -0.8544 0.2029
vn 0.4807 -0.6877 0.5440
vn 0.5012 -0.6569 0.5633
vn 0.5808 -0.6500 0.4900
vn 0.4852 -0.7024 0.5209
vn 0.5778 -0.6970 0.4246
vn 0.5459 -0.7155 0.4359
vn 0.2464 0.9506 -0.1886
vn 0.2477 0.9536 -0.1708
vn 0.2164 0.9596 -0.1796
vn 0.2387 0.9512 -0.1958
vn 0.2091 0.8382 -0.5037
vn 0.2163 0.8336 -0.5082
vn 0.2066 0.8375 -0.5059
vn 0.2055 0.8341 -0.5118
vn 0.5979 0.7866 -0.1541
vn 0.6039 0.7811 -0.1585
vn 0.6041 0.7821 -0.1530
vn 0.5960 0.7876 -0.1563
vn 0.5955 0.7870 -0.1612
vn 0.6013 0.7826 -0.1613
vn 0.5580 0.6969 -0.4506
vn 0.5298 0.7259 -0.4386
vn 0.5328 0.7116 -0.4579
vn 0.5663 0.6958 -0.4417
vn 0.5476 0.7243 -0.4189
vn 0.2373 0.2183 -0.9466
vn 0.2607 0.2376 -0.9357
vn 0.2361 0.2397 -0.9417
vn 0.2466 0.2094 -0.9462
vn 0.2711 0.2080 -0.9398
vn 0.2692 0.2294 -0.9354
vn 0.6327 0.1840 -0.7522
vn 0.6377 0.1901 -0.7464
vn 0.6346 0.1816 -0.7512
vn 0.6410 0.1801 -0.7461
vn 0.6405 0.1869 -0.7449
vn 0.2144 0.5839 -0.7830
vn 0.2210 0.5895 -0.7770
vn 0.2130 0.5902 -0.7787
vn 0.2170 0.5818 -0.7838
vn 0.2245 0.5864 -0.7783
vn 0.5801 0.5035 -0.6404
vn 0.5637 0.4792 -0.6728
vn 0.5879 0.4786 -0.6522
vn 0.5718 0.5121 -0.6409
vn 0.5448 0.4994 -0.6737
vn 0.9723 0.1703 -0.1602
vn 0.9662 0.1885 -0.1758
vn 0.9695 0.1698 -0.1768
vn 0.9721 0.1775 -0.1532
vn 0.9686 0.1962 -0.1527
vn 0.9660 0.1952 -0.1692
vn 0.8518 0.5022 -0.1493
vn 0.8479 0.5072 -0.1542
vn 0.8512 0.5018 -0.1539
vn 0.8510 0.5041 -0.1473
vn 0.8477 0.5099 -0.1465
vn 0.8468 0.5098 -0.1515
vn 0.8699 0.1673 -0.4640
vn 0.8660 0.1723 -0.4694
vn 0.8671 0.1665 -0.4695
vn 0.8705 0.1695 -0.4620
vn 0.8669 0.1752 -0.4666
vn 0.7636 0.4840 -0.4273
vn 0.7878 0.4660 -0.4028
vn 0.7730 0.4877 -0.4057
vn 0.7642 0.4752 -0.4362
vn 0.7885 0.4481 -0.4213
vn 0.9720 0.1777 0.1536
vn 0.9661 0.1949 0.1690
vn 0.9686 0.1959 0.1530
vn 0.9722 0.1706 0.1604
vn 0.9663 0.1883 0.1754
vn 0.8707 0.1693 0.4618
vn 0.8670 0.1752 0.4666
vn 0.8699 0.1748 0.4613
vn 0.8701 0.1670 0.4638
vn 0.8671 0.1662 0.4695
vn 0.8660 0.1723 0.4694
vn 0.8512 0.5038 0.1470
vn 0.8469 0.5098 0.1514
vn 0.8477 0.5099 0.1462
vn 0.8519 0.5020 0.1490
vn 0.8513 0.5016 0.1538
vn 0.8479 0.5073 0.1542
vn 0.7642 0.4752 0.4362
vn 0.7884 0.4481 0.4213
vn 0.7636 0.4841 0.4272
vn 0.7730 0.4878 0.4058
vn 0.7877 0.4661 0.4028
vn 0.2465 0.2093 0.9463
vn 0.2373 0.2184 0.9466
vn 0.2210 0.5895 0.7770
vn 0.6346 0.1815 0.7512
vn 0.6328 0.1840 0.7522
vn 0.6320 0.1901 0.7513
vn 0.5718 0.5121 0.6410
vn 0.5448 0.4994 0.6736
vn 0.2164 0.9596 0.1796
vn 0.2387 0.9512 0.1958
vn 0.2248 0.9591 0.1718
vn 0.2477 0.9537 0.1708
vn 0.2464 0.9507 0.1885
vn 0.5960 0.7876 0.1562
vn 0.6013 0.7826 0.1613
vn 0.5955 0.7870 0.1612
vn 0.5979 0.7866 0.1541
vn 0.6040 0.7811 0.1584
vn 0.2091 0.8382 0.5037
vn 0.5662 0.6959 0.4417
vn 0.5475 0.7244 0.4189
vn 0.5580 0.6968 0.4506
vn 0.5329 0.7115 0.4579
vn 0.5299 0.7259 0.4386
vn -0.2549 0.2228 -0.9409
vn -0.2711 0.2080 -0.9398
vn -0.2361 0.2397 -0.9417
vn -0.2549 0.2227 -0.9410
vn -0.2188 0.5854 -0.7807
vn -0.2191 0.5851 -0.7808
vn -0.2188 0.5854 -0.7806
vn -0.2129 0.5902 -0.7786
vn -0.6359 0.1858 -0.7491
vn -0.6367 0.1849 -0.7486
vn -0.6410 0.1801 -0.7461
vn -0.5681 0.4993 -0.6542
vn -0.5458 0.5214 -0.6559
vn -0.5878 0.4787 -0.6521
vn -0.2296 0.9554 -0.1859
vn -0.2339 0.9550 -0.1823
vn -0.5989 0.7851 -0.1580
vn -0.6004 0.7842 -0.1565
vn -0.5955 0.7870 -0.1612
vn -0.6041 0.7821 -0.1530
vn -0.2106 0.8355 -0.5075
vn -0.2113 0.8357 -0.5069
vn -0.2055 0.8342 -0.5118
vn -0.2107 0.8355 -0.5074
vn -0.5543 0.7083 -0.4370
vn -0.5502 0.7090 -0.4412
vn -0.5714 0.7053 -0.4196
vn -0.5542 0.7084 -0.4371
vn -0.5329 0.7116 -0.4579
vn -0.5501 0.7090 -0.4411
vn -0.9692 0.1822 -0.1655
vn -0.9692 0.1837 -0.1640
vn -0.9686 0.1958 -0.1530
vn -0.9692 0.1823 -0.1655
vn -0.9695 0.1702 -0.1764
vn -0.9692 0.1839 -0.1640
vn -0.8686 0.1708 -0.4651
vn -0.8685 0.1705 -0.4654
vn -0.8699 0.1747 -0.4613
vn -0.8686 0.1709 -0.4651
vn -0.8671 0.1663 -0.4695
vn -0.8685 0.1706 -0.4654
vn -0.8499 0.5049 -0.1508
vn -0.8494 0.5062 -0.1496
vn -0.8477 0.5099 -0.1462
vn -0.8499 0.5050 -0.1507
vn -0.8513 0.5015 -0.1538
vn -0.7745 0.4708 -0.4225
vn -0.7746 0.4690 -0.4244
vn -0.7745 0.4709 -0.4225
vn -0.7730 0.4876 -0.4058
vn -0.7746 0.4689 -0.4244
vn -0.2373 0.2183 0.9466
vn -0.2465 0.2094 0.9463
vn -0.6328 0.1839 0.7522
vn -0.6320 0.1900 0.7513
vn -0.6347 0.1815 0.7512
vn -0.2145 0.5839 0.7830
vn -0.2211 0.5895 0.7769
vn -0.5878 0.4787 0.6521
vn -0.5718 0.5121 0.6409
vn -0.5448 0.4994 0.6737
vn -0.9692 0.1822 0.1655
vn -0.9692 0.1838 0.1640
vn -0.9695 0.1702 0.1764
vn -0.9692 0.1821 0.1655
vn -0.9686 0.1958 0.1530
vn -0.8499 0.5050 0.1507
vn -0.8493 0.5062 0.1496
vn -0.8513 0.5016 0.1538
vn -0.8499 0.5049 0.1507
vn -0.8477 0.5099 0.1462
vn -0.8686 0.1709 0.4651
vn -0.8685 0.1706 0.4654
vn -0.8671 0.1663 0.4695
vn -0.8686 0.1708 0.4651
vn -0.8699 0.1747 0.4613
vn -0.8685 0.1705 0.4654
vn -0.7745 0.4690 0.4244
vn -0.7729 0.4877 0.4058
vn -0.7745 0.4708 0.4225
vn -0.7746 0.4690 0.4244
vn -0.2296 0.9554 0.1859
vn -0.2339 0.9550 0.1823
vn -0.2477 0.9536 0.1708
vn -0.2091 0.8382 0.5038
vn -0.5989 0.7851 0.1580
vn -0.6004 0.7842 0.1565
vn -0.6041 0.7820 0.1530
vn -0.5989 0.7851 0.1579
vn -0.5955 0.7870 0.1612
vn -0.5581 0.6968 0.4506
vn -0.5298 0.7259 0.4386
vn -0.5663 0.6959 0.4417
vn -0.5713 0.7053 0.4196
vn -0.5475 0.7244 0.4189
vn 0.2466 -0.2094 -0.9462
vn 0.2692 -0.2294 -0.9354
vn 0.2711 -0.2080 -0.9398
vn 0.2373 -0.2183 -0.9466
vn 0.2361 -0.2397 -0.9417
vn 0.2607 -0.2376 -0.9357
vn 0.2171 -0.5818 -0.7838
vn 0.2245 -0.5864 -0.7783
vn 0.2243 -0.5808 -0.7825
vn 0.2144 -0.5839 -0.7830
vn 0.2130 -0.5902 -0.7787
vn 0.2210 -0.5895 -0.7770
vn 0.6347 -0.1816 -0.7511
vn 0.6405 -0.1869 -0.7449
vn 0.6410 -0.1802 -0.7461
vn 0.6327 -0.1840 -0.7522
vn 0.6377 -0.1900 -0.7465
vn 0.5718 -0.5121 -0.6409
vn 0.5447 -0.4994 -0.6737
vn 0.5800 -0.5035 -0.6404
vn 0.5878 -0.4786 -0.6522
vn 0.5637 -0.4792 -0.6728
vn 0.2165 -0.9596 -0.1796
vn 0.2248 -0.9591 -0.1718
vn 0.2477 -0.9536 -0.1709
vn 0.5960 -0.7877 -0.1562
vn 0.6013 -0.7826 -0.1612
vn 0.5979 -0.7866 -0.1541
vn 0.6039 -0.7811 -0.1585
vn 0.2066 -0.8375 -0.5059
vn 0.5663 -0.6958 -0.4417
vn 0.5476 -0.7244 -0.4189
vn 0.5580 -0.6969 -0.4506
vn 0.5328 -0.7116 -0.4580
vn 0.5298 -0.7259 -0.4387
vn 0.9721 -0.1775 -0.1532
vn 0.9660 -0.1952 -0.1692
vn 0.9686 -0.1962 -0.1527
vn 0.9723 -0.1703 -0.1602
vn 0.9695 -0.1698 -0.1768
vn 0.9662 -0.1885 -0.1757
vn 0.8705 -0.1695 -0.4620
vn 0.8669 -0.1752 -0.4667
vn 0.8699 -0.1673 -0.4639
vn 0.8671 -0.1665 -0.4695
vn 0.8660 -0.1723 -0.4693
vn 0.8510 -0.5040 -0.1473
vn 0.8468 -0.5098 -0.1516
vn 0.8518 -0.5022 -0.1492
vn 0.8479 -0.5073 -0.1541
vn 0.7642 -0.4752 -0.4362
vn 0.7885 -0.4481 -0.4213
vn 0.7637 -0.4840 -0.4272
vn 0.7730 -0.4877 -0.4057
vn 0.7878 -0.4660 -0.4028
vn 0.2374 -0.2183 0.9465
vn 0.2465 -0.2093 0.9463
vn 0.6328 -0.1840 0.7522
vn 0.6320 -0.1901 0.7513
vn 0.6404 -0.1868 0.7450
vn 0.2145 -0.5838 0.7830
vn 0.2211 -0.5894 0.7770
vn 0.2131 -0.5902 0.7787
vn 0.2170 -0.5818 0.7838
vn 0.5718 -0.5121 0.6410
vn 0.5457 -0.5214 0.6560
vn 0.5447 -0.4994 0.6737
vn 0.9722 -0.1706 0.1604
vn 0.9663 -0.1883 0.1754
vn 0.9720 -0.1777 0.1536
vn 0.9686 -0.1959 0.1530
vn 0.9661 -0.1949 0.1691
vn 0.8519 -0.5020 0.1490
vn 0.8479 -0.5072 0.1541
vn 0.8513 -0.5016 0.1538
vn 0.8512 -0.5038 0.1470
vn 0.8477 -0.5099 0.1463
vn 0.8468 -0.5098 0.1516
vn 0.8701 -0.1670 0.4637
vn 0.8660 -0.1723 0.4693
vn 0.8707 -0.1693 0.4617
vn 0.8670 -0.1752 0.4665
vn 0.7636 -0.4841 0.4272
vn 0.7877 -0.4661 0.4028
vn 0.7729 -0.4878 0.4058
vn 0.7642 -0.4751 0.4362
vn 0.7885 -0.4481 0.4213
vn 0.2247 -0.9592 0.1718
vn 0.2159 -0.8369 0.5030
vn 0.6041 -0.7820 0.1530
vn 0.5960 -0.7876 0.1562
vn 0.5580 -0.6968 0.4506
vn 0.5298 -0.7259 0.4387
vn 0.5663 -0.6959 0.4417
vn 0.5713 -0.7054 0.4195
vn 0.5475 -0.7244 0.4189
vn -0.9692 -0.1823 -0.1655
vn -0.9692 -0.1839 -0.1640
vn -0.9695 -0.1702 -0.1764
vn -0.9692 -0.1822 -0.1655
vn -0.9686 -0.1958 -0.1530
vn -0.9692 -0.1838 -0.1640
vn -0.8499 -0.5050 -0.1507
vn -0.8494 -0.5062 -0.1496
vn -0.8513 -0.5015 -0.1538
vn -0.8499 -0.5049 -0.1508
vn -0.8477 -0.5099 -0.1463
vn -0.8494 -0.5061 -0.1497
vn -0.8686 -0.1709 -0.4650
vn -0.8685 -0.1706 -0.4653
vn -0.8671 -0.1663 -0.4695
vn -0.8686 -0.1708 -0.4651
vn -0.8699 -0.1747 -0.4613
vn -0.8685 -0.1705 -0.4654
vn -0.7745 -0.4709 -0.4225
vn -0.7746 -0.4689 -0.4244
vn -0.7730 -0.4876 -0.4058
vn -0.7745 -0.4708 -0.4225
vn -0.7746 -0.4690 -0.4244
vn -0.2066 -0.8375 -0.5058
vn -0.2130 -0.8326 -0.5113
vn -0.5989 -0.7851 -0.1580
vn -0.6004 -0.7842 -0.1565
vn -0.6041 -0.7821 -0.1530
vn -0.5542 -0.7084 -0.4371
vn -0.5501 -0.7090 -0.4412
vn -0.5329 -0.7116 -0.4580
vn -0.5543 -0.7084 -0.4370
vn -0.5714 -0.7053 -0.4196
vn -0.5502 -0.7090 -0.4412
vn -0.2524 -0.2250 -0.9411
vn -0.2550 -0.2227 -0.9410
vn -0.2361 -0.2397 -0.9417
vn -0.2711 -0.2080 -0.9398
vn -0.2549 -0.2228 -0.9409
vn -0.6359 -0.1858 -0.7491
vn -0.6367 -0.1849 -0.7486
vn -0.6410 -0.1801 -0.7461
vn -0.2144 -0.5839 -0.7830
vn -0.2210 -0.5895 -0.7769
vn -0.2129 -0.5902 -0.7786
vn -0.2171 -0.5818 -0.7839
vn -0.2244 -0.5808 -0.7825
vn -0.2245 -0.5864 -0.7783
vn -0.5681 -0.4993 -0.6542
vn -0.5658 -0.5016 -0.6544
vn -0.5878 -0.4787 -0.6522
vn -0.5458 -0.5214 -0.6559
vn -0.9692 -0.1822 0.1655
vn -0.9692 -0.1838 0.1640
vn -0.9686 -0.1958 0.1530
vn -0.9695 -0.1702 0.1764
vn -0.8686 -0.1708 0.4651
vn -0.8685 -0.1705 0.4654
vn -0.8699 -0.1747 0.4613
vn -0.8671 -0.1663 0.4695
vn -0.8685 -0.1706 0.4653
vn -0.8499 -0.5049 0.1508
vn -0.8494 -0.5061 0.1497
vn -0.8477 -0.5099 0.1463
vn -0.8499 -0.5050 0.1507
vn -0.8513 -0.5016 0.1538
vn -0.8493 -0.5062 0.1496
vn -0.7642 -0.4751 0.4362
vn -0.7885 -0.4481 0.4213
vn -0.7636 -0.4841 0.4273
vn -0.7729 -0.4878 0.4058
vn -0.7877 -0.4661 0.4028
vn -0.2465 -0.2094 0.9463
vn -0.2374 -0.2183 0.9466
vn -0.2170 -0.5818 0.7839
vn -0.2145 -0.5839 0.7830
vn -0.2131 -0.5902 0.7786
vn -0.2211 -0.5895 0.7769
vn -0.6404 -0.1868 0.7449
vn -0.6328 -0.1839 0.7522
vn -0.6320 -0.1900 0.7513
vn -0.5718 -0.5121 0.6409
vn -0.5448 -0.4994 0.6737
vn -0.5458 -0.5215 0.6559
vn -0.5878 -0.4787 0.6521
vn -0.2165 -0.9596 0.1797
vn -0.6013 -0.7826 0.1613
vn -0.6041 -0.7820 0.1530
vn -0.6040 -0.7811 0.1584
vn -0.2066 -0.8375 0.5058
vn -0.2159 -0.8369 0.5031
vn -0.5663 -0.6958 0.4417
vn -0.5475 -0.7244 0.4189
vn -0.5714 -0.7053 0.4196
vn -0.5580 -0.6968 0.4506
vn -0.5298 -0.7259 0.4386
vn 0.4634 0.2176 -0.8590
vn 0.4971 0.2334 -0.8357
vn 0.4181 0.1963 -0.8870
vn 0.4634 0.2177 -0.8590
vn 0.5492 0.2580 -0.7949
vn 0.4971 0.2335 -0.8357
vn 0.6089 0.4801 -0.6315
vn 0.6132 0.4823 -0.6256
vn 0.6010 0.4763 -0.6418
vn 0.6088 0.4802 -0.6315
vn 0.6244 0.4876 -0.6102
vn 0.7853 0.1740 -0.5942
vn 0.7911 0.5176 -0.3258
vn 0.6642 0.2230 -0.7135
vn 0.8127 0.1840 -0.5528
vn 0.9003 0.3923 -0.1886
vn 0.8572 0.4826 -0.1796
vn 0.7504 0.4062 -0.5214
vn 0.7204 0.5047 -0.4757
vn 0.7627 0.4089 -0.5011
vn 0.7805 0.4632 -0.4198
vn 0.7637 0.4980 -0.4107
vn 0.4309 0.8839 -0.1821
vn 0.4618 0.8653 -0.1951
vn 0.5161 0.8283 -0.2181
vn 0.4307 0.8839 -0.1820
vn 0.7840 0.6005 -0.1570
vn 0.8710 0.2029 -0.4474
vn 0.9098 0.2119 -0.3569
vn 0.7609 0.6314 -0.1496
vn 0.6307 0.7523 -0.1907
vn 0.8054 0.3402 -0.4855
vn 0.5943 0.6848 -0.4218
vn 0.5989 0.6795 -0.4239
vn 0.6117 0.6641 -0.4299
vn 0.5855 0.6948 -0.4176
vn 0.5989 0.6794 -0.4239
vn 0.7513 0.5523 -0.3613
vn 0.7652 0.4578 -0.4527
vn 0.7801 0.4667 -0.4167
vn 0.7404 0.5685 -0.3587
vn 0.7086 0.5955 -0.3786
vn 0.7194 0.5198 -0.4607
vn 0.9943 0.0778 -0.0732
vn 0.9727 0.1690 -0.1591
vn 0.8643 -0.2679 -0.4256
vn 0.9942 0.0811 -0.0701
vn 0.8516 0.4669 0.2384
vn 0.9724 0.1766 -0.1523
vn 0.9549 0.2872 -0.0752
vn 0.9430 0.2677 -0.1976
vn 0.9580 0.2046 -0.2007
vn 0.9540 0.2912 -0.0711
vn 0.9157 0.4015 0.0146
vn 0.9401 0.2871 -0.1836
vn 0.9613 0.0795 -0.2637
vn 0.9440 0.2041 -0.2594
vn 0.9301 -0.0170 -0.3669
vn 0.9618 0.0838 -0.2605
vn 0.9573 0.2229 -0.1840
vn 0.9455 0.2202 -0.2398
vn 0.9379 0.2510 -0.2393
vn 0.8115 0.3884 -0.4365
vn 0.8780 0.0786 -0.4722
vn 0.9373 0.2656 -0.2256
vn 0.8564 0.5118 -0.0688
vn 0.8063 0.4821 -0.3427
vn -0.4634 0.2177 -0.8590
vn -0.4971 0.2335 -0.8357
vn -0.5492 0.2580 -0.7949
vn -0.4634 0.2176 -0.8590
vn -0.4181 0.1963 -0.8870
vn -0.4971 0.2334 -0.8357
vn -0.7634 0.2841 -0.5801
vn -0.8827 0.3731 -0.2856
vn -0.9002 0.3924 -0.1886
vn -0.7633 0.2840 -0.5803
vn -0.6642 0.2230 -0.7136
vn -0.8827 0.3730 -0.2858
vn -0.6089 0.4801 -0.6315
vn -0.6132 0.4822 -0.6256
vn -0.6244 0.4876 -0.6102
vn -0.6010 0.4763 -0.6418
vn -0.7408 0.4397 -0.5078
vn -0.7656 0.4544 -0.4554
vn -0.7805 0.4633 -0.4198
vn -0.7406 0.4397 -0.5080
vn -0.7654 0.4544 -0.4556
vn -0.9876 0.1132 -0.1091
vn -0.9873 0.1229 -0.1003
vn -0.8516 0.4669 0.2383
vn -0.9876 0.1132 -0.1090
vn -0.8644 -0.2678 -0.4256
vn -0.9873 0.1229 -0.1002
vn -0.9540 0.0988 -0.2829
vn -0.9589 0.1790 -0.2201
vn -0.9573 0.2232 -0.1839
vn -0.9540 0.0983 -0.2831
vn -0.9299 -0.0174 -0.3673
vn -0.9589 0.1787 -0.2203
vn -0.9468 0.3083 -0.0920
vn -0.9558 0.2502 -0.1542
vn -0.9158 0.4014 0.0146
vn -0.9469 0.3081 -0.0922
vn -0.9580 0.2048 -0.2007
vn -0.9559 0.2501 -0.1543
vn -0.9080 0.3065 -0.2856
vn -0.9070 0.3233 -0.2699
vn -0.8564 0.5117 -0.0689
vn -0.9081 0.3061 -0.2859
vn -0.8780 0.0784 -0.4723
vn -0.9070 0.3229 -0.2702
vn -0.4308 0.8839 -0.1821
vn -0.5161 0.8283 -0.2181
vn -0.4618 0.8653 -0.1951
vn -0.5943 0.6848 -0.4218
vn -0.5989 0.6794 -0.4239
vn -0.5855 0.6948 -0.4176
vn -0.6117 0.6641 -0.4299
vn -0.7429 0.6212 -0.2494
vn -0.8890 0.3074 -0.3394
vn -0.6307 0.7523 -0.1907
vn -0.7431 0.6209 -0.2495
vn -0.9098 0.2121 -0.3568
vn -0.8891 0.3071 -0.3393
vn -0.7321 0.5578 -0.3911
vn -0.7631 0.5015 -0.4077
vn -0.7085 0.5956 -0.3785
vn -0.7322 0.5575 -0.3912
vn -0.7803 0.4662 -0.4169
vn -0.7632 0.5012 -0.4078
vn 0.4634 -0.2177 -0.8590
vn 0.4971 -0.2335 -0.8357
vn 0.5492 -0.2580 -0.7949
vn 0.4181 -0.1963 -0.8869
vn 0.4971 -0.2334 -0.8357
vn 0.8128 -0.1839 -0.5528
vn 0.8573 -0.4825 -0.1796
vn 0.9003 -0.3923 -0.1886
vn 0.7852 -0.1740 -0.5942
vn 0.6641 -0.2230 -0.7136
vn 0.7911 -0.5177 -0.3259
vn 0.6088 -0.4802 -0.6315
vn 0.6132 -0.4823 -0.6256
vn 0.6244 -0.4876 -0.6102
vn 0.6089 -0.4801 -0.6315
vn 0.6010 -0.4763 -0.6418
vn 0.6132 -0.4822 -0.6256
vn 0.7626 -0.4089 -0.5012
vn 0.7637 -0.4980 -0.4108
vn 0.7805 -0.4633 -0.4198
vn 0.7505 -0.4062 -0.5214
vn 0.7205 -0.5047 -0.4757
vn 0.9942 -0.0811 -0.0702
vn 0.9724 -0.1766 -0.1523
vn 0.8516 -0.4669 0.2384
vn 0.9943 -0.0777 -0.0732
vn 0.8643 0.2680 -0.4257
vn 0.9727 -0.1690 -0.1592
vn 0.9618 -0.0838 -0.2606
vn 0.9455 -0.2202 -0.2399
vn 0.9613 -0.0793 -0.2640
vn 0.9299 0.0173 -0.3673
vn 0.9439 -0.2041 -0.2597
vn 0.9540 -0.2912 -0.0710
vn 0.9402 -0.2871 -0.1836
vn 0.9157 -0.4015 0.0147
vn 0.9549 -0.2872 -0.0752
vn 0.9580 -0.2046 -0.2008
vn 0.9430 -0.2677 -0.1976
vn 0.9373 -0.2654 -0.2258
vn 0.8064 -0.4817 -0.3429
vn 0.8564 -0.5116 -0.0689
vn 0.9380 -0.2509 -0.2394
vn 0.8780 -0.0786 -0.4722
vn 0.8117 -0.3881 -0.4365
vn 0.4355 -0.8861 -0.1587
vn 0.4422 -0.8682 -0.2252
vn 0.3852 -0.9084 -0.1627
vn 0.4421 -0.8824 -0.1610
vn 0.5161 -0.8283 -0.2181
vn 0.4554 -0.8601 -0.2301
vn 0.5968 -0.6878 -0.4133
vn 0.5884 -0.6820 -0.4344
vn 0.5855 -0.6949 -0.4176
vn 0.5999 -0.6845 -0.4143
vn 0.6117 -0.6641 -0.4299
vn 0.5951 -0.6742 -0.4375
vn 0.7609 -0.6313 -0.1496
vn 0.8054 -0.3401 -0.4854
vn 0.6308 -0.7522 -0.1907
vn 0.7840 -0.6006 -0.1570
vn 0.9098 -0.2120 -0.3569
vn 0.8710 -0.2030 -0.4473
vn 0.7404 -0.5685 -0.3586
vn 0.7194 -0.5195 -0.4611
vn 0.7085 -0.5955 -0.3786
vn 0.7514 -0.5522 -0.3613
vn 0.7802 -0.4662 -0.4169
vn 0.7653 -0.4573 -0.4530
vn -0.4971 -0.2334 -0.8357
vn -0.4181 -0.1963 -0.8869
vn -0.4634 -0.2177 -0.8590
vn -0.5492 -0.2580 -0.7949
vn -0.4971 -0.2335 -0.8357
vn -0.6089 -0.4801 -0.6315
vn -0.6133 -0.4822 -0.6256
vn -0.6010 -0.4763 -0.6418
vn -0.6088 -0.4801 -0.6315
vn -0.6244 -0.4876 -0.6103
vn -0.6132 -0.4822 -0.6256
vn -0.7633 -0.2840 -0.5803
vn -0.8827 -0.3731 -0.2858
vn -0.6641 -0.2230 -0.7136
vn -0.7634 -0.2841 -0.5801
vn -0.9003 -0.3924 -0.1886
vn -0.8828 -0.3731 -0.2856
vn -0.7407 -0.4397 -0.5080
vn -0.7655 -0.4544 -0.4556
vn -0.7407 -0.4397 -0.5079
vn -0.7805 -0.4633 -0.4198
vn -0.7656 -0.4545 -0.4554
vn -0.4309 -0.8839 -0.1821
vn -0.4618 -0.8653 -0.1951
vn -0.5161 -0.8283 -0.2181
vn -0.4307 -0.8840 -0.1820
vn -0.3851 -0.9084 -0.1627
vn -0.7432 -0.6208 -0.2495
vn -0.8892 -0.3067 -0.3395
vn -0.9098 -0.2117 -0.3569
vn -0.7429 -0.6212 -0.2494
vn -0.6307 -0.7523 -0.1907
vn -0.8891 -0.3071 -0.3393
vn -0.5943 -0.6848 -0.4218
vn -0.5989 -0.6794 -0.4239
vn -0.6117 -0.6641 -0.4299
vn -0.5855 -0.6949 -0.4176
vn -0.7322 -0.5575 -0.3913
vn -0.7632 -0.5012 -0.4078
vn -0.7803 -0.4662 -0.4169
vn -0.7321 -0.5578 -0.3912
vn -0.7085 -0.5956 -0.3786
vn -0.7631 -0.5015 -0.4077
vn -0.9876 -0.1131 -0.1091
vn -0.9873 -0.1228 -0.1003
vn -0.8643 0.2679 -0.4257
vn -0.9876 -0.1131 -0.1090
vn -0.8516 -0.4669 0.2383
vn -0.9469 -0.3081 -0.0922
vn -0.9558 -0.2501 -0.1543
vn -0.9580 -0.2048 -0.2008
vn -0.9468 -0.3084 -0.0919
vn -0.9158 -0.4014 0.0147
vn -0.9559 -0.2502 -0.1542
vn -0.9540 -0.0982 -0.2833
vn -0.9589 -0.1784 -0.2204
vn -0.9299 0.0174 -0.3673
vn -0.9540 -0.0986 -0.2830
vn -0.9573 -0.2230 -0.1841
vn -0.9589 -0.1788 -0.2203
vn -0.9081 -0.3061 -0.2858
vn -0.9071 -0.3228 -0.2701
vn -0.8780 -0.0784 -0.4722
vn -0.9080 -0.3064 -0.2856
vn -0.9070 -0.3232 -0.2699
vn -0.4308 0.8839 0.1820
vn -0.4617 0.8653 0.1951
vn -0.5160 0.8284 0.2180
vn -0.4307 0.8840 0.1820
vn -0.3852 0.9084 0.1627
vn -0.7431 0.6209 0.2496
vn -0.8892 0.3068 0.3395
vn -0.9098 0.2117 0.3570
vn -0.7429 0.6212 0.2495
vn -0.6306 0.7523 0.1907
vn -0.8891 0.3071 0.3395
vn -0.5942 0.6848 0.4218
vn -0.5989 0.6794 0.4240
vn -0.6118 0.6639 0.4300
vn -0.5942 0.6848 0.4219
vn -0.5853 0.6949 0.4177
vn -0.5989 0.6793 0.4241
vn -0.7323 0.5573 0.3914
vn -0.7632 0.5011 0.4079
vn -0.7803 0.4661 0.4171
vn -0.7321 0.5576 0.3913
vn -0.7085 0.5954 0.3787
vn -0.7631 0.5014 0.4079
vn -0.9876 0.1133 0.1089
vn -0.9873 0.1231 0.1000
vn -0.8644 -0.2678 0.4256
vn -0.9876 0.1131 0.1090
vn -0.8520 0.4664 -0.2379
vn -0.9874 0.1229 0.1001
vn -0.9469 0.3081 0.0922
vn -0.9559 0.2500 0.1543
vn -0.9580 0.2047 0.2007
vn -0.9469 0.3082 0.0920
vn -0.9158 0.4013 -0.0146
vn -0.9559 0.2501 0.1542
vn -0.9540 0.0986 0.2830
vn -0.9589 0.1787 0.2203
vn -0.9301 -0.0166 0.3668
vn -0.9541 0.0987 0.2829
vn -0.9573 0.2228 0.1841
vn -0.9589 0.1787 0.2202
vn -0.9081 0.3062 0.2858
vn -0.9070 0.3231 0.2699
vn -0.8782 0.0788 0.4718
vn -0.9081 0.3065 0.2854
vn -0.8564 0.5117 0.0688
vn -0.9070 0.3234 0.2696
vn -0.4632 0.2175 0.8591
vn -0.4973 0.2335 0.8356
vn -0.4173 0.1959 0.8874
vn -0.4634 0.2176 0.8590
vn -0.5501 0.2583 0.7942
vn -0.4974 0.2336 0.8355
vn -0.6087 0.4802 0.6316
vn -0.6131 0.4824 0.6257
vn -0.6008 0.4764 0.6419
vn -0.6242 0.4877 0.6103
vn -0.6130 0.4823 0.6257
vn -0.7636 0.2841 0.5799
vn -0.8827 0.3731 0.2857
vn -0.6647 0.2232 0.7130
vn -0.7636 0.2842 0.5797
vn -0.9002 0.3924 0.1886
vn -0.8827 0.3731 0.2855
vn -0.7407 0.4398 0.5079
vn -0.7655 0.4545 0.4554
vn -0.7408 0.4398 0.5077
vn -0.7806 0.4635 0.4194
vn -0.7656 0.4546 0.4552
vn 0.4354 0.8861 0.1587
vn 0.4421 0.8682 0.2252
vn 0.3851 0.9084 0.1627
vn 0.4422 0.8824 0.1610
vn 0.5161 0.8283 0.2181
vn 0.4554 0.8600 0.2301
vn 0.5967 0.6878 0.4134
vn 0.5882 0.6819 0.4347
vn 0.5853 0.6950 0.4177
vn 0.6000 0.6844 0.4143
vn 0.6119 0.6638 0.4301
vn 0.5951 0.6739 0.4378
vn 0.7609 0.6314 0.1496
vn 0.8053 0.3402 0.4855
vn 0.6306 0.7523 0.1907
vn 0.7840 0.6005 0.1570
vn 0.9098 0.2119 0.3570
vn 0.8710 0.2029 0.4474
vn 0.7405 0.5683 0.3588
vn 0.7195 0.5194 0.4611
vn 0.7086 0.5953 0.3788
vn 0.7514 0.5521 0.3614
vn 0.7802 0.4662 0.4170
vn 0.7653 0.4573 0.4530
vn 0.4777 0.1934 0.8569
vn 0.4892 0.2735 0.8281
vn 0.5501 0.2583 0.7942
vn 0.4694 0.1904 0.8622
vn 0.4173 0.1959 0.8874
vn 0.4731 0.2672 0.8395
vn 0.8129 0.1843 0.5525
vn 0.8572 0.4826 0.1796
vn 0.9003 0.3924 0.1886
vn 0.7855 0.1743 0.5938
vn 0.6647 0.2233 0.7130
vn 0.7912 0.5176 0.3258
vn 0.6151 0.4725 0.6312
vn 0.6087 0.4960 0.6193
vn 0.6242 0.4877 0.6103
vn 0.6116 0.4715 0.6353
vn 0.6008 0.4764 0.6419
vn 0.6016 0.4929 0.6286
vn 0.7627 0.4089 0.5010
vn 0.7637 0.4983 0.4104
vn 0.7806 0.4634 0.4194
vn 0.7505 0.4061 0.5213
vn 0.7204 0.5049 0.4755
vn 0.9943 0.0810 0.0699
vn 0.9724 0.1770 0.1523
vn 0.8509 0.4677 -0.2393
vn 0.9943 0.0777 0.0729
vn 0.8633 -0.2693 0.4268
vn 0.9726 0.1696 0.1593
vn 0.9618 0.0845 0.2605
vn 0.9455 0.2202 0.2399
vn 0.9572 0.2229 0.1843
vn 0.9613 0.0800 0.2638
vn 0.9303 -0.0159 0.3665
vn 0.9439 0.2041 0.2595
vn 0.9541 0.2910 0.0716
vn 0.9402 0.2869 0.1836
vn 0.9160 0.4009 -0.0139
vn 0.9549 0.2872 0.0756
vn 0.9580 0.2050 0.2007
vn 0.9430 0.2678 0.1976
vn 0.9373 0.2656 0.2256
vn 0.8065 0.4819 0.3425
vn 0.9379 0.2509 0.2394
vn 0.8781 0.0789 0.4718
vn 0.8118 0.3882 0.4362
vn -0.4307 -0.8840 0.1820
vn -0.4617 -0.8653 0.1951
vn -0.4308 -0.8839 0.1821
vn -0.5160 -0.8284 0.2180
vn -0.5942 -0.6848 0.4219
vn -0.5989 -0.6793 0.4241
vn -0.5853 -0.6949 0.4177
vn -0.5942 -0.6848 0.4218
vn -0.6118 -0.6639 0.4300
vn -0.5988 -0.6794 0.4240
vn -0.7429 -0.6212 0.2495
vn -0.8891 -0.3071 0.3394
vn -0.6306 -0.7523 0.1907
vn -0.7431 -0.6209 0.2496
vn -0.9098 -0.2117 0.3570
vn -0.8892 -0.3068 0.3395
vn -0.7320 -0.5577 0.3913
vn -0.7630 -0.5014 0.4079
vn -0.7085 -0.5954 0.3787
vn -0.7322 -0.5573 0.3914
vn -0.7803 -0.4661 0.4171
vn -0.7632 -0.5010 0.4080
vn -0.4634 -0.2176 0.8590
vn -0.4974 -0.2335 0.8355
vn -0.5501 -0.2583 0.7942
vn -0.4632 -0.2175 0.8591
vn -0.4173 -0.1960 0.8874
vn -0.4973 -0.2335 0.8356
vn -0.7636 -0.2843 0.5797
vn -0.8827 -0.3731 0.2855
vn -0.9002 -0.3924 0.1886
vn -0.7635 -0.2841 0.5799
vn -0.6647 -0.2232 0.7130
vn -0.8827 -0.3731 0.2857
vn -0.6087 -0.4802 0.6316
vn -0.6130 -0.4823 0.6257
vn -0.6242 -0.4877 0.6103
vn -0.6008 -0.4764 0.6419
vn -0.6131 -0.4823 0.6257
vn -0.7407 -0.4398 0.5078
vn -0.7656 -0.4546 0.4552
vn -0.7806 -0.4635 0.4194
vn -0.7407 -0.4398 0.5079
vn -0.7655 -0.4545 0.4554
vn -0.9876 -0.1130 0.1090
vn -0.9874 -0.1227 0.1003
vn -0.8517 -0.4667 -0.2383
vn -0.9876 -0.1132 0.1091
vn -0.8644 0.2678 0.4257
vn -0.9873 -0.1230 0.1003
vn -0.9541 -0.0987 0.2829
vn -0.9589 -0.1788 0.2202
vn -0.9573 -0.2229 0.1840
vn -0.9540 -0.0985 0.2831
vn -0.9301 0.0169 0.3670
vn -0.9589 -0.1787 0.2203
vn -0.9469 -0.3082 0.0919
vn -0.9559 -0.2501 0.1542
vn -0.9158 -0.4013 -0.0147
vn -0.9469 -0.3081 0.0922
vn -0.9580 -0.2047 0.2007
vn -0.9559 -0.2500 0.1543
vn -0.9081 -0.3065 0.2855
vn -0.9071 -0.3234 0.2696
vn -0.8564 -0.5117 0.0689
vn -0.9081 -0.3061 0.2857
vn -0.8782 -0.0788 0.4718
vn -0.9071 -0.3231 0.2699
vn 0.4422 -0.8824 0.1610
vn 0.4554 -0.8600 0.2301
vn 0.5161 -0.8283 0.2181
vn 0.4354 -0.8861 0.1587
vn 0.4421 -0.8682 0.2253
vn 0.7840 -0.6006 0.1570
vn 0.8710 -0.2029 0.4474
vn 0.9098 -0.2119 0.3570
vn 0.7609 -0.6314 0.1496
vn 0.8054 -0.3402 0.4854
vn 0.6000 -0.6844 0.4143
vn 0.5951 -0.6739 0.4378
vn 0.6119 -0.6638 0.4301
vn 0.5967 -0.6878 0.4133
vn 0.5853 -0.6950 0.4177
vn 0.5882 -0.6820 0.4346
vn 0.7514 -0.5521 0.3615
vn 0.7653 -0.4573 0.4531
vn 0.7802 -0.4662 0.4171
vn 0.7404 -0.5683 0.3588
vn 0.7086 -0.5953 0.3788
vn 0.7195 -0.5194 0.4611
vn 0.9943 -0.0777 0.0729
vn 0.9726 -0.1696 0.1593
vn 0.8633 0.2693 0.4268
vn 0.9943 -0.0810 0.0699
vn 0.8509 -0.4677 -0.2393
vn 0.9723 -0.1770 0.1524
vn 0.9549 -0.2872 0.0756
vn 0.9430 -0.2678 0.1976
vn 0.9580 -0.2050 0.2007
vn 0.9541 -0.2910 0.0715
vn 0.9160 -0.4009 -0.0140
vn 0.9402 -0.2869 0.1836
vn 0.9613 -0.0801 0.2637
vn 0.9439 -0.2041 0.2595
vn 0.9303 0.0159 0.3665
vn 0.9618 -0.0845 0.2605
vn 0.9573 -0.2229 0.1843
vn 0.9455 -0.2202 0.2399
vn 0.9380 -0.2509 0.2393
vn 0.8118 -0.3882 0.4362
vn 0.8781 -0.0789 0.4718
vn 0.9373 -0.2656 0.2256
vn 0.8065 -0.4819 0.3426
vn 0.4694 -0.1904 0.8622
vn 0.4730 -0.2673 0.8395
vn 0.4173 -0.1960 0.8874
vn 0.4777 -0.1935 0.8569
vn 0.5501 -0.2583 0.7942
vn 0.4892 -0.2735 0.8281
vn 0.6116 -0.4715 0.6353
vn 0.6016 -0.4928 0.6286
vn 0.6008 -0.4764 0.6419
vn 0.6151 -0.4725 0.6312
vn 0.6242 -0.4877 0.6103
vn 0.6087 -0.4960 0.6192
vn 0.7855 -0.1743 0.5938
vn 0.7912 -0.5176 0.3258
vn 0.6647 -0.2233 0.7130
vn 0.8129 -0.1842 0.5525
vn 0.9003 -0.3924 0.1886
vn 0.8572 -0.4826 0.1796
vn 0.7505 -0.4061 0.5213
vn 0.7204 -0.5049 0.4755
vn 0.7627 -0.4089 0.5010
vn 0.7806 -0.4634 0.4194
vn 0.7637 -0.4983 0.4104
vn -0.0000 0.2156 -0.9765
vn -0.0000 0.5960 -0.8030
vn -0.0000 0.8571 -0.5151
vn -0.0000 0.9843 -0.1763
vn -0.9849 0.1730 -0.0000
vn -0.9849 0.1729 -0.0000
vn -0.8614 0.5079 -0.0000
vn -0.6034 0.7974 -0.0000
vn -0.2200 0.9755 -0.0000
vn -0.0000 0.2160 0.9764
vn -0.0000 0.5960 0.8030
vn -0.0000 0.8571 0.5151
vn -0.0000 0.9843 0.1763
vn 0.9849 0.1729 -0.0000
vn 0.9850 0.1728 -0.0000
vn 0.8616 0.5076 -0.0000
vn 0.6034 0.7974 -0.0000
vn 0.2201 0.9755 -0.0000
vn 0.2200 0.9755 -0.0000
vn 0.2428 -0.0000 -0.9701
vn 0.6437 -0.0000 -0.7653
vn 0.8835 -0.0000 -0.4685
vn 0.9878 -0.0000 -0.1560
vn 0.2432 -0.0000 0.9700
vn 0.6437 -0.0000 0.7653
vn 0.8835 -0.0000 0.4685
vn 0.9878 -0.0000 0.1560
vn 0.2200 -0.9755 -0.0000
vn 0.2201 -0.9755 -0.0000
vn 0.6034 -0.7974 -0.0000
vn 0.8616 -0.5076 -0.0000
vn 0.9850 -0.1728 -0.0000
vn 0.9849 -0.1729 -0.0000
vn -0.0000 -0.2156 -0.9765
vn -0.0000 -0.5960 -0.8030
vn -0.0000 -0.5959 -0.8030
vn -0.0000 -0.8571 -0.5151
vn -0.0000 -0.9843 -0.1764
vn -0.0000 -0.2160 0.9764
vn -0.0000 -0.5960 0.8030
vn -0.0000 -0.8571 0.5151
vn -0.0000 -0.9843 0.1763
vn -0.9850 -0.1725 -0.0000
vn -0.8614 -0.5079 -0.0000
vn -0.6034 -0.7974 -0.0000
vn -0.2200 -0.9755 -0.0000
vn -0.2201 -0.9755 -0.0000
vn -0.2428 -0.0000 -0.9701
vn -0.6437 -0.0000 -0.7653
vn -0.8833 -0.0000 -0.4688
vn -0.9878 -0.0000 -0.1557
vn -0.2432 -0.0000 0.9700
vn -0.6437 -0.0000 0.7653
vn -0.8833 -0.0000 0.4688
vn -0.9877 -0.0000 0.1561
vn -0.9850 0.1725 -0.0000
vn -0.9849 -0.1730 -0.0000
vn -0.9849 -0.1729 -0.0000
vn 0.6436 -0.0000 -0.7653
vn 0.2432 -0.0000 -0.9700
vn -0.9877 -0.0000 0.1560
vn -0.9877 -0.0000 -0.1561
vn -0.6436 -0.0000 -0.7653
vn -0.2432 -0.0000 -0.9700
vn 0.8616 0.5075 -0.0000
vn 0.6034 -0.7975 -0.0000
vn 0.8616 -0.5075 -0.0000
vn -0.9849 -0.1732 -0.0000
vn -0.9851 -0.1722 -0.0000
vn -0.6034 -0.7975 -0.0000
vn -0.2201 0.9755 -0.0000
vn 0.9849 0.1728 -0.0000
vn -0.9850 0.1724 -0.0000
vn -0.9850 -0.1727 -0.0000
vn -0.9850 -0.1724 -0.0000
vn -0.2428 -0.0000 0.9701
vn -0.9878 -0.0000 0.1556
vn 0.2428 -0.0000 0.9701
vn -0.0000 -0.9843 -0.1763
vn -0.0000 0.9843 0.1764
vn -0.0000 0.8571 0.5152
vn -0.0000 0.9843 -0.1764
vn -0.6439 -0.0000 -0.7651
vn -0.9878 -0.0000 -0.1560
vn -0.6036 -0.7973 -0.0000
vn -0.2433 -0.0000 0.9700
vn -0.6439 -0.0000 0.7651
vn -0.9878 -0.0000 0.1560
vn -0.6036 0.7973 -0.0000
vn -0.9850 0.1728 -0.0000
vn -0.0000 0.8571 -0.5152
vn 0.8614 0.5079 -0.0000
vn 0.6036 0.7973 -0.0000
vn 0.6037 0.7972 -0.0000
vn 0.6439 -0.0000 -0.7651
vn 0.8833 -0.0000 -0.4688
vn 0.2431 -0.0000 0.9700
vn 0.2430 -0.0000 0.9700
vn 0.6439 -0.0000 0.7651
vn 0.8833 -0.0000 0.4688
vn 0.6036 -0.7973 -0.0000
vn 0.8614 -0.5079 -0.0000
vn -0.0000 -0.2160 -0.9764
vn -0.0000 -0.9843 0.1764
vn 0.2194 0.9756 -0.0000
vn 0.2203 0.9754 -0.0000
vn 0.2209 -0.9753 -0.0000
vn -0.0000 0.2160 -0.9764
vn -0.0000 -0.2152 -0.9766
vn -0.0000 0.5959 -0.8030
vn -0.0000 0.2167 -0.9762
vn -0.0000 0.2161 -0.9764
vn -0.0000 0.2151 -0.9766
vn -0.0000 -0.2161 -0.9764
vn 0.8615 0.5078 -0.0000
vn 0.6034 0.7975 -0.0000
vn 0.6038 0.7971 -0.0000
vn 0.8615 -0.5078 -0.0000
vn -0.8616 0.5076 -0.0000
vn -0.8616 -0.5076 -0.0000
vn -0.8616 -0.5075 -0.0000
vn -0.0000 -0.2159 0.9764
vn -0.0000 -0.2156 0.9765
vn -0.0000 0.2156 0.9765
vn 0.2427 -0.0000 -0.9701
vn 0.8833 -0.0000 -0.4689
vn 0.9877 -0.0000 -0.1560
vn -0.8833 -0.0000 -0.4689
vn -0.9877 -0.0000 -0.1560
vn -0.8835 -0.0000 -0.4685
vn -0.8835 -0.0000 0.4685
vn 0.9850 -0.1725 -0.0000
vn 0.9878 -0.0000 -0.1557
vn 0.9850 0.1725 -0.0000
vn 0.8613 0.5081 -0.0000
vn -0.9850 -0.1728 -0.0000
vn 0.8834 -0.0000 0.4685
vn -0.2427 -0.0000 -0.9701
vn 0.9850 -0.1724 -0.0000
vn 0.9850 -0.1726 -0.0000
vn 0.8612 -0.5083 -0.0000
vn -0.9849 0.1728 -0.0000
vn 0.8617 0.5075 -0.0000
vn -0.9571 0.2898 -0.0000
vn -0.4387 -0.8986 -0.0000
vn -0.5609 -0.8279 -0.0000
vn 0.8555 0.5177 -0.0000
vn 0.8666 -0.4990 -0.0000
vn 0.8667 -0.4988 -0.0000
vn 0.8613 -0.5081 -0.0000
vn 0.9878 -0.0000 0.1557
vn 0.2156 0.9537 -0.2099
vn 0.9640 -0.2658 -0.0007
vn 0.1936 0.9786 -0.0696
vn 0.4199 0.9076 0.0010
vn 0.9640 -0.2658 0.0020
vn -0.0125 -0.0455 0.9989
vt 0.062500 0.500000
vt 0.062500 0.993093
vt 0.000000 0.992892
vt 0.000000 0.500000
vt 0.875000 1.000000
vt 0.937500 1.000000
vt 0.812500 1.000000
vt 0.750000 1.000000
vt 0.687500 1.000000
vt 0.625000 1.000000
vt 0.562500 1.000000
vt 0.500000 1.000000
vt 0.437500 1.000000
vt 0.375000 1.000000
vt 0.312500 1.000000
vt 0.250000 1.000000
vt 0.187500 1.000000
vt 0.125000 1.000000
vt 0.500000 0.500000
vt 0.500000 0.992892
vt 0.437500 0.993093
vt 0.437500 0.500000
vt 0.062500 1.000000
vt 0.000000 1.000000
vt 0.658156 0.471731
vt 0.750000 0.490000
vt 0.841844 0.471731
vt 0.919706 0.419706
vt 0.971731 0.341844
vt 0.990000 0.250000
vt 0.971731 0.158156
vt 0.919706 0.080294
vt 0.841844 0.028269
vt 0.750000 0.010000
vt 0.658156 0.028269
vt 0.580294 0.080294
vt 0.528269 0.158156
vt 0.510000 0.250000
vt 0.528269 0.341844
vt 0.580294 0.419706
vt 1.000000 0.500000
vt 1.000000 0.992892
vt 0.937500 0.992775
vt 0.937500 0.500000
vt 0.187500 0.500000
vt 0.187500 0.993487
vt 0.125000 0.993319
vt 0.125000 0.500000
vt 0.625000 0.500000
vt 0.625000 0.992739
vt 0.562500 0.992775
vt 0.562500 0.500000
vt 0.312500 0.500000
vt 0.312500 0.993487
vt 0.250000 0.993546
vt 0.250000 0.500000
vt 0.875000 0.992739
vt 0.875000 0.500000
vt 0.750000 0.500000
vt 0.750000 0.992739
vt 0.687500 0.992738
vt 0.687500 0.500000
vt 0.375000 0.993319
vt 0.375000 0.500000
vt 0.812500 0.992738
vt 0.812500 0.500000
vt 1.000000 1.000000
vt 0.419706 0.419706
vt 0.341844 0.471731
vt 0.250000 0.490000
vt 0.158156 0.471731
vt 0.080294 0.419706
vt 0.028269 0.341844
vt 0.010000 0.250000
vt 0.028269 0.158156
vt 0.080294 0.080294
vt 0.158156 0.028269
vt 0.250000 0.010000
vt 0.341844 0.028269
vt 0.419706 0.080294
vt 0.471731 0.158156
vt 0.490000 0.250000
vt 0.471731 0.341844
vt 0.998142 0.995421
vt 0.935794 0.995293
vt 0.992749 0.998372
vt 0.930844 0.998137
vt 0.992749 1.000000
vt 0.930844 1.000000
vt 0.998142 1.000000
vt 0.935794 1.000000
vt 0.873713 0.995156
vt 0.869980 0.997683
vt 0.869980 1.000000
vt 0.873713 1.000000
vt 0.811813 0.995042
vt 0.809819 0.997241
vt 0.809819 1.000000
vt 0.811813 1.000000
vt 0.750000 0.994996
vt 0.750000 0.997059
vt 0.688187 0.995042
vt 0.690181 0.997241
vt 0.690181 1.000000
vt 0.688187 1.000000
vt 0.626287 0.995156
vt 0.630020 0.997683
vt 0.630020 1.000000
vt 0.626287 1.000000
vt 0.564206 0.995293
vt 0.569156 0.998137
vt 0.569156 1.000000
vt 0.564206 1.000000
vt 0.501858 0.995416
vt 0.507251 0.998351
vt 0.507251 1.000000
vt 0.501858 1.000000
vt 0.439206 0.995502
vt 0.444156 0.998228
vt 0.444156 1.000000
vt 0.439206 1.000000
vt 0.376287 0.995545
vt 0.380020 0.997877
vt 0.380020 1.000000
vt 0.376287 1.000000
vt 0.313187 0.995554
vt 0.315181 0.997529
vt 0.315181 1.000000
vt 0.313187 1.000000
vt 0.250000 0.995552
vt 0.250000 0.997386
vt 0.186813 0.995554
vt 0.184819 0.997529
vt 0.184819 1.000000
vt 0.186813 1.000000
vt 0.123713 0.995545
vt 0.119980 0.997877
vt 0.119980 1.000000
vt 0.123713 1.000000
vt 0.060794 0.995502
vt 0.055844 0.998228
vt 0.055844 1.000000
vt 0.060794 1.000000
vt -0.001858 0.995412
vt -0.007251 0.998330
vt -0.007251 1.000000
vt -0.001858 1.000000
vt 0.439205 1.000000
vt 0.060795 1.000000
vt 0.849864 0.531250
vt 0.871858 0.531250
vt 0.871858 0.718750
vt 0.849864 0.718750
vt 0.386449 0.031250
vt 0.610000 0.031250
vt 0.610000 0.218750
vt 0.386449 0.218750
vt 0.610000 0.753125
vt 0.623125 0.753125
vt 0.623125 0.775000
vt 0.611875 0.771875
vt 0.623125 0.031250
vt 0.623125 0.218750
vt 0.628125 0.531250
vt 0.650000 0.531250
vt 0.650000 0.718750
vt 0.628125 0.718750
vt 0.376431 0.253142
vt 0.386449 0.253142
vt 0.385018 0.271994
vt 0.376431 0.275136
vt 0.610000 0.253142
vt 0.611552 0.271994
vt 0.384896 0.271994
vt 0.384896 0.478125
vt 0.611552 0.478125
vt 0.610000 0.496875
vt 0.386449 0.496875
vt 0.386449 0.753125
vt 0.611552 0.771875
vt 0.384896 0.771875
vt 0.384896 0.978006
vt 0.611552 0.978007
vt 0.610000 0.996858
vt 0.386449 0.996858
vt 0.386449 0.886211
vt 0.386449 0.738688
vt 0.386449 0.511312
vt 0.386449 0.363789
vt 0.385018 0.272013
vt 0.385018 0.478123
vt 0.376431 0.475000
vt 0.610000 0.531250
vt 0.623125 0.531250
vt 0.623125 0.718750
vt 0.610000 0.718750
vt 0.385018 0.478125
vt 0.376431 0.496875
vt 0.376431 0.775000
vt 0.385018 0.771877
vt 0.385018 0.977987
vt 0.376431 0.974864
vt 0.376431 0.531250
vt 0.386449 0.531250
vt 0.386449 0.718750
vt 0.376431 0.718750
vt 0.385018 0.978006
vt 0.376431 0.996858
vt 0.376431 0.031250
vt 0.376431 0.218750
vt 0.611875 0.272013
vt 0.623125 0.275136
vt 0.623125 0.475000
vt 0.611875 0.478123
vt 0.610000 0.738688
vt 0.610000 0.886211
vt 0.610000 0.363789
vt 0.610000 0.511312
vt 0.611875 0.771877
vt 0.623125 0.974864
vt 0.611875 0.977987
vt 0.623125 0.253142
vt 0.611875 0.271994
vt 0.350000 0.531250
vt 0.371875 0.531250
vt 0.371875 0.718750
vt 0.350000 0.718750
vt 0.150136 0.531250
vt 0.150136 0.718750
vt 0.128142 0.531250
vt 0.128142 0.718750
vt 0.611875 0.478125
vt 0.623125 0.496875
vt 0.376431 0.753125
vt 0.385018 0.771875
vt 0.611875 0.978006
vt 0.623125 0.996858
vt 0.608448 0.887398
vt 0.388001 0.887398
vt 0.388001 0.362602
vt 0.608448 0.362602
vt 0.388001 0.737500
vt 0.608448 0.737500
vt 0.608448 0.512500
vt 0.388001 0.512500
vt 0.611552 0.978006
vt 0.386449 0.887156
vt 0.386449 0.737743
vt 0.386449 0.512257
vt 0.386449 0.362844
vt 0.385018 0.274460
vt 0.385018 0.475675
vt 0.385018 0.774325
vt 0.385018 0.975540
vt 0.611875 0.274460
vt 0.611875 0.475675
vt 0.610000 0.737743
vt 0.610000 0.887156
vt 0.610000 0.362844
vt 0.610000 0.512257
vt 0.611875 0.774325
vt 0.611875 0.975540
vt 0.375883 0.031250
vt 0.375870 0.018991
vt 0.376431 0.019291
vt 0.375000 0.031250
vt 0.375000 0.019613
vt 0.375898 0.000000
vt 0.376431 0.000000
vt 0.375000 0.013207
vt 0.128142 0.730709
vt 0.126909 0.731009
vt 0.126940 0.718750
vt 0.128142 0.750000
vt 0.126972 0.750000
vt 0.125000 0.730387
vt 0.125000 0.718750
vt 0.126328 0.750000
vt 0.376431 0.998060
vt 0.375870 0.998091
vt 0.375883 0.996858
vt 0.376431 1.000000
vt 0.375898 1.000000
vt 0.375000 0.998028
vt 0.375000 0.996858
vt 0.375605 1.000000
vt 0.623843 0.996858
vt 0.623860 0.998091
vt 0.623125 0.998060
vt 0.625000 0.996858
vt 0.625000 0.998028
vt 0.623823 1.000000
vt 0.623125 1.000000
vt 0.625000 0.998672
vt 0.873060 0.718750
vt 0.873091 0.731009
vt 0.871858 0.730709
vt 0.875000 0.718750
vt 0.875000 0.730387
vt 0.873028 0.750000
vt 0.871858 0.750000
vt 0.875000 0.736792
vt 0.623125 0.019291
vt 0.623861 0.018992
vt 0.623842 0.031250
vt 0.623125 0.000000
vt 0.623823 0.000000
vt 0.625000 0.019613
vt 0.625000 0.031250
vt 0.624208 0.000000
vt 0.126940 0.531250
vt 0.126909 0.518992
vt 0.128142 0.519291
vt 0.125000 0.531250
vt 0.125000 0.519613
vt 0.126972 0.500000
vt 0.128142 0.500000
vt 0.125000 0.513208
vt 0.376431 0.230709
vt 0.375870 0.231008
vt 0.375883 0.218750
vt 0.376431 0.250000
vt 0.375898 0.250000
vt 0.375000 0.230387
vt 0.375000 0.218750
vt 0.375605 0.250000
vt 0.375883 0.253142
vt 0.375870 0.251909
vt 0.376431 0.251940
vt 0.375000 0.253142
vt 0.375000 0.251972
vt 0.375000 0.251328
vt 0.871858 0.519291
vt 0.873091 0.518991
vt 0.873061 0.531250
vt 0.871858 0.500000
vt 0.873028 0.500000
vt 0.875000 0.519613
vt 0.875000 0.531250
vt 0.873672 0.500000
vt 0.623125 0.251940
vt 0.623860 0.251909
vt 0.623843 0.253142
vt 0.623125 0.250000
vt 0.623823 0.250000
vt 0.625000 0.251972
vt 0.625000 0.253142
vt 0.624208 0.250000
vt 0.623843 0.218750
vt 0.623861 0.231009
vt 0.623125 0.230709
vt 0.625000 0.218750
vt 0.625000 0.230387
vt 0.625000 0.236793
vt 0.373071 0.718750
vt 0.373101 0.731009
vt 0.371875 0.730709
vt 0.375000 0.718750
vt 0.375000 0.730387
vt 0.373039 0.750000
vt 0.371875 0.750000
vt 0.375202 0.746038
vt 0.376431 0.730709
vt 0.375870 0.731009
vt 0.375883 0.718750
vt 0.376431 0.750000
vt 0.375898 0.750000
vt 0.375883 0.753125
vt 0.375870 0.751899
vt 0.376431 0.751929
vt 0.375000 0.753125
vt 0.375000 0.751961
vt 0.628125 0.730709
vt 0.626899 0.731008
vt 0.626929 0.718750
vt 0.628125 0.750000
vt 0.626961 0.750000
vt 0.625000 0.730387
vt 0.625000 0.718750
vt 0.625176 0.745597
vt 0.623125 0.751929
vt 0.623861 0.751899
vt 0.623843 0.753125
vt 0.623125 0.750000
vt 0.623823 0.750000
vt 0.625000 0.751961
vt 0.625000 0.753125
vt 0.623842 0.718750
vt 0.623860 0.731008
vt 0.623125 0.730709
vt 0.376431 0.498071
vt 0.375870 0.498101
vt 0.375883 0.496875
vt 0.376431 0.500000
vt 0.375898 0.500000
vt 0.375000 0.498039
vt 0.375000 0.496875
vt 0.374761 0.504403
vt 0.375883 0.531250
vt 0.375870 0.518991
vt 0.376431 0.519291
vt 0.375000 0.531250
vt 0.375000 0.519613
vt 0.371875 0.519291
vt 0.373101 0.518992
vt 0.373071 0.531250
vt 0.371875 0.500000
vt 0.373039 0.500000
vt 0.623842 0.496875
vt 0.623860 0.498101
vt 0.623125 0.498071
vt 0.625000 0.496875
vt 0.625000 0.498039
vt 0.623823 0.500000
vt 0.623125 0.500000
vt 0.624736 0.503962
vt 0.626929 0.531250
vt 0.626899 0.518991
vt 0.628125 0.519291
vt 0.625000 0.531250
vt 0.625000 0.519613
vt 0.626961 0.500000
vt 0.628125 0.500000
vt 0.623125 0.519291
vt 0.623860 0.518991
vt 0.623843 0.531250
vt 0.610000 0.738032
vt 0.610000 0.751584
vt 0.610000 0.752488
vt 0.610000 0.737500
vt 0.610000 0.750991
vt 0.610000 0.775000
vt 0.610000 0.769689
vt 0.609160 0.751851
vt 0.609525 0.751345
vt 0.609042 0.737500
vt 0.611158 0.773310
vt 0.610574 0.774045
vt 0.611015 0.773072
vt 0.610000 0.497512
vt 0.610000 0.498416
vt 0.610000 0.511969
vt 0.610000 0.475000
vt 0.610000 0.499009
vt 0.610000 0.512500
vt 0.610000 0.480311
vt 0.610840 0.476929
vt 0.610475 0.475956
vt 0.610958 0.476691
vt 0.609042 0.512500
vt 0.609525 0.498655
vt 0.609160 0.498149
vt 0.610000 0.920233
vt 0.610000 0.919451
vt 0.610000 0.886867
vt 0.610000 0.974864
vt 0.610000 0.918865
vt 0.610000 0.887398
vt 0.610000 0.962476
vt 0.610840 0.976804
vt 0.610475 0.975826
vt 0.610958 0.976565
vt 0.609042 0.887398
vt 0.609525 0.919690
vt 0.609160 0.920870
vt 0.610000 0.363133
vt 0.610000 0.330548
vt 0.610000 0.329767
vt 0.610000 0.362602
vt 0.610000 0.331135
vt 0.610000 0.275136
vt 0.610000 0.287524
vt 0.609160 0.329130
vt 0.609525 0.330309
vt 0.609042 0.362602
vt 0.611158 0.273445
vt 0.610574 0.274180
vt 0.611015 0.273208
vt 0.387289 0.498149
vt 0.386924 0.498654
vt 0.387407 0.512500
vt 0.386449 0.475000
vt 0.386449 0.499008
vt 0.386449 0.512500
vt 0.386449 0.480311
vt 0.385565 0.476690
vt 0.386011 0.475955
vt 0.385674 0.476928
vt 0.386449 0.511969
vt 0.386449 0.498416
vt 0.386449 0.497512
vt 0.387407 0.737500
vt 0.386924 0.751345
vt 0.387289 0.751851
vt 0.386449 0.737500
vt 0.386449 0.750991
vt 0.386449 0.775000
vt 0.386449 0.769689
vt 0.386449 0.752488
vt 0.386449 0.751584
vt 0.386449 0.738031
vt 0.385609 0.773071
vt 0.385974 0.774044
vt 0.385490 0.773309
vt 0.387407 0.362602
vt 0.386924 0.330310
vt 0.387289 0.329130
vt 0.386449 0.362602
vt 0.386449 0.331134
vt 0.386449 0.275136
vt 0.386449 0.287524
vt 0.386449 0.329767
vt 0.386449 0.330547
vt 0.386449 0.363133
vt 0.385609 0.273196
vt 0.385974 0.274174
vt 0.385490 0.273435
vt 0.387289 0.920870
vt 0.386924 0.919691
vt 0.387407 0.887398
vt 0.386449 0.974864
vt 0.386449 0.918865
vt 0.386449 0.887398
vt 0.386449 0.962476
vt 0.385565 0.976555
vt 0.386011 0.975820
vt 0.385674 0.976792
vt 0.386449 0.886867
vt 0.386449 0.919452
vt 0.386449 0.920233
vt 0.375870 0.018992
vt 0.375000 0.019614
vt 0.375000 0.013208
vt 0.126909 0.731008
vt 0.125000 0.730386
vt 0.623861 0.998090
vt 0.873090 0.731008
vt 0.875000 0.730386
vt 0.623843 0.031250
vt 0.625000 0.019614
vt 0.126909 0.518991
vt 0.375870 0.231009
vt 0.873060 0.531250
vt 0.623861 0.251909
vt 0.625000 0.236792
vt 0.375000 0.730386
vt 0.375870 0.731008
vt 0.626899 0.731009
vt 0.625000 0.730386
vt 0.623860 0.751899
vt 0.623842 0.753125
vt 0.623843 0.718750
vt 0.373101 0.518991
vt 0.623843 0.496875
vt 0.610000 0.737604
vt 0.610000 0.751390
vt 0.610000 0.751979
vt 0.611157 0.774635
vt 0.610574 0.774793
vt 0.611015 0.774583
vt 0.610000 0.498021
vt 0.610000 0.498610
vt 0.610000 0.512396
vt 0.610000 0.499008
vt 0.610000 0.920742
vt 0.610000 0.919646
vt 0.610000 0.887294
vt 0.610000 0.918866
vt 0.610000 0.962477
vt 0.609525 0.919691
vt 0.610000 0.362706
vt 0.610000 0.330354
vt 0.610000 0.329258
vt 0.610000 0.331134
vt 0.611157 0.274770
vt 0.610574 0.274929
vt 0.611015 0.274719
vt 0.386924 0.498655
vt 0.385565 0.475365
vt 0.386011 0.475207
vt 0.385674 0.475417
vt 0.386449 0.512396
vt 0.386449 0.498610
vt 0.386449 0.498021
vt 0.386449 0.751979
vt 0.386449 0.751390
vt 0.386449 0.737604
vt 0.386924 0.330309
vt 0.386449 0.329258
vt 0.386449 0.330354
vt 0.386449 0.362706
vt 0.386449 0.918866
vt 0.385565 0.975230
vt 0.386011 0.975071
vt 0.385674 0.975281
vt 0.386449 0.887294
vt 0.386449 0.919646
vt 0.386449 0.920742
vt 0.623861 0.998091
vt 0.623842 0.996858
vt 0.873091 0.731008
vt 0.623860 0.018992
vt 0.873091 0.518992
vt 0.875000 0.519614
vt 0.623842 0.253142
vt 0.623860 0.231008
vt 0.625000 0.230386
vt 0.626899 0.518992
vt 0.625000 0.519614
vt 0.623860 0.518992
vt 0.610000 0.750992
vt 0.610000 0.919452
vt 0.609525 0.330310
vt 0.610000 0.998060
vt 0.610000 1.000000
vt 0.610000 0.000000
vt 0.610000 0.019291
vt 0.386449 0.251940
vt 0.386449 0.250000
vt 0.386449 0.230709
vt 0.150136 0.519291
vt 0.150136 0.500000
vt 0.375000 0.275136
vt 0.375883 0.275136
vt 0.650000 0.519291
vt 0.650000 0.500000
vt 0.625000 0.475000
vt 0.623843 0.475000
vt 0.386449 0.519291
vt 0.386449 0.500000
vt 0.386449 0.498071
vt 0.386449 0.751929
vt 0.386449 0.750000
vt 0.386449 0.730709
vt 0.350000 0.730709
vt 0.350000 0.750000
vt 0.375000 0.775000
vt 0.375883 0.775000
vt 0.849864 0.730709
vt 0.849864 0.750000
vt 0.625000 0.974864
vt 0.623843 0.974864
vt 0.386449 0.998060
vt 0.386449 1.000000
vt 0.386449 0.000000
vt 0.386449 0.019291
vt 0.610000 0.251940
vt 0.610000 0.250000
vt 0.610000 0.230709
vt 0.610000 0.519291
vt 0.610000 0.500000
vt 0.610000 0.498071
vt 0.610000 0.751929
vt 0.610000 0.750000
vt 0.610000 0.730709
vt 0.350000 0.519291
vt 0.350000 0.500000
vt 0.375000 0.475000
vt 0.375883 0.475000
vt 0.849864 0.519291
vt 0.849864 0.500000
vt 0.625000 0.275136
vt 0.623843 0.275136
vt 0.150136 0.730709
vt 0.150136 0.750000
vt 0.375000 0.974864
vt 0.375883 0.974864
vt 0.650000 0.730709
vt 0.650000 0.750000
vt 0.625000 0.775000
vt 0.623843 0.775000
vt 0.611157 0.476690
vt 0.611157 0.976555
vt 0.385609 0.476929
vt 0.610840 0.773071
vt 0.610840 0.273196
vt 0.385609 0.976804
vt 0.385565 0.773310
vt 0.385565 0.273445
vt 0.611157 0.475365
vt 0.611157 0.975230
vt 0.385565 0.774635
vt 0.385565 0.274770
vt 0.000000 0.000000
s 0
usemtl Goal
f 16/1/1 124/2/2 33/3/3
f 16/1/4 33/3/5 1/4/6
f 45/5/7 39/6/8 130/6/9
f 45/5/10 130/6/11 142/5/12
f 51/7/13 45/5/14 142/5/15
f 51/7/16 142/5/17 148/7/18
f 57/8/19 51/7/20 148/7/21
f 57/8/22 148/7/23 154/8/24
f 63/9/25 57/8/26 154/8/27
f 63/9/28 154/8/29 160/9/30
f 69/10/31 63/9/32 160/9/33
f 69/10/34 160/9/35 166/10/36
f 75/11/37 69/10/38 166/10/39
f 75/11/40 166/10/41 172/11/42
f 81/12/43 75/11/44 172/11/45
f 81/12/46 172/11/47 178/12/48
f 87/13/49 81/12/50 178/12/51
f 87/13/52 178/12/53 184/13/54
f 93/14/55 87/13/56 184/13/57
f 93/14/58 184/13/59 190/14/60
f 99/15/61 93/14/62 190/14/63
f 99/15/64 190/14/65 196/15/66
f 105/16/67 99/15/68 196/15/69
f 105/16/70 196/15/71 202/16/72
f 111/17/73 105/16/74 202/16/75
f 111/17/76 202/16/77 208/17/78
f 117/18/79 111/17/80 208/17/81
f 117/18/82 208/17/83 214/18/84
f 9/19/85 82/20/86 88/21/87
f 9/19/88 88/21/89 10/22/90
f 123/23/91 117/18/92 214/18/93
f 123/23/94 214/18/95 220/23/96
f 34/24/97 123/23/98 220/23/99
f 34/24/100 220/23/101 135/24/102
f 16/25/103 1/26/103 2/27/103
f 2/27/103 3/28/103 4/29/103
f 4/29/103 5/30/103 6/31/103
f 6/31/103 7/32/103 8/33/103
f 8/33/103 9/34/103 10/35/103
f 10/35/103 11/36/103 12/37/103
f 12/37/103 13/38/103 14/39/103
f 14/39/103 15/40/103 16/25/103
f 16/25/103 2/27/103 4/29/103
f 4/29/103 6/31/103 8/33/103
f 8/33/103 10/35/103 12/37/103
f 12/37/103 14/39/103 16/25/103
f 16/25/103 4/29/103 8/33/103
f 8/33/103 12/37/103 16/25/103
f 141/5/104 129/6/105 17/6/106
f 141/5/107 17/6/108 19/5/109
f 1/41/110 33/42/111 40/43/112
f 1/41/110 40/43/113 2/44/114
f 14/45/115 112/46/116 118/47/117
f 14/45/118 118/47/119 15/48/120
f 7/49/121 70/50/122 76/51/123
f 7/49/124 76/51/125 8/52/126
f 12/53/127 100/54/128 106/55/129
f 12/53/130 106/55/131 13/56/132
f 2/44/133 40/43/134 46/57/135
f 2/44/136 46/57/137 3/58/138
f 5/59/139 58/60/140 64/61/141
f 5/59/142 64/61/143 6/62/144
f 10/22/145 88/21/146 94/63/147
f 10/22/148 94/63/149 11/64/150
f 15/48/151 118/47/152 124/2/153
f 15/48/154 124/2/155 16/1/156
f 3/58/157 46/57/158 52/65/159
f 3/58/160 52/65/161 4/66/162
f 8/52/163 76/51/164 82/20/165
f 8/52/166 82/20/167 9/19/168
f 13/56/169 106/55/170 112/46/171
f 13/56/172 112/46/173 14/45/174
f 6/62/175 64/61/176 70/50/177
f 6/62/178 70/50/179 7/49/180
f 11/64/181 94/63/182 100/54/183
f 11/64/184 100/54/185 12/53/186
f 129/6/187 136/67/188 18/67/6
f 129/6/189 18/67/6 17/6/190
f 4/66/191 52/65/192 58/60/193
f 4/66/194 58/60/195 5/59/196
f 19/68/103 17/69/103 18/70/103
f 18/70/103 32/71/103 31/72/103
f 31/72/103 30/73/103 29/74/103
f 29/74/103 28/75/103 27/76/103
f 27/76/103 26/77/103 25/78/103
f 25/78/103 24/79/103 23/80/103
f 23/80/103 22/81/103 21/82/103
f 21/82/103 20/83/103 19/68/103
f 19/68/103 18/70/103 31/72/103
f 31/72/103 29/74/103 27/76/103
f 27/76/103 25/78/103 23/80/103
f 23/80/103 21/82/103 19/68/103
f 19/68/103 31/72/103 27/76/103
f 27/76/103 23/80/103 19/68/103
f 147/7/197 141/5/198 19/5/199
f 147/7/200 19/5/201 20/7/202
f 189/14/203 183/13/204 26/13/205
f 189/14/206 26/13/207 27/14/208
f 136/24/209 219/23/210 32/23/211
f 136/24/212 32/23/213 18/24/110
f 195/15/214 189/14/215 27/14/216
f 195/15/217 27/14/218 28/15/219
f 153/8/220 147/7/221 20/7/222
f 153/8/223 20/7/224 21/8/225
f 201/16/226 195/15/227 28/15/228
f 201/16/229 28/15/230 29/16/231
f 159/9/232 153/8/233 21/8/234
f 159/9/235 21/8/236 22/9/237
f 207/17/238 201/16/239 29/16/240
f 207/17/241 29/16/242 30/17/243
f 165/10/244 159/9/245 22/9/246
f 165/10/247 22/9/248 23/10/249
f 213/18/250 207/17/251 30/17/252
f 213/18/253 30/17/254 31/18/255
f 171/11/256 165/10/257 23/10/258
f 171/11/259 23/10/260 24/11/261
f 219/23/262 213/18/263 31/18/264
f 219/23/265 31/18/266 32/23/267
f 177/12/268 171/11/269 24/11/270
f 177/12/271 24/11/272 25/12/273
f 183/13/274 177/12/275 25/12/276
f 183/13/277 25/12/278 26/13/279
f 40/43/280 33/42/281 35/84/282
f 40/43/283 35/84/284 44/85/285
f 44/85/286 35/84/287 36/86/288
f 44/85/289 36/86/290 43/87/291
f 43/87/292 36/86/293 37/88/294
f 43/87/295 37/88/296 42/89/297
f 42/89/298 37/88/299 38/90/300
f 42/89/301 38/90/302 41/91/303
f 41/91/304 38/90/305 34/67/306
f 41/91/307 34/67/308 39/6/309
f 46/57/310 40/43/311 44/85/312
f 46/57/313 44/85/314 50/92/315
f 50/92/316 44/85/317 43/87/318
f 50/92/319 43/87/320 49/93/321
f 49/93/322 43/87/323 42/89/324
f 49/93/325 42/89/326 48/94/327
f 48/94/328 42/89/329 41/91/330
f 48/94/331 41/91/332 47/95/333
f 47/95/334 41/91/335 39/6/336
f 47/95/337 39/6/338 45/5/339
f 52/65/340 46/57/341 50/92/342
f 52/65/343 50/92/344 56/96/345
f 56/96/346 50/92/347 49/93/348
f 56/96/349 49/93/350 55/97/351
f 55/97/352 49/93/353 48/94/354
f 55/97/355 48/94/356 54/98/357
f 54/98/358 48/94/359 47/95/360
f 54/98/361 47/95/362 53/99/363
f 53/99/364 47/95/365 45/5/366
f 53/99/367 45/5/368 51/7/369
f 58/60/370 52/65/371 56/96/372
f 58/60/373 56/96/374 62/100/375
f 62/100/376 56/96/377 55/97/378
f 62/100/379 55/97/380 61/101/381
f 61/101/382 55/97/383 54/98/384
f 61/101/385 54/98/386 60/8/387
f 60/8/388 54/98/389 53/99/390
f 60/8/391 53/99/392 59/8/393
f 59/8/394 53/99/395 51/7/396
f 59/8/397 51/7/398 57/8/399
f 64/61/400 58/60/401 62/100/402
f 64/61/403 62/100/404 68/102/405
f 68/102/406 62/100/407 61/101/408
f 68/102/409 61/101/410 67/103/411
f 67/103/412 61/101/413 60/8/414
f 67/103/415 60/8/416 66/104/417
f 66/104/418 60/8/419 59/8/420
f 66/104/421 59/8/422 65/105/423
f 65/105/424 59/8/425 57/8/426
f 65/105/427 57/8/428 63/9/429
f 70/50/430 64/61/431 68/102/432
f 70/50/433 68/102/434 74/106/435
f 74/106/436 68/102/437 67/103/438
f 74/106/439 67/103/440 73/107/441
f 73/107/442 67/103/443 66/104/444
f 73/107/445 66/104/446 72/108/447
f 72/108/448 66/104/449 65/105/450
f 72/108/451 65/105/452 71/109/453
f 71/109/454 65/105/455 63/9/456
f 71/109/457 63/9/458 69/10/459
f 76/51/460 70/50/461 74/106/462
f 76/51/463 74/106/464 80/110/465
f 80/110/466 74/106/467 73/107/468
f 80/110/469 73/107/470 79/111/471
f 79/111/472 73/107/473 72/108/474
f 79/111/475 72/108/476 78/112/477
f 78/112/478 72/108/479 71/109/480
f 78/112/481 71/109/482 77/113/483
f 77/113/484 71/109/485 69/10/486
f 77/113/487 69/10/488 75/11/489
f 82/20/490 76/51/491 80/110/492
f 82/20/493 80/110/494 86/114/495
f 86/114/496 80/110/497 79/111/498
f 86/114/499 79/111/500 85/115/501
f 85/115/502 79/111/503 78/112/504
f 85/115/505 78/112/506 84/116/507
f 84/116/508 78/112/509 77/113/510
f 84/116/511 77/113/512 83/117/513
f 83/117/514 77/113/515 75/11/516
f 83/117/517 75/11/518 81/12/519
f 88/21/520 82/20/521 86/114/522
f 88/21/523 86/114/524 92/118/525
f 92/118/526 86/114/527 85/115/528
f 92/118/529 85/115/530 91/119/531
f 91/119/532 85/115/533 84/116/534
f 91/119/535 84/116/536 90/120/537
f 90/120/538 84/116/539 83/117/540
f 90/120/541 83/117/542 89/121/543
f 89/121/544 83/117/545 81/12/546
f 89/121/547 81/12/548 87/13/549
f 94/63/550 88/21/551 92/118/552
f 94/63/553 92/118/554 98/122/555
f 98/122/556 92/118/557 91/119/558
f 98/122/559 91/119/560 97/123/561
f 97/123/562 91/119/563 90/120/564
f 97/123/565 90/120/566 96/124/567
f 96/124/568 90/120/569 89/121/570
f 96/124/571 89/121/572 95/125/573
f 95/125/574 89/121/575 87/13/576
f 95/125/577 87/13/578 93/14/579
f 100/54/580 94/63/581 98/122/582
f 100/54/583 98/122/584 104/126/585
f 104/126/586 98/122/587 97/123/588
f 104/126/589 97/123/590 103/127/591
f 103/127/592 97/123/593 96/124/594
f 103/127/595 96/124/596 102/128/597
f 102/128/598 96/124/599 95/125/600
f 102/128/601 95/125/602 101/129/603
f 101/129/604 95/125/605 93/14/606
f 101/129/607 93/14/608 99/15/609
f 106/55/610 100/54/611 104/126/612
f 106/55/613 104/126/614 110/130/615
f 110/130/616 104/126/617 103/127/618
f 110/130/619 103/127/620 109/131/621
f 109/131/622 103/127/623 102/128/624
f 109/131/625 102/128/626 108/16/627
f 108/16/628 102/128/629 101/129/630
f 108/16/631 101/129/632 107/16/633
f 107/16/634 101/129/635 99/15/636
f 107/16/637 99/15/638 105/16/639
f 112/46/640 106/55/641 110/130/642
f 112/46/643 110/130/644 116/132/645
f 116/132/646 110/130/647 109/131/648
f 116/132/649 109/131/650 115/133/651
f 115/133/652 109/131/653 108/16/654
f 115/133/655 108/16/656 114/134/657
f 114/134/658 108/16/659 107/16/660
f 114/134/661 107/16/662 113/135/663
f 113/135/664 107/16/665 105/16/666
f 113/135/667 105/16/668 111/17/669
f 118/47/670 112/46/671 116/132/672
f 118/47/673 116/132/674 122/136/675
f 122/136/676 116/132/677 115/133/678
f 122/136/679 115/133/680 121/137/681
f 121/137/682 115/133/683 114/134/684
f 121/137/685 114/134/686 120/138/687
f 120/138/688 114/134/689 113/135/690
f 120/138/691 113/135/692 119/139/693
f 119/139/694 113/135/695 111/17/696
f 119/139/697 111/17/698 117/18/699
f 124/2/700 118/47/701 122/136/702
f 124/2/703 122/136/704 128/140/705
f 128/140/706 122/136/707 121/137/708
f 128/140/709 121/137/710 127/141/711
f 127/141/712 121/137/713 120/138/714
f 127/141/715 120/138/716 126/142/717
f 126/142/718 120/138/719 119/139/720
f 126/142/721 119/139/722 125/143/723
f 125/143/724 119/139/725 117/18/726
f 125/143/727 117/18/728 123/23/729
f 33/3/730 124/2/731 128/140/732
f 33/3/733 128/140/734 35/144/735
f 35/144/736 128/140/737 127/141/738
f 35/144/739 127/141/740 36/145/741
f 36/145/742 127/141/743 126/142/744
f 36/145/745 126/142/746 37/146/747
f 37/146/748 126/142/749 125/143/750
f 37/146/751 125/143/752 38/147/753
f 38/147/754 125/143/755 123/23/756
f 38/147/757 123/23/758 34/24/759
f 130/6/760 135/67/761 137/90/762
f 130/6/763 137/90/764 134/91/765
f 134/91/766 137/90/767 138/88/768
f 134/91/769 138/88/770 133/89/771
f 133/89/772 138/88/773 139/88/774
f 133/89/775 139/88/776 132/89/777
f 132/89/778 139/88/779 140/90/780
f 132/89/781 140/90/782 131/91/783
f 131/91/784 140/90/785 136/67/786
f 131/91/787 136/67/788 129/6/789
f 142/5/790 130/6/791 134/91/792
f 142/5/793 134/91/794 146/95/795
f 146/95/796 134/91/797 133/89/798
f 146/95/799 133/89/800 145/94/801
f 145/94/802 133/89/803 132/89/804
f 145/94/805 132/89/806 144/94/807
f 144/94/808 132/89/809 131/91/810
f 144/94/811 131/91/812 143/95/813
f 143/95/814 131/91/815 129/6/816
f 143/95/817 129/6/818 141/5/819
f 148/7/820 142/5/821 146/95/822
f 148/7/823 146/95/824 152/99/825
f 152/99/826 146/95/827 145/94/828
f 152/99/829 145/94/830 151/98/831
f 151/98/832 145/94/833 144/94/834
f 151/98/835 144/94/836 150/98/837
f 150/98/838 144/94/839 143/95/840
f 150/98/841 143/95/842 149/99/843
f 149/99/844 143/95/845 141/5/846
f 149/99/847 141/5/848 147/7/849
f 154/8/850 148/7/851 152/99/852
f 154/8/853 152/99/854 158/8/855
f 158/8/856 152/99/857 151/98/858
f 158/8/859 151/98/860 157/8/861
f 157/8/862 151/98/863 150/98/864
f 157/8/865 150/98/866 156/8/867
f 156/8/868 150/98/869 149/99/870
f 156/8/871 149/99/872 155/8/873
f 155/8/874 149/99/875 147/7/876
f 155/8/877 147/7/878 153/8/879
f 160/9/880 154/8/881 158/8/882
f 160/9/883 158/8/884 164/105/885
f 164/105/886 158/8/887 157/8/888
f 164/105/889 157/8/890 163/104/891
f 163/104/892 157/8/893 156/8/894
f 163/104/895 156/8/896 162/104/897
f 162/104/898 156/8/899 155/8/900
f 162/104/901 155/8/902 161/105/903
f 161/105/904 155/8/905 153/8/906
f 161/105/907 153/8/908 159/9/909
f 166/10/910 160/9/911 164/105/912
f 166/10/913 164/105/914 170/109/915
f 170/109/916 164/105/917 163/104/918
f 170/109/919 163/104/920 169/108/921
f 169/108/922 163/104/923 162/104/924
f 169/108/925 162/104/926 168/108/927
f 168/108/928 162/104/929 161/105/930
f 168/108/931 161/105/932 167/109/933
f 167/109/934 161/105/935 159/9/936
f 167/109/937 159/9/938 165/10/939
f 172/11/940 166/10/941 170/109/942
f 172/11/943 170/109/944 176/113/945
f 176/113/946 170/109/947 169/108/948
f 176/113/949 169/108/950 175/112/951
f 175/112/952 169/108/953 168/108/954
f 175/112/955 168/108/956 174/112/957
f 174/112/958 168/108/959 167/109/960
f 174/112/961 167/109/962 173/113/963
f 173/113/964 167/109/965 165/10/966
f 173/113/967 165/10/968 171/11/969
f 178/12/970 172/11/971 176/113/972
f 178/12/973 176/113/974 182/117/975
f 182/117/976 176/113/977 175/112/978
f 182/117/979 175/112/980 181/116/981
f 181/116/982 175/112/983 174/112/984
f 181/116/985 174/112/986 180/116/987
f 180/116/988 174/112/989 173/113/990
f 180/116/991 173/113/992 179/117/993
f 179/117/994 173/113/995 171/11/996
f 179/117/997 171/11/998 177/12/999
f 184/13/1000 178/12/1001 182/117/1002
f 184/13/1003 182/117/1004 188/148/1005
f 188/148/1006 182/117/1007 181/116/1008
f 188/148/1009 181/116/1010 187/120/1011
f 187/120/1012 181/116/1013 180/116/1014
f 187/120/1015 180/116/1016 186/120/1017
f 186/120/1018 180/116/1019 179/117/1020
f 186/120/1021 179/117/1022 185/121/1023
f 185/121/1024 179/117/1025 177/12/1026
f 185/121/1027 177/12/1028 183/13/1029
f 190/14/1030 184/13/1031 188/148/1032
f 190/14/1033 188/148/1034 194/125/1035
f 194/125/1036 188/148/1037 187/120/1038
f 194/125/1039 187/120/1040 193/124/1041
f 193/124/1042 187/120/1043 186/120/1044
f 193/124/1045 186/120/1046 192/124/1047
f 192/124/1048 186/120/1049 185/121/1050
f 192/124/1051 185/121/1052 191/125/1053
f 191/125/1054 185/121/1055 183/13/1056
f 191/125/1057 183/13/1058 189/14/1059
f 196/15/1060 190/14/1061 194/125/1062
f 196/15/1063 194/125/1064 200/129/1065
f 200/129/1066 194/125/1067 193/124/1068
f 200/129/1069 193/124/1070 199/128/1071
f 199/128/1072 193/124/1073 192/124/1074
f 199/128/1075 192/124/1076 198/128/1077
f 198/128/1078 192/124/1079 191/125/1080
f 198/128/1081 191/125/1082 197/129/1083
f 197/129/1084 191/125/1085 189/14/1086
f 197/129/1087 189/14/1088 195/15/1089
f 202/16/1090 196/15/1091 200/129/1092
f 202/16/1093 200/129/1094 206/16/1095
f 206/16/1096 200/129/1097 199/128/1098
f 206/16/1099 199/128/1100 205/16/1101
f 205/16/1102 199/128/1103 198/128/1104
f 205/16/1105 198/128/1106 204/16/1107
f 204/16/1108 198/128/1109 197/129/1110
f 204/16/1111 197/129/1112 203/16/1113
f 203/16/1114 197/129/1115 195/15/1116
f 203/16/1117 195/15/1118 201/16/1119
f 208/17/1120 202/16/1121 206/16/1122
f 208/17/1123 206/16/1124 212/135/1125
f 212/135/1126 206/16/1127 205/16/1128
f 212/135/1129 205/16/1130 211/134/1131
f 211/134/1132 205/16/1133 204/16/1134
f 211/134/1135 204/16/1136 210/134/1137
f 210/134/1138 204/16/1139 203/16/1140
f 210/134/1141 203/16/1142 209/135/1143
f 209/135/1144 203/16/1145 201/16/1146
f 209/135/1147 201/16/1148 207/17/1149
f 214/18/1150 208/17/1151 212/135/1152
f 214/18/1153 212/135/1154 218/139/1155
f 218/139/1156 212/135/1157 211/134/1158
f 218/139/1159 211/134/1160 217/138/1161
f 217/138/1162 211/134/1163 210/134/1164
f 217/138/1165 210/134/1166 216/138/1167
f 216/138/1168 210/134/1169 209/135/1170
f 216/138/1171 209/135/1172 215/139/1173
f 215/139/1174 209/135/1175 207/17/1176
f 215/139/1177 207/17/1178 213/18/1179
f 220/23/1180 214/18/1181 218/139/1182
f 220/23/1183 218/139/1184 224/149/1185
f 224/149/1186 218/139/1187 217/138/1188
f 224/149/1189 217/138/1190 223/142/1191
f 223/142/1192 217/138/1193 216/138/1194
f 223/142/1195 216/138/1196 222/142/1197
f 222/142/1198 216/138/1199 215/139/1200
f 222/142/1201 215/139/1202 221/143/1203
f 221/143/1204 215/139/1205 213/18/1206
f 221/143/1207 213/18/1208 219/23/1209
f 135/24/1210 220/23/1211 224/149/1212
f 135/24/1213 224/149/1214 137/147/1215
f 137/147/1216 224/149/1217 223/142/1218
f 137/147/1219 223/142/1220 138/146/1221
f 138/146/1222 223/142/1223 222/142/1224
f 138/146/1225 222/142/1226 139/146/1227
f 139/146/1228 222/142/1229 221/143/1230
f 139/146/1231 221/143/1232 140/147/1233
f 140/147/1234 221/143/1235 219/23/1236
f 140/147/1237 219/23/1238 136/24/1239
f 39/6/1240 34/67/1241 135/67/1242
f 39/6/1243 135/67/1244 130/6/1245
f 485/150/1246 282/151/1246 245/152/1246
f 485/150/1246 245/152/1246 461/153/1246
f 528/154/1247 377/155/1247 383/156/1247
f 528/154/1247 383/156/1247 513/157/1247
f 392/158/1248 321/159/1248 413/160/1248
f 392/158/1248 413/160/1248 419/161/1248
f 377/155/1247 246/162/1247 284/163/1247
f 377/155/1247 284/163/1247 383/156/1247
f 359/164/1246 403/165/1246 412/166/1246
f 359/164/1246 412/166/1246 320/167/1246
f 265/168/1249 514/169/1249 573/170/1249
f 265/168/1249 573/170/1249 455/171/1249
f 514/169/1249 382/172/1249 496/173/1249
f 514/169/1249 496/173/1249 573/174/1249
f 534/175/1249 437/176/1249 388/177/1249
f 534/175/1249 388/177/1249 518/178/1249
f 524/179/1248 392/158/1248 419/180/1248
f 524/179/1248 419/180/1248 554/181/1248
f 591/182/1248 466/183/1248 378/184/1248
f 591/182/1248 378/184/1248 529/185/1248
f 592/186/1246 553/187/1246 535/188/1246
f 592/186/1246 535/188/1246 572/189/1246
f 455/171/1249 573/190/1249 534/191/1249
f 455/171/1249 534/191/1249 398/192/1249
f 387/193/1250 360/194/1250 322/195/1250
f 387/193/1250 322/195/1250 393/196/1250
f 403/165/1246 485/150/1246 461/153/1246
f 403/165/1246 461/153/1246 412/166/1246
f 398/192/1249 534/197/1249 518/178/1249
f 398/192/1249 518/178/1249 339/198/1249
f 407/199/1248 554/200/1248 591/201/1248
f 407/199/1248 591/201/1248 489/202/1248
f 340/203/1250 519/204/1250 523/205/1250
f 340/203/1250 523/205/1250 302/206/1250
f 489/202/1248 591/207/1248 529/185/1248
f 489/202/1248 529/185/1248 227/208/1248
f 519/204/1250 387/193/1250 393/196/1250
f 519/204/1250 393/196/1250 523/205/1250
f 339/209/1248 518/154/1248 894/157/1248
f 339/209/1248 894/157/1248 646/210/1248
f 496/211/1249 484/212/1249 402/213/1249
f 496/211/1249 402/213/1249 437/214/1249
f 417/215/103 465/216/103 494/217/103
f 417/215/103 494/217/103 436/218/103
f 419/219/1248 413/160/1248 460/220/1248
f 419/219/1248 460/220/1248 466/221/1248
f 382/172/1249 283/222/1249 484/212/1249
f 382/172/1249 484/212/1249 496/223/1249
f 397/224/103 341/225/103 301/226/103
f 397/224/103 301/226/103 408/227/103
f 456/228/103 397/224/103 408/227/103
f 456/228/103 408/227/103 490/229/103
f 263/230/103 456/228/103 490/229/103
f 263/230/103 490/229/103 226/231/103
f 437/232/1249 402/213/1249 358/233/1249
f 437/232/1249 358/233/1249 388/177/1249
f 303/234/1248 524/179/1248 554/235/1248
f 303/234/1248 554/235/1248 407/199/1248
f 466/236/1248 460/220/1248 244/237/1248
f 466/236/1248 244/237/1248 378/184/1248
f 467/238/1250 590/239/1250 571/240/1250
f 467/238/1250 571/240/1250 495/241/1250
f 552/242/1247 418/243/1247 438/244/1247
f 552/242/1247 438/244/1247 533/245/1247
f 866/150/1246 664/151/1246 628/152/1246
f 866/150/1246 628/152/1246 842/153/1246
f 518/154/1248 388/155/1248 764/156/1248
f 518/154/1248 764/156/1248 894/157/1248
f 773/158/1250 703/159/1250 794/160/1250
f 773/158/1250 794/160/1250 800/161/1250
f 388/155/1248 358/162/1248 666/163/1248
f 388/155/1248 666/163/1248 764/156/1248
f 741/164/1246 784/165/1246 793/166/1246
f 741/164/1246 793/166/1246 702/167/1246
f 647/168/1247 895/169/1247 953/170/1247
f 647/168/1247 953/170/1247 836/171/1247
f 895/169/1247 763/172/1247 877/173/1247
f 895/169/1247 877/173/1247 953/174/1247
f 914/175/1247 818/176/1247 769/177/1247
f 914/175/1247 769/177/1247 899/178/1247
f 905/179/1250 773/158/1250 800/180/1250
f 905/179/1250 800/180/1250 934/181/1250
f 971/182/1250 847/246/1250 759/184/1250
f 971/182/1250 759/184/1250 909/185/1250
f 972/247/1246 933/248/1246 915/249/1246
f 972/247/1246 915/249/1246 952/250/1246
f 836/171/1247 953/251/1247 914/252/1247
f 836/171/1247 914/252/1247 779/192/1247
f 768/193/1249 742/194/1249 704/195/1249
f 768/193/1249 704/195/1249 774/196/1249
f 784/165/1246 866/150/1246 842/153/1246
f 784/165/1246 842/153/1246 793/166/1246
f 779/192/1247 914/197/1247 899/178/1247
f 779/192/1247 899/178/1247 721/198/1247
f 788/199/1250 934/253/1250 971/254/1250
f 788/199/1250 971/254/1250 870/202/1250
f 722/203/1249 900/204/1249 904/205/1249
f 722/203/1249 904/205/1249 684/206/1249
f 870/202/1250 971/207/1250 909/185/1250
f 870/202/1250 909/185/1250 610/208/1250
f 900/204/1249 768/193/1249 774/196/1249
f 900/204/1249 774/196/1249 904/205/1249
f 989/209/1247 1274/157/1247 1288/154/1247
f 989/209/1247 1028/210/1247 1274/157/1247
f 877/255/1247 865/212/1247 783/213/1247
f 877/255/1247 783/213/1247 818/256/1247
f 798/257/103 846/258/103 875/259/103
f 798/257/103 875/259/103 817/260/103
f 800/261/1250 794/160/1250 841/220/1250
f 800/261/1250 841/220/1250 847/262/1250
f 763/172/1247 665/222/1247 865/212/1247
f 763/172/1247 865/212/1247 877/223/1247
f 778/224/103 723/225/103 683/226/103
f 778/224/103 683/226/103 789/227/103
f 837/228/103 778/224/103 789/227/103
f 837/228/103 789/227/103 871/229/103
f 645/230/103 837/228/103 871/229/103
f 645/230/103 871/229/103 609/231/103
f 818/232/1247 783/213/1247 740/233/1247
f 818/232/1247 740/233/1247 769/177/1247
f 685/234/1250 905/179/1250 934/235/1250
f 685/234/1250 934/235/1250 788/199/1250
f 847/236/1250 841/220/1250 627/237/1250
f 847/236/1250 627/237/1250 759/184/1250
f 848/238/1249 970/239/1249 951/240/1249
f 848/238/1249 951/240/1249 876/241/1249
f 932/242/1248 799/243/1248 819/244/1248
f 932/242/1248 819/244/1248 913/245/1248
f 1246/150/1246 1009/152/1246 1046/151/1246
f 1246/150/1246 1222/153/1246 1009/152/1246
f 1288/154/1247 1145/156/1247 1139/155/1247
f 1288/154/1247 1274/157/1247 1145/156/1247
f 1153/158/1249 1174/160/1249 1085/159/1249
f 1153/158/1249 1180/161/1249 1174/160/1249
f 1139/155/1247 1048/163/1247 1010/162/1247
f 1139/155/1247 1145/156/1247 1048/163/1247
f 1121/164/1246 1173/166/1246 1164/165/1246
f 1121/164/1246 1084/167/1246 1173/166/1246
f 1029/168/1248 1333/170/1248 1275/169/1248
f 1029/168/1248 1216/171/1248 1333/170/1248
f 1275/169/1248 1257/173/1248 1144/172/1248
f 1275/169/1248 1333/174/1248 1257/173/1248
f 1294/175/1248 774/177/1248 1198/176/1248
f 1294/175/1248 904/178/1248 774/177/1248
f 1284/179/1249 1180/180/1249 1153/158/1249
f 1284/179/1249 1314/181/1249 1180/180/1249
f 1351/182/1249 1140/184/1249 1227/183/1249
f 1351/182/1249 1289/185/1249 1140/184/1249
f 1352/186/1246 1295/188/1246 1313/187/1246
f 1352/186/1246 1332/189/1246 1295/188/1246
f 1216/171/1248 1294/191/1248 1333/190/1248
f 1216/171/1248 1159/192/1248 1294/191/1248
f 1149/193/1250 1086/195/1250 1122/194/1250
f 1149/193/1250 1154/196/1250 1086/195/1250
f 1164/165/1246 1222/153/1246 1246/150/1246
f 1164/165/1246 1173/166/1246 1222/153/1246
f 1159/192/1248 904/178/1248 1294/197/1248
f 1159/192/1248 684/198/1248 904/178/1248
f 1168/199/1249 1351/201/1249 1314/200/1249
f 1168/199/1249 1250/202/1249 1351/201/1249
f 1103/203/1250 1283/205/1250 1279/204/1250
f 1103/203/1250 1066/206/1250 1283/205/1250
f 1250/202/1249 1289/185/1249 1351/207/1249
f 1250/202/1249 991/208/1249 1289/185/1249
f 1279/204/1250 1154/196/1250 1149/193/1250
f 1279/204/1250 1283/205/1250 1154/196/1250
f 1257/211/1248 1163/213/1248 1245/212/1248
f 1257/211/1248 1198/214/1248 1163/213/1248
f 1178/215/103 1255/217/103 1226/216/103
f 1178/215/103 1197/218/103 1255/217/103
f 1180/219/1249 1221/220/1249 1174/160/1249
f 1180/219/1249 1227/221/1249 1221/220/1249
f 1144/172/1248 1245/212/1248 1047/222/1248
f 1144/172/1248 1257/223/1248 1245/212/1248
f 1158/224/103 1065/226/103 1104/225/103
f 1158/224/103 1169/227/103 1065/226/103
f 1217/228/103 1169/227/103 1158/224/103
f 1217/228/103 1251/229/103 1169/227/103
f 1027/230/103 1251/229/103 1217/228/103
f 1027/230/103 990/231/103 1251/229/103
f 1198/232/1248 704/233/1248 1163/213/1248
f 1198/232/1248 774/177/1248 704/233/1248
f 1067/234/1249 1314/235/1249 1284/179/1249
f 1067/234/1249 1168/199/1249 1314/235/1249
f 1227/236/1249 1008/237/1249 1221/220/1249
f 1227/236/1249 1140/184/1249 1008/237/1249
f 1228/238/1250 1331/240/1250 1350/239/1250
f 1228/238/1250 1256/241/1250 1331/240/1250
f 1312/242/1247 1199/244/1247 1179/243/1247
f 1312/242/1247 1293/245/1247 1199/244/1247
f 225/209/1251 228/263/1252 231/264/1253
f 225/209/1254 231/264/1255 230/265/1256
f 228/263/1257 229/266/1258 232/267/1259
f 228/263/1260 232/267/1261 231/264/1262
f 230/265/1263 231/264/1264 243/268/1265
f 230/265/1266 243/268/1267 240/269/1268
f 231/264/1269 232/267/1270 233/270/1271
f 231/264/1272 233/270/1273 243/268/1274
f 226/231/1275 234/271/1276 237/272/1277
f 226/231/1278 237/272/1279 236/273/1280
f 234/271/1281 235/274/1282 238/275/1283
f 234/271/1284 238/275/1285 237/272/1286
f 236/273/1287 237/272/1288 232/276/1289
f 236/273/1290 232/276/1291 229/277/1292
f 237/272/1293 238/275/1294 233/278/1295
f 237/272/1296 233/278/1297 232/276/1298
f 227/208/1299 239/279/1300 242/280/1301
f 227/208/1302 242/280/1303 241/281/1304
f 239/279/1305 240/282/1306 243/283/1307
f 239/279/1308 243/283/1309 242/280/1310
f 241/281/1311 242/280/1312 238/284/1313
f 241/281/1314 238/284/1315 235/285/1316
f 242/280/1317 243/283/1318 233/286/1319
f 242/280/1320 233/286/1321 238/284/1322
f 244/237/1323 247/287/1324 250/288/1325
f 244/237/1326 250/288/1327 249/289/1328
f 247/287/1329 248/290/1330 251/291/1331
f 247/287/1332 251/291/1333 250/288/1334
f 249/289/1335 250/288/1336 262/292/1337
f 249/289/1338 262/292/1339 259/293/1340
f 250/288/1341 251/291/1342 252/294/1343
f 250/288/1344 252/294/1345 262/292/1346
f 245/152/1347 253/295/1348 256/296/1349
f 245/152/1350 256/296/1351 255/297/1352
f 253/295/1353 254/298/1354 257/299/1355
f 253/295/1356 257/299/1357 256/296/1358
f 255/297/1359 256/296/1360 251/300/1361
f 255/297/1362 251/300/1363 248/301/1364
f 256/296/1365 257/299/1366 252/302/1367
f 256/296/1368 252/302/1369 251/300/1370
f 246/162/1371 258/303/1372 261/304/1373
f 246/162/1374 261/304/1375 260/305/1376
f 258/303/1377 259/306/1378 262/307/1379
f 258/303/1380 262/307/1381 261/304/1382
f 260/305/1383 261/304/1384 257/308/1385
f 260/305/1386 257/308/1387 254/309/1388
f 261/304/1389 262/307/1390 252/310/1391
f 261/304/1392 252/310/1393 257/308/1394
f 263/230/1395 266/311/1396 269/312/1397
f 263/230/1395 269/312/1397 268/313/1398
f 266/311/1399 267/314/1400 270/315/1401
f 266/311/1399 270/315/1401 269/312/1402
f 268/313/1403 269/312/1404 281/316/1405
f 268/313/1403 281/316/1405 278/317/1406
f 269/312/1407 270/315/1408 271/318/1409
f 269/312/1410 271/318/1409 281/316/1411
f 264/210/1412 272/319/1413 275/320/1414
f 264/210/1412 275/320/1415 274/321/1416
f 272/319/1417 273/322/1418 276/323/1419
f 272/319/1417 276/323/1420 275/320/1421
f 274/321/1422 275/320/1423 270/324/1424
f 274/321/1422 270/324/1424 267/325/1425
f 275/320/1426 276/323/1427 271/326/1428
f 275/320/1426 271/326/1429 270/324/1430
f 265/168/1431 277/327/1432 280/328/1433
f 265/168/1431 280/328/1433 279/329/1434
f 277/327/1435 278/330/1436 281/331/1437
f 277/327/1438 281/331/1439 280/328/1440
f 279/329/1441 280/328/1442 276/323/1443
f 279/329/1444 276/323/1445 273/322/1446
f 280/328/1447 281/331/1448 271/332/1449
f 280/328/1450 271/332/1449 276/323/1451
f 282/151/1452 285/333/1453 288/334/1454
f 282/151/1455 288/334/1456 287/335/1457
f 285/333/1458 286/336/1459 289/337/1460
f 285/333/1461 289/337/1462 288/334/1463
f 287/335/1464 288/334/1465 300/338/1466
f 287/335/1467 300/338/1468 297/339/1469
f 288/334/1470 289/337/1471 290/340/1472
f 288/334/1473 290/340/1474 300/338/1475
f 283/222/1476 291/341/1477 294/342/1478
f 283/222/1479 294/342/1478 293/343/1480
f 291/341/1481 292/344/1482 295/345/1483
f 291/341/1484 295/345/1483 294/342/1485
f 293/343/1486 294/342/1487 289/346/1488
f 293/343/1489 289/346/1490 286/347/1491
f 294/342/1492 295/345/1493 290/348/1494
f 294/342/1495 290/348/1496 289/346/1497
f 284/163/1498 296/349/1499 299/350/1500
f 284/163/1498 299/350/1500 298/351/1501
f 296/349/1502 297/352/1503 300/353/1504
f 296/349/1505 300/353/1506 299/350/1507
f 298/351/1508 299/350/1509 295/345/1510
f 298/351/1508 295/345/1511 292/344/1512
f 299/350/1513 300/353/1514 290/354/1515
f 299/350/1516 290/354/1517 295/345/1518
f 301/226/1519 304/355/1520 307/356/1521
f 301/226/1522 307/356/1523 306/357/1524
f 304/355/1525 305/358/1526 308/359/1527
f 304/355/1528 308/359/1529 307/356/1530
f 306/357/1531 307/356/1532 319/360/1533
f 306/357/1534 319/360/1535 316/361/1536
f 307/356/1537 308/359/1538 309/362/1539
f 307/356/1540 309/362/1541 319/360/1542
f 302/206/1543 310/363/1544 313/364/1545
f 302/206/1546 313/364/1547 312/365/1548
f 310/363/1549 311/366/1550 314/367/1551
f 310/363/1552 314/367/1553 313/364/1554
f 312/365/1555 313/364/1556 308/359/1557
f 312/365/1558 308/359/1559 305/358/1560
f 313/364/1561 314/367/1562 309/362/1563
f 313/364/1564 309/362/1565 308/359/1566
f 303/234/1567 315/368/1568 318/369/1569
f 303/234/1570 318/369/1571 317/370/1572
f 315/368/1573 316/371/1574 319/372/1575
f 315/368/1576 319/372/1577 318/369/1578
f 317/370/1579 318/369/1580 314/367/1581
f 317/370/1582 314/367/1583 311/366/1584
f 318/369/1585 319/372/1586 309/362/1587
f 318/369/1588 309/362/1589 314/367/1590
f 320/167/1591 323/373/1592 326/374/1593
f 320/167/1594 326/374/1595 325/375/1596
f 323/373/1597 324/376/1598 327/377/1599
f 323/373/1600 327/377/1601 326/374/1602
f 325/375/1603 326/374/1604 338/378/1605
f 325/375/1606 338/378/1607 335/379/1608
f 326/374/1609 327/377/1610 328/380/1611
f 326/374/1612 328/380/1613 338/378/1614
f 321/159/1615 329/381/1616 332/382/1617
f 321/159/1618 332/382/1619 331/383/1620
f 329/381/1621 330/384/1622 333/385/1623
f 329/381/1624 333/385/1625 332/382/1626
f 331/383/1627 332/382/1628 327/386/1629
f 331/383/1630 327/386/1631 324/387/1632
f 332/382/1633 333/385/1634 328/380/1635
f 332/382/1636 328/380/1637 327/386/1638
f 322/195/1639 334/388/1640 337/389/1641
f 322/195/1642 337/389/1643 336/390/1644
f 334/388/1645 335/379/1646 338/378/1647
f 334/388/1648 338/378/1649 337/389/1650
f 336/390/1651 337/389/1652 333/385/1653
f 336/390/1654 333/385/1655 330/384/1656
f 337/389/1657 338/378/1658 328/380/1659
f 337/389/1660 328/380/1661 333/385/1662
f 339/198/1663 342/391/1664 345/392/1665
f 339/198/1666 345/392/1667 344/393/1668
f 342/391/1669 343/394/1670 346/395/1671
f 342/391/1672 346/395/1673 345/392/1674
f 344/393/1675 345/392/1676 357/396/1677
f 344/393/1678 357/396/1679 354/397/1680
f 345/392/1681 346/395/1682 347/398/1683
f 345/392/1684 347/398/1683 357/396/1685
f 340/203/1686 348/399/1687 351/400/1688
f 340/203/1689 351/400/1690 350/401/1691
f 348/399/1692 349/402/1693 352/403/1694
f 348/399/1695 352/403/1696 351/400/1697
f 350/401/1698 351/400/1699 346/395/1700
f 350/401/1698 346/395/1701 343/394/1702
f 351/400/1703 352/403/1704 347/398/1705
f 351/400/1706 347/398/1707 346/395/1708
f 341/225/1709 353/404/1710 356/405/1711
f 341/225/1709 356/405/1711 355/406/1712
f 353/404/1713 354/407/1714 357/408/1715
f 353/404/1716 357/408/1717 356/405/1718
f 355/406/1719 356/405/1720 352/403/1721
f 355/406/1722 352/403/1723 349/402/1724
f 356/405/1725 357/408/1726 347/398/1727
f 356/405/1728 347/398/1727 352/403/1729
f 358/233/1730 361/409/1731 364/410/1732
f 358/233/1730 364/410/1732 363/411/1733
f 361/409/1734 362/412/1735 365/413/1736
f 361/409/1734 365/413/1737 364/410/1738
f 363/411/1739 364/410/1740 376/414/1741
f 363/411/1742 376/414/1743 373/415/1744
f 364/410/1745 365/413/1746 366/416/1747
f 364/410/1748 366/416/1749 376/414/1750
f 359/164/1751 367/417/1752 370/418/1753
f 359/164/1754 370/418/1755 369/419/1756
f 367/417/1757 368/420/1758 371/421/1759
f 367/417/1760 371/421/1761 370/418/1762
f 369/419/1763 370/418/1764 365/422/1765
f 369/419/1766 365/422/1767 362/423/1768
f 370/418/1769 371/421/1770 366/416/1771
f 370/418/1772 366/416/1773 365/422/1774
f 360/194/1775 372/424/1776 375/425/1777
f 360/194/1778 375/425/1779 374/426/1780
f 372/424/1781 373/415/1782 376/414/1783
f 372/424/1784 376/414/1785 375/425/1786
f 374/426/1787 375/425/1788 371/421/1789
f 374/426/1790 371/421/1791 368/420/1792
f 375/425/1793 376/414/1794 366/416/1795
f 375/425/1796 366/416/1797 371/421/1798
f 417/215/1799 420/427/1800 423/428/1801
f 417/215/1802 423/428/1803 422/429/1804
f 420/427/1805 421/430/1806 424/431/1807
f 420/427/1805 424/431/1808 423/428/1809
f 422/429/1810 423/428/1811 435/432/1812
f 422/429/1813 435/432/1814 432/432/1815
f 423/428/1816 424/431/1817 425/433/1818
f 423/428/1819 425/433/1820 435/432/1821
f 418/243/1822 426/434/1823 429/435/1824
f 418/243/1825 429/435/1826 428/436/1827
f 426/434/1828 427/432/1829 430/432/1830
f 426/434/1831 430/432/1832 429/435/1833
f 428/436/1834 429/435/1835 424/431/1836
f 428/436/1837 424/431/1838 421/430/1839
f 429/435/1840 430/432/1841 425/433/1842
f 429/435/1843 425/433/1844 424/431/1845
f 419/219/1846 431/437/1847 434/438/1848
f 419/219/1849 434/438/1850 433/439/1851
f 431/437/1852 432/432/1853 435/432/1854
f 431/437/1855 435/432/1856 434/438/1857
f 433/439/1858 434/438/1859 430/432/1860
f 433/439/1861 430/432/1862 427/432/1863
f 434/438/1864 435/432/1865 425/433/1866
f 434/438/1867 425/433/1868 430/432/1869
f 436/218/1870 439/440/1871 442/441/1872
f 436/218/1873 442/441/1874 441/442/1875
f 439/440/1876 440/443/1877 443/443/1878
f 439/440/1879 443/443/1880 442/441/1881
f 441/442/1882 442/441/1883 454/444/1884
f 441/442/1885 454/444/1886 451/445/1887
f 442/441/1888 443/443/1889 444/446/1890
f 442/441/1891 444/446/1892 454/444/1893
f 437/176/1894 445/447/1895 448/448/1896
f 437/176/1897 448/448/1898 447/449/1899
f 445/447/1900 446/443/1901 449/443/1902
f 445/447/1903 449/443/1904 448/448/1905
f 447/449/1906 448/448/1907 443/443/1908
f 447/449/1909 443/443/1910 440/443/1911
f 448/448/1912 449/443/1913 444/446/1914
f 448/448/1915 444/446/1916 443/443/1917
f 438/244/1918 450/450/1919 453/451/1920
f 438/244/1921 453/451/1922 452/452/1923
f 450/450/1924 451/445/1925 454/444/1926
f 450/450/1927 454/444/1928 453/451/1929
f 452/452/1930 453/451/1931 449/443/1932
f 452/452/1933 449/443/1934 446/443/1935
f 453/451/1936 454/444/1937 444/446/1938
f 453/451/1939 444/446/1940 449/443/1941
f 465/216/1942 468/453/1943 471/454/1944
f 465/216/1945 471/454/1946 470/455/1947
f 468/453/1948 469/456/1949 472/456/1950
f 468/453/1951 472/456/1952 471/454/1953
f 470/455/1954 471/454/1955 483/457/1956
f 470/455/1957 483/457/1958 480/458/1959
f 471/454/1960 472/456/1961 473/459/1962
f 471/454/1963 473/459/1964 483/457/1965
f 466/183/1966 474/460/1967 477/461/1968
f 466/183/1969 477/461/1970 476/462/1971
f 474/460/1972 475/456/1973 478/456/1974
f 474/460/1975 478/456/1976 477/461/1977
f 476/462/1978 477/461/1979 472/456/1980
f 476/462/1981 472/456/1982 469/456/1983
f 477/461/1984 478/456/1985 473/459/1986
f 477/461/1987 473/459/1988 472/456/1989
f 467/238/1990 479/463/1991 482/464/1992
f 467/238/1993 482/464/1994 481/465/1995
f 479/463/1996 480/458/1997 483/457/1998
f 479/463/1999 483/457/2000 482/464/2001
f 481/465/2002 482/464/2003 478/456/2004
f 481/465/2005 478/456/2006 475/456/2007
f 482/464/2008 483/457/2009 473/459/2010
f 482/464/2011 473/459/2012 478/456/2013
f 494/217/2014 497/466/2015 500/467/2016
f 494/217/2017 500/467/2018 499/468/2019
f 497/466/2020 498/469/2021 501/470/2022
f 497/466/2023 501/470/2024 500/467/2025
f 499/468/2026 500/467/2027 512/471/2028
f 499/468/2029 512/471/2030 509/471/2031
f 500/467/2032 501/470/2033 502/472/2034
f 500/467/2035 502/472/2036 512/471/2037
f 495/241/2038 503/473/2039 506/474/2040
f 495/241/2041 506/474/2042 505/475/2043
f 503/473/2044 504/471/2045 507/471/2046
f 503/473/2047 507/471/2048 506/474/2049
f 505/475/2050 506/474/2051 501/470/2052
f 505/475/2053 501/470/2054 498/469/2055
f 506/474/2056 507/471/2057 502/472/2058
f 506/474/2059 502/472/2060 501/470/2061
f 496/211/2062 508/476/2063 511/477/2064
f 496/211/2065 511/477/2066 510/478/2067
f 508/476/2068 509/471/2069 512/471/2070
f 508/476/2071 512/471/2072 511/477/2073
f 510/478/2074 511/477/2075 507/471/2076
f 510/478/2077 507/471/2078 504/471/2079
f 511/477/2080 512/471/2081 502/472/2082
f 511/477/2083 502/472/2084 507/471/2085
f 533/245/2086 536/479/2087 539/480/2088
f 533/245/2089 539/480/2088 538/481/2090
f 536/479/2091 537/482/2092 540/482/2093
f 536/479/2094 540/482/2095 539/480/2096
f 538/481/2097 539/480/2098 551/483/2099
f 538/481/2100 551/483/2101 548/484/2102
f 539/480/2103 540/482/2104 541/485/2105
f 539/480/2106 541/485/2107 551/483/2108
f 534/191/2109 542/486/2110 545/487/2111
f 534/191/2112 545/487/2113 544/488/2114
f 542/486/2115 543/482/2116 546/482/2117
f 542/486/2118 546/482/2119 545/487/2120
f 544/488/2121 545/487/2122 540/482/2123
f 544/488/2124 540/482/2125 537/482/2126
f 545/487/2127 546/482/2128 541/485/2129
f 545/487/2130 541/485/2131 540/482/2132
f 535/188/2133 547/489/2134 550/490/2135
f 535/188/2136 550/490/2137 549/491/2138
f 547/489/2139 548/484/2140 551/483/2141
f 547/489/2142 551/483/2141 550/490/2143
f 549/491/2144 550/490/2145 546/482/2146
f 549/491/2147 546/482/2148 543/482/2149
f 550/490/2150 551/483/2151 541/485/2152
f 550/490/2153 541/485/2154 546/482/2155
f 552/242/2156 555/492/2157 558/493/2158
f 552/242/2159 558/493/2160 557/494/2161
f 555/492/2162 556/495/2163 559/496/2164
f 555/492/2165 559/496/2166 558/493/2167
f 557/494/2168 558/493/2169 570/497/2170
f 557/494/2171 570/497/2172 567/497/2173
f 558/493/2174 559/496/2175 560/498/2176
f 558/493/2177 560/498/2178 570/497/2179
f 553/187/2180 561/499/2181 564/500/2182
f 553/187/2183 564/500/2184 563/501/2185
f 561/499/2186 562/497/2187 565/497/2188
f 561/499/2189 565/497/2190 564/500/2191
f 563/501/2192 564/500/2193 559/496/2194
f 563/501/2195 559/496/2196 556/495/2197
f 564/500/2198 565/497/2199 560/498/2200
f 564/500/2201 560/498/2202 559/496/2203
f 554/181/2204 566/502/2205 569/503/2206
f 554/181/2207 569/503/2208 568/504/2209
f 566/502/2210 567/497/2211 570/497/2212
f 566/502/2213 570/497/2214 569/503/2215
f 568/504/2216 569/503/2217 565/497/2218
f 568/504/2219 565/497/2220 562/497/2221
f 569/503/2222 570/497/2223 560/498/2224
f 569/503/2225 560/498/2226 565/497/2227
f 571/240/2228 574/505/2229 577/506/2230
f 571/240/2231 577/506/2230 576/507/2232
f 574/505/2233 575/508/2234 578/509/2235
f 574/505/2236 578/509/2237 577/506/2238
f 576/507/2239 577/506/2240 589/510/2241
f 576/507/2242 589/510/2243 586/510/2244
f 577/506/2245 578/509/2246 579/511/2247
f 577/506/2248 579/511/2249 589/510/2250
f 572/189/2251 580/512/2252 583/513/2253
f 572/189/2254 583/513/2255 582/514/2256
f 580/512/2257 581/510/2258 584/510/2259
f 580/512/2260 584/510/2261 583/513/2262
f 582/514/2263 583/513/2264 578/509/2265
f 582/514/2263 578/509/2266 575/508/2267
f 583/513/2268 584/510/2269 579/511/2270
f 583/513/2271 579/511/2272 578/509/2273
f 573/174/2274 585/515/2275 588/516/2276
f 573/174/2277 588/516/2278 587/517/2279
f 585/515/2280 586/510/2281 589/510/2282
f 585/515/2283 589/510/2284 588/516/2285
f 587/517/2286 588/516/2287 584/510/2288
f 587/517/2289 584/510/2290 581/510/2291
f 588/516/2292 589/510/2293 579/511/2294
f 588/516/2295 579/511/2296 584/510/2297
f 590/239/2298 593/518/2299 596/519/2300
f 590/239/2301 596/519/2302 595/520/2303
f 593/518/2304 594/521/2305 597/521/2306
f 593/518/2307 597/521/2308 596/519/2309
f 595/520/2310 596/519/2311 608/522/2312
f 595/520/2313 608/522/2314 605/523/2315
f 596/519/2316 597/521/2317 598/524/2318
f 596/519/2319 598/524/2320 608/522/2321
f 591/201/2322 599/525/2323 602/526/2324
f 591/201/2325 602/526/2326 601/527/2327
f 599/525/2328 600/521/2329 603/521/2330
f 599/525/2331 603/521/2332 602/526/2333
f 601/527/2334 602/526/2335 597/521/2336
f 601/527/2337 597/521/2338 594/521/2339
f 602/526/2340 603/521/2341 598/524/2342
f 602/526/2343 598/524/2344 597/521/2345
f 592/186/2346 604/528/2347 607/529/2348
f 592/186/2349 607/529/2350 606/530/2351
f 604/528/2352 605/523/2353 608/522/2354
f 604/528/2355 608/522/2356 607/529/2357
f 606/530/2358 607/529/2359 603/521/2360
f 606/530/2361 603/521/2362 600/521/2363
f 607/529/2364 608/522/2365 598/524/2366
f 607/529/2367 598/524/2368 603/521/2369
f 339/209/2370 611/263/2371 614/531/2372
f 339/209/2373 614/531/2372 613/265/2374
f 611/263/2375 612/266/2376 615/532/2377
f 611/263/2378 615/532/2379 614/531/2380
f 613/265/2381 614/531/2382 626/268/2383
f 613/265/2384 626/268/2385 623/269/2386
f 614/531/2387 615/532/2388 616/533/2389
f 614/531/2390 616/533/2389 626/268/2391
f 609/231/2392 617/271/2393 620/534/2394
f 609/231/2392 620/534/2395 619/273/2396
f 617/271/2397 618/274/2398 621/275/2399
f 617/271/2397 621/275/2399 620/534/2400
f 619/273/2401 620/534/2402 615/535/2403
f 619/273/2404 615/535/2403 612/277/2405
f 620/534/2406 621/275/2407 616/278/2408
f 620/534/2409 616/278/2410 615/535/2411
f 610/208/2412 622/279/1544 625/280/2413
f 610/208/2414 625/280/2413 624/281/2415
f 622/279/2416 623/282/2417 626/283/2418
f 622/279/2419 626/283/2418 625/280/2420
f 624/281/2421 625/280/2422 621/284/2423
f 624/281/2424 621/284/2425 618/285/2426
f 625/280/2427 626/283/2428 616/286/2429
f 625/280/2430 616/286/2431 621/284/2432
f 627/237/2433 629/287/2434 632/536/2435
f 627/237/2436 632/536/2437 631/289/2438
f 629/287/2439 630/290/2440 633/291/2441
f 629/287/2442 633/291/2443 632/536/2444
f 631/289/2445 632/536/2446 644/292/2447
f 631/289/2445 644/292/2448 641/293/2449
f 632/536/2450 633/291/2451 634/294/2452
f 632/536/2453 634/294/2454 644/292/2455
f 628/152/2456 635/295/2457 638/537/2458
f 628/152/2459 638/537/2460 637/297/2461
f 635/295/2462 636/298/2463 639/538/2464
f 635/295/2465 639/538/2466 638/537/2467
f 637/297/2468 638/537/2469 633/300/2470
f 637/297/2471 633/300/2472 630/301/2473
f 638/537/2474 639/538/1610 634/302/2475
f 638/537/2476 634/302/2477 633/300/2478
f 358/162/2479 640/303/2480 643/304/2481
f 358/162/2479 643/304/2482 642/539/1620
f 640/303/2483 641/306/1622 644/307/2484
f 640/303/2485 644/307/2486 643/304/2487
f 642/539/2488 643/304/1628 639/540/2489
f 642/539/2490 639/540/2491 636/309/2492
f 643/304/2493 644/307/1634 634/310/2494
f 643/304/2495 634/310/2496 639/540/1638
f 645/230/2497 648/311/2498 651/541/2499
f 645/230/2497 651/541/2500 650/313/2501
f 648/311/2502 649/314/2503 652/315/2504
f 648/311/2505 652/315/2504 651/541/2506
f 650/313/2507 651/541/2508 663/316/2509
f 650/313/2510 663/316/2511 660/317/2512
f 651/541/2513 652/315/2514 653/318/2515
f 651/541/2516 653/318/2517 663/316/2518
f 646/210/2519 654/319/2520 657/542/2521
f 646/210/2519 657/542/2521 656/321/2522
f 654/319/2523 655/322/2524 658/323/2525
f 654/319/2526 658/323/2525 657/542/2527
f 656/321/2528 657/542/2529 652/324/2530
f 656/321/2531 652/324/2532 649/325/2533
f 657/542/2534 658/323/2535 653/326/2536
f 657/542/2537 653/326/2536 652/324/2538
f 647/168/2539 659/327/2540 662/328/2541
f 647/168/2542 662/328/2543 661/329/1256
f 659/327/2544 660/330/2545 663/331/2546
f 659/327/2547 663/331/1261 662/328/2548
f 661/329/2549 662/328/2550 658/323/2551
f 661/329/2552 658/323/2551 655/322/2553
f 662/328/2554 663/331/2555 653/332/2556
f 662/328/2557 653/332/2556 658/323/2558
f 664/151/2559 667/333/2560 670/334/2561
f 664/151/2562 670/334/2563 669/543/2564
f 667/333/2565 668/336/2566 671/337/2567
f 667/333/2568 671/337/2569 670/334/2570
f 669/543/2571 670/334/2572 682/338/2573
f 669/543/2574 682/338/2573 679/339/2575
f 670/334/2576 671/337/2577 672/340/2578
f 670/334/2579 672/340/2580 682/338/1370
f 665/222/2581 673/341/2582 676/544/2583
f 665/222/1374 676/544/2584 675/343/2585
f 673/341/2586 674/344/2587 677/345/2588
f 673/341/2589 677/345/2590 676/544/2591
f 675/343/2592 676/544/2593 671/346/2594
f 675/343/2595 671/346/2594 668/347/2596
f 676/544/2597 677/345/2598 672/348/2599
f 676/544/2600 672/348/2601 671/346/2602
f 666/163/2603 678/349/1324 681/350/2604
f 666/163/2603 681/350/2605 680/351/2606
f 678/349/2607 679/352/2608 682/353/2609
f 678/349/2607 682/353/2609 681/350/1334
f 680/351/2610 681/350/2611 677/345/2612
f 680/351/2613 677/345/2614 674/344/1340
f 681/350/2615 682/353/2616 672/545/2617
f 681/350/2615 672/545/2617 677/345/2618
f 683/226/2619 686/355/2620 689/356/2621
f 683/226/2619 689/356/2621 688/357/2622
f 686/355/2623 687/358/2624 690/546/2625
f 686/355/2623 690/546/2625 689/356/2626
f 688/357/2627 689/356/2628 701/360/2629
f 688/357/2627 701/360/2629 698/361/2630
f 689/356/2631 690/546/2632 691/362/2633
f 689/356/2634 691/362/2635 701/360/2636
f 684/206/2637 692/363/2638 695/547/2639
f 684/206/2637 695/547/2639 694/365/2640
f 692/363/2641 693/366/2642 696/367/2643
f 692/363/2641 696/367/2644 695/547/2645
f 694/365/2646 695/547/2647 690/546/2648
f 694/365/2646 690/546/2648 687/358/2649
f 695/547/1681 696/367/2650 691/362/2651
f 695/547/2652 691/362/2653 690/546/1685
f 685/234/2654 697/368/2655 700/369/2656
f 685/234/2657 700/369/2658 699/370/2659
f 697/368/2660 698/371/2661 701/372/2662
f 697/368/2663 701/372/2664 700/369/2665
f 699/370/2666 700/369/2667 696/367/2668
f 699/370/2669 696/367/2670 693/366/2671
f 700/369/2672 701/372/2673 691/362/2674
f 700/369/2675 691/362/2674 696/367/2676
f 702/167/2677 705/373/2678 708/548/2679
f 702/167/2680 708/548/2681 707/375/2682
f 705/373/2683 706/376/2684 709/377/2685
f 705/373/2686 709/377/2687 708/548/2688
f 707/375/2689 708/548/2690 720/549/2691
f 707/375/2692 720/549/2693 717/379/2694
f 708/548/2695 709/377/2696 710/380/2697
f 708/548/2698 710/380/2699 720/549/2700
f 703/159/2701 711/381/2702 714/550/2703
f 703/159/2701 714/550/2703 713/551/2704
f 711/381/2705 712/384/2706 715/385/2707
f 711/381/2708 715/385/2709 714/550/2710
f 713/551/2711 714/550/2712 709/386/2713
f 713/551/2714 709/386/2715 706/387/2716
f 714/550/2717 715/385/2718 710/380/2719
f 714/550/2720 710/380/2721 709/386/2722
f 704/195/2723 716/552/2724 719/389/2725
f 704/195/2723 719/389/2726 718/390/2727
f 716/552/2728 717/379/2729 720/549/2730
f 716/552/2731 720/549/2732 719/389/2733
f 718/390/2734 719/389/2735 715/385/2736
f 718/390/2737 715/385/2738 712/384/2739
f 719/389/2740 720/549/1746 710/380/2741
f 719/389/2742 710/380/2743 715/385/2744
f 721/198/2745 724/391/2746 727/392/2747
f 721/198/2748 727/392/2749 726/393/2750
f 724/391/2751 725/394/2752 728/395/2753
f 724/391/2754 728/395/2755 727/392/2756
f 726/393/2757 727/392/2758 739/396/2759
f 726/393/2760 739/396/2761 736/397/2762
f 727/392/2763 728/395/2764 729/398/2765
f 727/392/2763 729/398/2765 739/396/1430
f 722/203/2766 730/399/2767 733/400/2768
f 722/203/2766 733/400/2768 732/401/2769
f 730/399/2770 731/402/2771 734/403/2772
f 730/399/2770 734/403/2773 733/400/2774
f 732/401/2775 733/400/2776 728/395/2777
f 732/401/2775 728/395/2777 725/394/2778
f 733/400/2779 734/403/1448 729/398/2780
f 733/400/2781 729/398/2782 728/395/2783
f 723/225/2784 735/404/2785 738/553/2786
f 723/225/2784 738/553/2786 737/406/2787
f 735/404/2788 736/407/2789 739/408/2790
f 735/404/2791 739/408/2792 738/553/2793
f 737/406/2794 738/553/2795 734/403/2796
f 737/406/2794 734/403/2796 731/402/2797
f 738/553/2798 739/408/2799 729/398/2800
f 738/553/2801 729/398/2802 734/403/2803
f 740/233/2804 743/554/2805 746/410/2806
f 740/233/2807 746/410/2808 745/411/2809
f 743/554/2810 744/412/2811 747/413/2812
f 743/554/2813 747/413/2814 746/410/2815
f 745/411/2816 746/410/2817 758/414/2818
f 745/411/2816 758/414/2819 755/415/2820
f 746/410/2821 747/413/1514 748/416/2822
f 746/410/2823 748/416/2824 758/414/2825
f 741/164/2826 749/417/2827 752/418/2828
f 741/164/2829 752/418/2830 751/419/2831
f 749/417/2832 750/420/2833 753/421/2834
f 749/417/2835 753/421/2834 752/418/2836
f 751/419/2837 752/418/2838 747/422/2839
f 751/419/2840 747/422/2841 744/423/2842
f 752/418/2843 753/421/2844 748/416/2845
f 752/418/2846 748/416/2847 747/422/2848
f 742/194/2849 754/424/2850 757/425/2851
f 742/194/2852 757/425/2853 756/426/2854
f 754/424/2855 755/415/2856 758/414/2857
f 754/424/2855 758/414/2858 757/425/2859
f 756/426/2860 757/425/2861 753/421/2862
f 756/426/2860 753/421/2862 750/420/2863
f 757/425/2864 758/414/2865 748/416/2866
f 757/425/2864 748/416/2866 753/421/2867
f 798/257/2868 801/555/2869 804/556/2870
f 798/257/2871 804/556/2872 803/557/2873
f 801/555/2874 802/430/2875 805/431/2876
f 801/555/2877 805/431/2878 804/556/2879
f 803/557/2880 804/556/2881 816/432/2882
f 803/557/2883 816/432/2884 813/432/2885
f 804/556/2886 805/431/2887 806/433/2888
f 804/556/2889 806/433/2890 816/432/2891
f 799/243/2892 807/434/2893 810/435/2894
f 799/243/2895 810/435/2896 809/436/2897
f 807/434/2898 808/432/2899 811/432/2900
f 807/434/2901 811/432/2902 810/435/2903
f 809/436/2904 810/435/2905 805/431/2906
f 809/436/2907 805/431/2908 802/430/2909
f 810/435/2910 811/432/2911 806/433/2912
f 810/435/2913 806/433/2914 805/431/2915
f 800/261/2916 812/558/2917 815/559/2918
f 800/261/2919 815/559/2920 814/560/2921
f 812/558/2922 813/432/2923 816/432/2924
f 812/558/2925 816/432/2926 815/559/2927
f 814/560/2928 815/559/2929 811/432/2930
f 814/560/2931 811/432/2932 808/432/2933
f 815/559/2934 816/432/2935 806/433/2936
f 815/559/2937 806/433/2938 811/432/2939
f 817/260/2940 820/561/2941 823/562/2942
f 817/260/2943 823/562/2944 822/563/2945
f 820/561/2946 821/443/2947 824/443/2948
f 820/561/2949 824/443/2950 823/562/2951
f 822/563/2952 823/562/2953 835/564/2954
f 822/563/2955 835/564/2956 832/445/2957
f 823/562/2958 824/443/2959 825/446/2960
f 823/562/2961 825/446/2962 835/564/2963
f 818/176/2964 826/447/2965 829/448/2966
f 818/176/2967 829/448/2968 828/449/2969
f 826/447/2970 827/443/2971 830/443/2972
f 826/447/2973 830/443/2974 829/448/2975
f 828/449/2976 829/448/2977 824/443/2978
f 828/449/2979 824/443/2980 821/443/2981
f 829/448/2982 830/443/2983 825/446/2984
f 829/448/2985 825/446/2986 824/443/2987
f 819/244/2988 831/450/2989 834/451/2990
f 819/244/2991 834/451/2992 833/452/2993
f 831/450/2994 832/445/2995 835/564/2996
f 831/450/2997 835/564/2998 834/451/2999
f 833/452/3000 834/451/3001 830/443/3002
f 833/452/3003 830/443/3004 827/443/3005
f 834/451/3006 835/564/3007 825/446/3008
f 834/451/3009 825/446/3010 830/443/3011
f 846/258/3012 849/565/3013 852/566/3014
f 846/258/3015 852/566/3016 851/567/3017
f 849/565/3018 850/456/3019 853/456/3020
f 849/565/3021 853/456/3022 852/566/3023
f 851/567/3024 852/566/3025 864/568/3026
f 851/567/3027 864/568/3028 861/458/3029
f 852/566/3030 853/456/3031 854/569/3032
f 852/566/3033 854/569/3034 864/568/3035
f 847/246/3036 855/460/3037 858/461/3038
f 847/246/3039 858/461/3040 857/462/3041
f 855/460/3042 856/456/3043 859/456/3044
f 855/460/3045 859/456/3046 858/461/3047
f 857/462/3048 858/461/3049 853/456/3050
f 857/462/3051 853/456/3052 850/456/3053
f 858/461/3054 859/456/3055 854/569/3056
f 858/461/3057 854/569/3058 853/456/3059
f 848/238/3060 860/463/3061 863/570/3062
f 848/238/3063 863/570/3064 862/465/3065
f 860/463/3066 861/458/3067 864/568/3068
f 860/463/3069 864/568/3070 863/570/3071
f 862/465/3072 863/570/3073 859/456/3074
f 862/465/3075 859/456/3076 856/456/3077
f 863/570/3078 864/568/3079 854/569/3080
f 863/570/3081 854/569/3082 859/456/3083
f 875/259/3084 878/571/3085 881/572/3086
f 875/259/3087 881/572/3088 880/573/3089
f 878/571/3090 879/469/3091 882/574/3092
f 878/571/3093 882/574/3094 881/572/3095
f 880/573/3096 881/572/3097 893/471/3098
f 880/573/3099 893/471/3100 890/471/3101
f 881/572/3102 882/574/3103 883/472/3104
f 881/572/3105 883/472/3106 893/471/3107
f 876/241/3108 884/473/3109 887/474/3110
f 876/241/3111 887/474/3112 886/475/3113
f 884/473/3114 885/471/3115 888/471/3116
f 884/473/3117 888/471/3118 887/474/3119
f 886/475/3120 887/474/3121 882/574/3122
f 886/475/3123 882/574/3124 879/469/3125
f 887/474/3126 888/471/3127 883/472/3128
f 887/474/3129 883/472/3130 882/574/3131
f 877/255/3132 889/575/3133 892/576/3134
f 877/255/3135 892/576/3136 891/577/3137
f 889/575/3138 890/471/3139 893/471/3140
f 889/575/3141 893/471/3142 892/576/3143
f 891/577/3144 892/576/3145 888/471/3146
f 891/577/3147 888/471/3148 885/471/3149
f 892/576/3150 893/471/3151 883/472/3152
f 892/576/3153 883/472/3154 888/471/3155
f 913/245/3156 916/479/3157 919/578/3158
f 913/245/3159 919/578/3160 918/481/3161
f 916/479/3162 917/482/3163 920/482/3164
f 916/479/3165 920/482/3166 919/578/3167
f 918/481/3168 919/578/3169 931/483/3170
f 918/481/3171 931/483/3172 928/484/3173
f 919/578/3174 920/482/3175 921/485/3176
f 919/578/3177 921/485/3178 931/483/3179
f 914/252/3180 922/579/3181 925/580/3182
f 914/252/3183 925/580/3184 924/581/3185
f 922/579/3186 923/482/3187 926/482/3188
f 922/579/3189 926/482/3190 925/580/3191
f 924/581/3192 925/580/3193 920/482/3194
f 924/581/3195 920/482/3196 917/482/3197
f 925/580/3198 926/482/3199 921/485/3200
f 925/580/3201 921/485/3202 920/482/3203
f 915/249/3204 927/582/3205 930/583/3206
f 915/249/3207 930/583/3208 929/584/3209
f 927/582/3210 928/484/3211 931/483/3212
f 927/582/3213 931/483/3214 930/583/3215
f 929/584/3216 930/583/3217 926/482/3218
f 929/584/3219 926/482/3220 923/482/3221
f 930/583/3222 931/483/3223 921/485/3224
f 930/583/3225 921/485/3226 926/482/3227
f 932/242/3228 935/492/3229 938/493/3230
f 932/242/3231 938/493/3232 937/494/3233
f 935/492/3234 936/495/3235 939/496/3236
f 935/492/3237 939/496/3238 938/493/3239
f 937/494/3240 938/493/3241 950/497/3242
f 937/494/3243 950/497/3244 947/497/3245
f 938/493/3246 939/496/3247 940/498/3248
f 938/493/3249 940/498/3250 950/497/3251
f 933/248/3252 941/585/3253 944/586/3254
f 933/248/3255 944/586/3256 943/587/3257
f 941/585/3258 942/497/3259 945/497/3260
f 941/585/3261 945/497/3262 944/586/3263
f 943/587/3264 944/586/3265 939/496/3266
f 943/587/3267 939/496/3268 936/495/3269
f 944/586/3270 945/497/3271 940/498/3272
f 944/586/3273 940/498/3274 939/496/3275
f 934/181/3276 946/502/3277 949/503/3278
f 934/181/3279 949/503/3280 948/504/3281
f 946/502/3282 947/497/3283 950/497/3284
f 946/502/3285 950/497/3286 949/503/3287
f 948/504/3288 949/503/3289 945/497/3290
f 948/504/3291 945/497/3292 942/497/3293
f 949/503/3294 950/497/3295 940/498/3296
f 949/503/3297 940/498/3298 945/497/3299
f 951/240/3300 954/505/3301 957/588/3302
f 951/240/3303 957/588/3304 956/507/3305
f 954/505/3306 955/508/3307 958/509/3308
f 954/505/3309 958/509/3310 957/588/3311
f 956/507/3312 957/588/3313 969/510/3314
f 956/507/3315 969/510/3316 966/510/3317
f 957/588/3318 958/509/3319 959/511/3320
f 957/588/3321 959/511/3322 969/510/3323
f 952/250/3324 960/589/3325 963/590/3326
f 952/250/3327 963/590/3328 962/591/3329
f 960/589/3330 961/510/3331 964/510/3332
f 960/589/3333 964/510/3334 963/590/3335
f 962/591/3336 963/590/3337 958/509/3338
f 962/591/3339 958/509/3340 955/508/3341
f 963/590/3342 964/510/3343 959/511/3344
f 963/590/3345 959/511/3346 958/509/3347
f 953/174/3348 965/515/3349 968/516/3350
f 953/174/3351 968/516/3352 967/517/3353
f 965/515/3354 966/510/3355 969/510/3356
f 965/515/3357 969/510/3358 968/516/3359
f 967/517/3360 968/516/3361 964/510/3362
f 967/517/3363 964/510/3364 961/510/3365
f 968/516/3366 969/510/3367 959/511/3368
f 968/516/3369 959/511/3370 964/510/3371
f 970/239/3372 973/518/3373 976/519/3374
f 970/239/3375 976/519/3376 975/520/3377
f 973/518/3378 974/521/3379 977/521/3380
f 973/518/3381 977/521/3382 976/519/3383
f 975/520/3384 976/519/3385 988/592/3386
f 975/520/3387 988/592/3388 985/523/3389
f 976/519/3390 977/521/3391 978/524/3392
f 976/519/3393 978/524/3394 988/592/3395
f 971/254/3396 979/593/3397 982/594/3398
f 971/254/3399 982/594/3400 981/595/3401
f 979/593/3402 980/521/3403 983/521/3404
f 979/593/3405 983/521/3406 982/594/3407
f 981/595/3408 982/594/3409 977/521/3410
f 981/595/3411 977/521/3412 974/521/3413
f 982/594/3414 983/521/3415 978/524/3416
f 982/594/3417 978/524/3418 977/521/3419
f 972/247/3420 984/596/3421 987/597/3422
f 972/247/3423 987/597/3424 986/598/3425
f 984/596/3426 985/523/3427 988/592/3428
f 984/596/3429 988/592/3430 987/597/3431
f 986/598/3432 987/597/3433 983/521/3434
f 986/598/3435 983/521/3436 980/521/3437
f 987/597/3438 988/592/3439 978/524/3440
f 987/597/3441 978/524/3442 983/521/3443
f 989/209/2748 995/264/3444 992/263/3445
f 989/209/3446 994/265/1413 995/264/3447
f 992/263/3448 996/267/3449 993/266/1425
f 992/263/3450 995/264/3451 996/267/2759
f 994/265/3452 1007/268/3453 995/264/3454
f 994/265/3455 1004/269/3456 1007/268/3457
f 995/264/3458 997/270/3459 996/267/3460
f 995/264/3461 1007/268/2764 997/270/3462
f 990/231/3463 1001/272/3464 998/271/3465
f 990/231/3466 1000/273/3467 1001/272/3468
f 998/271/3469 1002/275/3470 999/274/1406
f 998/271/3471 1001/272/3472 1002/275/3473
f 1000/273/3474 996/276/3475 1001/272/3476
f 1000/273/3477 993/277/1400 996/276/3478
f 1001/272/3479 997/278/3480 1002/275/3481
f 1001/272/3482 996/276/2799 997/278/3483
f 991/208/3484 1006/280/3485 1003/279/3486
f 991/208/3487 1005/281/3488 1006/280/3489
f 1003/279/3490 1007/283/3491 1004/282/3492
f 1003/279/3493 1006/280/3494 1007/283/3495
f 1005/281/3496 1002/284/3497 1006/280/3498
f 1005/281/3499 999/285/2771 1002/284/3500
f 1006/280/3501 997/286/3502 1007/283/3503
f 1006/280/3504 1002/284/1448 997/286/3505
f 1008/237/3506 1014/599/3507 1011/600/3508
f 1008/237/3509 1013/289/1477 1014/599/3510
f 1011/600/3511 1015/291/3512 1012/290/3513
f 1011/600/3514 1014/599/3515 1015/291/3516
f 1013/289/3517 1026/292/3518 1014/599/3519
f 1013/289/3520 1023/293/3521 1026/292/3522
f 1014/599/3523 1016/294/3524 1015/291/1497
f 1014/599/3525 1026/292/3526 1016/294/3527
f 1009/152/3528 1020/601/1456 1017/295/1457
f 1009/152/3529 1019/297/1453 1020/601/1454
f 1017/295/1467 1021/538/1468 1018/298/1469
f 1017/295/1464 1020/601/1465 1021/538/3530
f 1019/297/3531 1015/300/1462 1020/601/1463
f 1019/297/3532 1012/301/3533 1015/300/1460
f 1020/601/3534 1016/302/3535 1021/538/1475
f 1020/601/1470 1015/300/2844 1016/302/1472
f 1010/162/3536 1025/602/3537 1022/303/1501
f 1010/162/3538 1024/539/3539 1025/602/3540
f 1022/303/3541 1026/307/3542 1023/306/3543
f 1022/303/3544 1025/602/1509 1026/307/3545
f 1024/539/1505 1021/540/1506 1025/602/1507
f 1024/539/3546 1018/309/1503 1021/540/1504
f 1025/602/3547 1016/310/3548 1026/307/2825
f 1025/602/3549 1021/540/3550 1016/310/3551
f 1027/230/2497 1033/312/3552 1030/311/3553
f 1027/230/2497 1032/313/3554 1033/312/3555
f 1030/311/3556 1034/315/3557 1031/314/1292
f 1030/311/3558 1033/312/3559 1034/315/3557
f 1032/313/3560 1045/316/3561 1033/312/3562
f 1032/313/3560 1042/317/1282 1045/316/3561
f 1033/312/3563 1035/318/2515 1034/315/3564
f 1033/312/3563 1045/316/3565 1035/318/2515
f 1028/210/3566 1039/320/3567 1036/319/1256
f 1028/210/3566 1038/321/1252 1039/320/3567
f 1036/319/3568 1040/323/3569 1037/322/3570
f 1036/319/3568 1039/320/3571 1040/323/3569
f 1038/321/3572 1034/324/3573 1039/320/3574
f 1038/321/3575 1031/325/1258 1034/324/3573
f 1039/320/3576 1035/326/3577 1040/323/3578
f 1039/320/3579 1034/324/3580 1035/326/3581
f 1029/168/3582 1044/328/3583 1041/327/3584
f 1029/168/3585 1043/329/3586 1044/328/3587
f 1041/327/3588 1045/331/3589 1042/330/3590
f 1041/327/3591 1044/328/3592 1045/331/3593
f 1043/329/3594 1040/323/3595 1044/328/3596
f 1043/329/3597 1037/322/3598 1040/323/3595
f 1044/328/3599 1035/332/3600 1045/331/1322
f 1044/328/3601 1040/323/3602 1035/332/3603
f 1046/151/3604 1052/603/1351 1049/333/1352
f 1046/151/3605 1051/543/1348 1052/603/1349
f 1049/333/3606 1053/337/1363 1050/336/3607
f 1049/333/3608 1052/603/1360 1053/337/1361
f 1051/543/3609 1064/604/3610 1052/603/1358
f 1051/543/1353 1061/339/1354 1064/604/1355
f 1052/603/1368 1054/340/1369 1053/337/3611
f 1052/603/3612 1064/604/1366 1054/340/3613
f 1047/222/3614 1058/544/3615 1055/341/3616
f 1047/222/3617 1057/605/3618 1058/544/3615
f 1055/341/3619 1059/345/3620 1056/344/3621
f 1055/341/3622 1058/544/3623 1059/345/3620
f 1057/605/3624 1053/346/3625 1058/544/3626
f 1057/605/3627 1050/347/3628 1053/346/3629
f 1058/544/2615 1054/348/3630 1059/345/3631
f 1058/544/3632 1053/346/1342 1054/348/3633
f 1048/163/3634 1063/606/3635 1060/349/3636
f 1048/163/3634 1062/351/1372 1063/606/3635
f 1060/349/3637 1064/607/1387 1061/352/1388
f 1060/349/1383 1063/606/1384 1064/607/1385
f 1062/351/3638 1059/345/3639 1063/606/3640
f 1062/351/3641 1056/344/3642 1059/345/3639
f 1063/606/3643 1054/545/3644 1064/607/2602
f 1063/606/3645 1059/345/3646 1054/545/3647
f 1065/226/3648 1071/356/3649 1068/355/3650
f 1065/226/3651 1070/357/3652 1071/356/3653
f 1068/355/3654 1072/359/3655 1069/358/3656
f 1068/355/3657 1071/356/3658 1072/359/3659
f 1070/357/3660 1083/360/3661 1071/356/3662
f 1070/357/3663 1080/361/1714 1083/360/3664
f 1071/356/3665 1073/362/3666 1072/359/2636
f 1071/356/3667 1083/360/3668 1073/362/3669
f 1066/206/3670 1077/364/1690 1074/363/1691
f 1066/206/3671 1076/365/3672 1077/364/1688
f 1074/363/3673 1078/367/3674 1075/366/1702
f 1074/363/3675 1077/364/1699 1078/367/3676
f 1076/365/3677 1072/359/1696 1077/364/1697
f 1076/365/1692 1069/358/1693 1072/359/1694
f 1077/364/3678 1073/362/3679 1078/367/2676
f 1077/364/3680 1072/359/3681 1073/362/3682
f 1067/234/3683 1082/369/3684 1079/368/3685
f 1067/234/3686 1081/370/3687 1082/369/3688
f 1079/368/3689 1083/372/3690 1080/371/2649
f 1079/368/3691 1082/369/3692 1083/372/3693
f 1081/370/3694 1078/367/3695 1082/369/2645
f 1081/370/3696 1075/366/2642 1078/367/3697
f 1082/369/3698 1073/362/3699 1083/372/1685
f 1082/369/3700 1078/367/3701 1073/362/3702
f 1084/167/3703 1090/374/1755 1087/373/1756
f 1084/167/3704 1089/375/1752 1090/374/1753
f 1087/373/3705 1091/377/1767 1088/376/3706
f 1087/373/1763 1090/374/1764 1091/377/3707
f 1089/375/3708 1102/549/3709 1090/374/3710
f 1089/375/3711 1099/379/1758 1102/549/1759
f 1090/374/1772 1092/380/1773 1091/377/2700
f 1090/374/3712 1102/549/3713 1092/380/3714
f 1085/159/3715 1096/550/3716 1093/381/1733
f 1085/159/3717 1095/383/3718 1096/550/3719
f 1093/381/3720 1097/385/3721 1094/384/3722
f 1093/381/3723 1096/550/3724 1097/385/3725
f 1095/383/3726 1091/386/3727 1096/550/1738
f 1095/383/3728 1088/387/1735 1091/386/3729
f 1096/550/3730 1092/380/3731 1097/385/3732
f 1096/550/3733 1091/386/1746 1092/380/3734
f 1086/195/3735 1101/389/1779 1098/552/1780
f 1086/195/1775 1100/390/1776 1101/389/1777
f 1098/552/1790 1102/549/1791 1099/379/3736
f 1098/552/1787 1101/389/1788 1102/549/1789
f 1100/390/1784 1097/385/1785 1101/389/3737
f 1100/390/3738 1094/384/1782 1097/385/1783
f 1101/389/3739 1092/380/3740 1102/549/1798
f 1101/389/3741 1097/385/3742 1092/380/3743
f 684/198/3744 1108/392/3745 1105/391/3746
f 684/198/3747 1107/393/3748 1108/392/3749
f 1105/391/3750 1109/395/3751 1106/394/3752
f 1105/391/3753 1108/392/3754 1109/395/3755
f 1107/393/3756 1120/396/3757 1108/392/3758
f 1107/393/3759 1117/397/3760 1120/396/3761
f 1108/392/3762 1110/398/3763 1109/395/3764
f 1108/392/3765 1120/396/1586 1110/398/3766
f 1103/203/1546 1114/400/1547 1111/399/1548
f 1103/203/1543 1113/401/1544 1114/400/1545
f 1111/399/1558 1115/403/1559 1112/402/1560
f 1111/399/3767 1114/400/1556 1115/403/3768
f 1113/401/3769 1109/395/3770 1114/400/3771
f 1113/401/3769 1106/394/1550 1109/395/3770
f 1114/400/3772 1110/398/3773 1115/403/3774
f 1114/400/3775 1109/395/3776 1110/398/3777
f 1104/225/3778 1119/405/3779 1116/404/3780
f 1104/225/2392 1118/406/3781 1119/405/3782
f 1116/404/3783 1120/408/3784 1117/407/1536
f 1116/404/3783 1119/405/3785 1120/408/3784
f 1118/406/3786 1115/403/3787 1119/405/3788
f 1118/406/3789 1112/402/3790 1115/403/3791
f 1119/405/3792 1110/398/3793 1120/408/3794
f 1119/405/3792 1115/403/3795 1110/398/2410
f 704/233/3796 1126/410/3797 1123/554/3798
f 704/233/3796 1125/411/3799 1126/410/3797
f 1123/554/3800 1127/413/3801 1124/412/3802
f 1123/554/3800 1126/410/3803 1127/413/3804
f 1125/411/3805 1138/414/3806 1126/410/3807
f 1125/411/3808 1135/415/3809 1138/414/3810
f 1126/410/3811 1128/416/3812 1127/413/1638
f 1126/410/3813 1138/414/3814 1128/416/3815
f 1121/164/3816 1132/608/1595 1129/417/1596
f 1121/164/3817 1131/419/1592 1132/608/1593
f 1129/417/3818 1133/609/1607 1130/420/1608
f 1129/417/3819 1132/608/3820 1133/609/3821
f 1131/419/1600 1127/422/3822 1132/608/1602
f 1131/419/3823 1124/423/3824 1127/422/1599
f 1132/608/3825 1128/416/3826 1133/609/3827
f 1132/608/1609 1127/422/3828 1128/416/1611
f 1122/194/3829 1137/610/1643 1134/424/1644
f 1122/194/1639 1136/426/1640 1137/610/1641
f 1134/424/1654 1138/414/3830 1135/415/1656
f 1134/424/1651 1137/610/3831 1138/414/3832
f 1136/426/3833 1133/609/1649 1137/610/1650
f 1136/426/1645 1130/420/3834 1133/609/1647
f 1137/610/3835 1128/416/3836 1138/414/3837
f 1137/610/3838 1133/609/1658 1128/416/3839
f 1178/215/3840 1184/428/3841 1181/427/3842
f 1178/215/3843 1183/429/3844 1184/428/3845
f 1181/427/3846 1185/611/3847 1182/430/3848
f 1181/427/3849 1184/428/3850 1185/611/3847
f 1183/429/3851 1196/432/3852 1184/428/3853
f 1183/429/3854 1193/432/3855 1196/432/3856
f 1184/428/3857 1186/433/3858 1185/611/1893
f 1184/428/3859 1196/432/3860 1186/433/3861
f 1179/243/3862 1190/435/3863 1187/434/3864
f 1179/243/3865 1189/436/1919 1190/435/3863
f 1187/434/3866 1191/432/3867 1188/432/3868
f 1187/434/3869 1190/435/3870 1191/432/3871
f 1189/436/3872 1185/611/3873 1190/435/3874
f 1189/436/3872 1182/430/3875 1185/611/3876
f 1190/435/3877 1186/433/3878 1191/432/3879
f 1190/435/3880 1185/611/3881 1186/433/3882
f 1180/219/3883 1195/438/3884 1192/437/3885
f 1180/219/3886 1194/439/3887 1195/438/3888
f 1192/437/3889 1196/432/3890 1193/432/3891
f 1192/437/3892 1195/438/3893 1196/432/3894
f 1194/439/3895 1191/432/3896 1195/438/3897
f 1194/439/3898 1188/432/3899 1191/432/3900
f 1195/438/3901 1186/433/3902 1196/432/3903
f 1195/438/3904 1191/432/3905 1186/433/3906
f 1197/218/3907 1203/441/3908 1200/440/3909
f 1197/218/3910 1202/442/3911 1203/441/3912
f 1200/440/3913 1204/443/3914 1201/443/3915
f 1200/440/3916 1203/441/3917 1204/443/3918
f 1202/442/3919 1215/564/3920 1203/441/3921
f 1202/442/3919 1212/445/3922 1215/564/3920
f 1203/441/3923 1205/446/3924 1204/443/3925
f 1203/441/3926 1215/564/1817 1205/446/3927
f 1198/176/3928 1209/448/3929 1206/447/3930
f 1198/176/3931 1208/449/3932 1209/448/3933
f 1206/447/3934 1210/443/3935 1207/443/3936
f 1206/447/3937 1209/448/3938 1210/443/3939
f 1208/449/3940 1204/443/3941 1209/448/3942
f 1208/449/3943 1201/443/3944 1204/443/3945
f 1209/448/3946 1205/446/3947 1210/443/3948
f 1209/448/3949 1204/443/3950 1205/446/3951
f 1199/244/1825 1214/451/1826 1211/450/1827
f 1199/244/3952 1213/452/3953 1214/451/3954
f 1211/450/3955 1215/564/3956 1212/445/3957
f 1211/450/3955 1214/451/3958 1215/564/3956
f 1213/452/3959 1210/443/3960 1214/451/3961
f 1213/452/3962 1207/443/3963 1210/443/3964
f 1214/451/3965 1205/446/3966 1215/564/3967
f 1214/451/3968 1210/443/3969 1205/446/3970
f 1226/216/3971 1232/612/3972 1229/453/3973
f 1226/216/2017 1231/455/3974 1232/612/3975
f 1229/453/3976 1233/456/3977 1230/456/3978
f 1229/453/3979 1232/612/3980 1233/456/3981
f 1231/455/3982 1244/568/3983 1232/612/3984
f 1231/455/3985 1241/458/3986 1244/568/3987
f 1232/612/3988 1234/459/3989 1233/456/3990
f 1232/612/3991 1244/568/2033 1234/459/3992
f 1227/183/3993 1238/461/3994 1235/460/3995
f 1227/183/3996 1237/462/3997 1238/461/3998
f 1235/460/3999 1239/456/4000 1236/456/2079
f 1235/460/4001 1238/461/4002 1239/456/4003
f 1237/462/4004 1233/456/4005 1238/461/4006
f 1237/462/4007 1230/456/4008 1233/456/4009
f 1238/461/4010 1234/459/4011 1239/456/4012
f 1238/461/4013 1233/456/4014 1234/459/4015
f 1228/238/4016 1243/570/4017 1240/463/4018
f 1228/238/4019 1242/465/4020 1243/570/4021
f 1240/463/4022 1244/568/4023 1241/458/4024
f 1240/463/4025 1243/570/4026 1244/568/4027
f 1242/465/4028 1239/456/4029 1243/570/4030
f 1242/465/4031 1236/456/4032 1239/456/4033
f 1243/570/4034 1234/459/4035 1244/568/4036
f 1243/570/4037 1239/456/4038 1234/459/4039
f 1255/217/1942 1261/467/4040 1258/466/4041
f 1255/217/4042 1260/468/4043 1261/467/4044
f 1258/466/4045 1262/574/4046 1259/469/4047
f 1258/466/4048 1261/467/4049 1262/574/4050
f 1260/468/4051 1273/471/4052 1261/467/4053
f 1260/468/4054 1270/471/4055 1273/471/4056
f 1261/467/4057 1263/472/4058 1262/574/1965
f 1261/467/4059 1273/471/4060 1263/472/4061
f 1256/241/4062 1267/613/4063 1264/473/4064
f 1256/241/4065 1266/475/4066 1267/613/4063
f 1264/473/4067 1268/471/4068 1265/471/4069
f 1264/473/4070 1267/613/4071 1268/471/4072
f 1266/475/4073 1262/574/4074 1267/613/4075
f 1266/475/4073 1259/469/4076 1262/574/4074
f 1267/613/4077 1263/472/4078 1268/471/4079
f 1267/613/4080 1262/574/4081 1263/472/4082
f 1257/211/4083 1272/477/4084 1269/476/4085
f 1257/211/4086 1271/478/4087 1272/477/4084
f 1269/476/4088 1273/471/4089 1270/471/4090
f 1269/476/4091 1272/477/4092 1273/471/4093
f 1271/478/4094 1268/471/4095 1272/477/4096
f 1271/478/4097 1265/471/4098 1268/471/4099
f 1272/477/4100 1263/472/4101 1273/471/4102
f 1272/477/4103 1268/471/1985 1263/472/4104
f 1293/245/4105 1299/480/4106 1296/479/4107
f 1293/245/4108 1298/481/4109 1299/480/4106
f 1296/479/4110 1300/482/4111 1297/482/4112
f 1296/479/4113 1299/480/4114 1300/482/4115
f 1298/481/4116 1311/483/4117 1299/480/4118
f 1298/481/4119 1308/484/4120 1311/483/4121
f 1299/480/4122 1301/485/4123 1300/482/4124
f 1299/480/4125 1311/483/4126 1301/485/4127
f 1294/191/4128 1305/487/4129 1302/486/4130
f 1294/191/4131 1304/488/4132 1305/487/4133
f 1302/486/4134 1306/482/4135 1303/482/4136
f 1302/486/4137 1305/487/4138 1306/482/4139
f 1304/488/4140 1300/482/4141 1305/487/4142
f 1304/488/4143 1297/482/4144 1300/482/4145
f 1305/487/4146 1301/485/4147 1306/482/4148
f 1305/487/4149 1300/482/4150 1301/485/4151
f 1295/188/4152 1310/490/4153 1307/489/4154
f 1295/188/4155 1309/491/4156 1310/490/4157
f 1307/489/4158 1311/483/4159 1308/484/4160
f 1307/489/4158 1310/490/4161 1311/483/4162
f 1309/491/4163 1306/482/4164 1310/490/4165
f 1309/491/4166 1303/482/4167 1306/482/4168
f 1310/490/4169 1301/485/4170 1311/483/2203
f 1310/490/4171 1306/482/4172 1301/485/4173
f 1312/242/4174 1318/493/4175 1315/492/4176
f 1312/242/4177 1317/494/4178 1318/493/4179
f 1315/492/4180 1319/496/4181 1316/495/4182
f 1315/492/4183 1318/493/4184 1319/496/4185
f 1317/494/4186 1330/497/4187 1318/493/4188
f 1317/494/4189 1327/497/4190 1330/497/4191
f 1318/493/4192 1320/498/4193 1319/496/4194
f 1318/493/4195 1330/497/4196 1320/498/4197
f 1313/187/4198 1324/500/4199 1321/499/4200
f 1313/187/4201 1323/501/4202 1324/500/4203
f 1321/499/4204 1325/497/4205 1322/497/4206
f 1321/499/4207 1324/500/4208 1325/497/4209
f 1323/501/4210 1319/496/4211 1324/500/4212
f 1323/501/4213 1316/495/4214 1319/496/4215
f 1324/500/4216 1320/498/4217 1325/497/4218
f 1324/500/4219 1319/496/2151 1320/498/4220
f 1314/181/4221 1329/503/4222 1326/502/4223
f 1314/181/4224 1328/504/4225 1329/503/4226
f 1326/502/4227 1330/497/4228 1327/497/4229
f 1326/502/4230 1329/503/4231 1330/497/4232
f 1328/504/4233 1325/497/4234 1329/503/4235
f 1328/504/4236 1322/497/4237 1325/497/4238
f 1329/503/4239 1320/498/4240 1330/497/2132
f 1329/503/4241 1325/497/4242 1320/498/4243
f 1331/240/4244 1337/506/4245 1334/505/2303
f 1331/240/4246 1336/507/4247 1337/506/4245
f 1334/505/4248 1338/509/4249 1335/508/4250
f 1334/505/4251 1337/506/4252 1338/509/4253
f 1336/507/4254 1349/510/4255 1337/506/4256
f 1336/507/4257 1346/510/4258 1349/510/4259
f 1337/506/4260 1339/511/4261 1338/509/4262
f 1337/506/4263 1349/510/4264 1339/511/4265
f 1332/189/4266 1343/513/4267 1340/512/4268
f 1332/189/4269 1342/514/4270 1343/513/4271
f 1340/512/4272 1344/510/4273 1341/510/4274
f 1340/512/4275 1343/513/4276 1344/510/4277
f 1342/514/4278 1338/509/4279 1343/513/4280
f 1342/514/4278 1335/508/4281 1338/509/4282
f 1343/513/4283 1339/511/4284 1344/510/4285
f 1343/513/4286 1338/509/2365 1339/511/4287
f 1333/174/4288 1348/516/4289 1345/515/4290
f 1333/174/4291 1347/517/4292 1348/516/4293
f 1345/515/4294 1349/510/4295 1346/510/4296
f 1345/515/4297 1348/516/4298 1349/510/4299
f 1347/517/4300 1344/510/4301 1348/516/4302
f 1347/517/4303 1341/510/4304 1344/510/4305
f 1348/516/4306 1339/511/4307 1349/510/4308
f 1348/516/4309 1344/510/4310 1339/511/4311
f 1350/239/4312 1356/519/4313 1353/518/4314
f 1350/239/4315 1355/520/2229 1356/519/4316
f 1353/518/4317 1357/521/4318 1354/521/4319
f 1353/518/4320 1356/519/2240 1357/521/4321
f 1355/520/4322 1368/522/4323 1356/519/4324
f 1355/520/4325 1365/523/4326 1368/522/4327
f 1356/519/4328 1358/524/4329 1357/521/4330
f 1356/519/4331 1368/522/4332 1358/524/4333
f 1351/201/4334 1362/526/4335 1359/525/4336
f 1351/201/4337 1361/527/4338 1362/526/4339
f 1359/525/4340 1363/521/4341 1360/521/4342
f 1359/525/4343 1362/526/4344 1363/521/4345
f 1361/527/4346 1357/521/4347 1362/526/4348
f 1361/527/4349 1354/521/4350 1357/521/4351
f 1362/526/4352 1358/524/4353 1363/521/4354
f 1362/526/4355 1357/521/2293 1358/524/4356
f 1352/186/4357 1367/529/4358 1364/528/4359
f 1352/186/4360 1366/530/4361 1367/529/4362
f 1364/528/4363 1368/522/4364 1365/523/4365
f 1364/528/4366 1367/529/4367 1368/522/4368
f 1366/530/4369 1363/521/4370 1367/529/4371
f 1366/530/4372 1360/521/4373 1363/521/4374
f 1367/529/4375 1358/524/4376 1368/522/2273
f 1367/529/4377 1363/521/4378 1358/524/4379
f 263/230/4380 226/231/4380 236/273/4380
f 263/230/4380 236/273/4380 266/311/4380
f 266/311/4381 236/273/4381 229/277/4381
f 266/311/4381 229/277/4381 267/314/4381
f 267/325/4382 229/266/4382 228/263/4382
f 267/325/4382 228/263/4382 274/321/4382
f 274/321/4383 228/263/4383 225/209/4383
f 274/321/4383 225/209/4383 264/210/4383
f 378/184/4384 244/237/4384 249/289/4384
f 378/184/4385 249/289/4385 381/614/4385
f 381/614/4386 249/289/4386 259/293/4386
f 381/614/4386 259/293/4386 380/615/4386
f 380/616/4387 259/306/4387 258/303/4387
f 380/616/4387 258/303/4387 379/617/4387
f 379/617/4388 258/303/4388 246/162/4388
f 379/617/4388 246/162/4388 377/155/4388
f 245/152/4389 282/151/4389 287/335/4389
f 245/152/4389 287/335/4389 253/295/4389
f 253/295/4390 287/335/4390 297/339/4390
f 253/295/4390 297/339/4390 254/298/4390
f 254/309/4391 297/352/4391 296/349/4391
f 254/309/4391 296/349/4391 260/305/4391
f 260/305/4392 296/349/4392 284/163/4392
f 260/305/4392 284/163/4392 246/162/4392
f 514/169/4393 265/168/4393 279/329/4393
f 514/169/4394 279/329/4394 517/618/4394
f 517/618/4395 279/329/4395 273/322/4395
f 517/618/4395 273/322/4395 516/619/4395
f 516/619/4396 273/322/4396 272/319/4396
f 516/619/4396 272/319/4396 515/620/4396
f 515/620/4397 272/319/4397 264/210/4397
f 515/620/4398 264/210/4398 513/157/4398
f 456/228/4399 263/230/4399 268/313/4399
f 456/228/4399 268/313/4399 459/621/4399
f 459/621/4400 268/313/4400 278/317/4400
f 459/621/4400 278/317/4400 458/622/4400
f 458/623/4401 278/330/4401 277/327/4401
f 458/623/4401 277/327/4401 457/624/4401
f 457/624/4402 277/327/4402 265/168/4402
f 457/624/4402 265/168/4402 455/171/4402
f 403/165/4403 359/164/4403 369/419/4403
f 403/165/4403 369/419/4403 406/625/4403
f 406/625/4404 369/419/4404 362/423/4404
f 406/625/4404 362/423/4404 405/626/4404
f 405/627/4405 362/412/4405 361/409/4405
f 405/627/4405 361/409/4405 404/628/4405
f 404/628/4406 361/409/4406 358/233/4406
f 404/628/4406 358/233/4406 402/213/4406
f 519/204/4407 340/203/4407 350/401/4407
f 519/204/4408 350/401/4408 522/629/4408
f 522/629/4409 350/401/4409 343/394/4409
f 522/629/4409 343/394/4409 521/630/4409
f 521/630/4410 343/394/4410 342/391/4410
f 521/630/4410 342/391/4410 520/631/4410
f 520/631/4411 342/391/4411 339/198/4411
f 520/631/4412 339/198/4412 518/178/4412
f 301/226/4413 341/225/4413 355/406/4413
f 301/226/4413 355/406/4413 304/355/4413
f 304/355/4414 355/406/4414 349/402/4414
f 304/355/4415 349/402/4415 305/358/4415
f 305/358/4416 349/402/4416 348/399/4416
f 305/358/4416 348/399/4416 312/365/4416
f 312/365/4417 348/399/4417 340/203/4417
f 312/365/4417 340/203/4417 302/206/4417
f 359/164/4418 320/167/4418 325/375/4418
f 359/164/4418 325/375/4418 367/417/4418
f 367/417/4419 325/375/4419 335/379/4419
f 367/417/4419 335/379/4419 368/420/4419
f 368/420/4420 335/379/4420 334/388/4420
f 368/420/4420 334/388/4420 374/426/4420
f 374/426/4421 334/388/4421 322/195/4421
f 374/426/4421 322/195/4421 360/194/4421
f 524/179/4422 303/234/4422 317/370/4422
f 524/179/4422 317/370/4422 527/632/4422
f 527/632/4423 317/370/4423 311/366/4423
f 527/632/4423 311/366/4423 526/633/4423
f 526/633/4424 311/366/4424 310/363/4424
f 526/633/4424 310/363/4424 525/634/4424
f 525/634/4425 310/363/4425 302/206/4425
f 525/634/4426 302/206/4426 523/205/4426
f 408/227/4427 301/226/4427 306/357/4427
f 408/227/4427 306/357/4427 411/635/4427
f 411/635/4428 306/357/4428 316/361/4428
f 411/635/4428 316/361/4428 410/636/4428
f 410/637/4429 316/371/4429 315/368/4429
f 410/637/4429 315/368/4429 409/638/4429
f 409/638/4430 315/368/4430 303/234/4430
f 409/638/4430 303/234/4430 407/199/4430
f 461/153/4431 245/152/4431 255/297/4431
f 461/153/4431 255/297/4431 464/639/4431
f 464/639/4432 255/297/4432 248/301/4432
f 464/639/4432 248/301/4432 463/640/4432
f 463/641/4433 248/290/4433 247/287/4433
f 463/641/4433 247/287/4433 462/642/4433
f 462/642/4434 247/287/4434 244/237/4434
f 462/642/4434 244/237/4434 460/220/4434
f 529/185/4385 378/184/4385 381/614/4385
f 529/185/4435 381/614/4435 532/643/4435
f 532/643/4386 381/614/4386 380/615/4386
f 532/643/4386 380/615/4386 531/644/4386
f 531/645/4387 380/616/4387 379/617/4387
f 531/645/4387 379/617/4387 530/646/4387
f 530/646/4388 379/617/4388 377/155/4388
f 530/646/4388 377/155/4388 528/154/4388
f 283/222/4393 382/172/4393 384/647/4393
f 283/222/4394 384/647/4394 291/341/4394
f 291/341/4395 384/647/4395 385/648/4395
f 291/341/4395 385/648/4395 292/344/4395
f 292/344/4396 385/648/4396 386/649/4396
f 292/344/4396 386/649/4396 298/351/4396
f 298/351/4397 386/649/4397 383/156/4397
f 298/351/4398 383/156/4398 284/163/4398
f 360/194/4407 387/193/4407 389/650/4407
f 360/194/4408 389/650/4408 372/424/4408
f 372/424/4409 389/650/4409 390/651/4409
f 372/424/4409 390/651/4409 373/415/4409
f 373/415/4410 390/651/4410 391/652/4410
f 373/415/4410 391/652/4410 363/411/4410
f 363/411/4411 391/652/4411 388/177/4411
f 363/411/4412 388/177/4412 358/233/4412
f 321/159/4436 392/158/4436 394/653/4436
f 321/159/4437 394/653/4437 329/381/4437
f 329/381/4423 394/653/4423 395/654/4423
f 329/381/4423 395/654/4423 330/384/4423
f 330/384/4424 395/654/4424 396/655/4424
f 330/384/4424 396/655/4424 336/390/4424
f 336/390/4426 396/655/4426 393/196/4426
f 336/390/4426 393/196/4426 322/195/4426
f 341/225/4399 397/224/4399 399/656/4399
f 341/225/4399 399/656/4399 353/404/4399
f 353/404/4400 399/656/4400 400/657/4400
f 353/404/4400 400/657/4400 354/407/4400
f 354/397/4401 400/658/4401 401/659/4401
f 354/397/4401 401/659/4401 344/393/4401
f 344/393/4402 401/659/4402 398/192/4402
f 344/393/4402 398/192/4402 339/198/4402
f 485/150/4403 403/165/4403 406/625/4403
f 485/150/4403 406/625/4403 488/660/4403
f 488/660/4404 406/625/4404 405/626/4404
f 488/660/4404 405/626/4404 487/661/4404
f 487/662/4405 405/627/4405 404/628/4405
f 487/662/4405 404/628/4405 486/663/4405
f 486/663/4406 404/628/4406 402/213/4406
f 486/663/4406 402/213/4406 484/212/4406
f 490/229/4427 408/227/4427 411/635/4427
f 490/229/4427 411/635/4427 493/664/4427
f 493/664/4428 411/635/4428 410/636/4428
f 493/664/4428 410/636/4428 492/665/4428
f 492/666/4429 410/637/4429 409/638/4429
f 492/666/4429 409/638/4429 491/667/4429
f 491/667/4430 409/638/4430 407/199/4430
f 491/667/4430 407/199/4430 489/202/4430
f 320/167/4431 412/166/4431 414/668/4431
f 320/167/4431 414/668/4431 323/373/4431
f 323/373/4432 414/668/4432 415/669/4432
f 323/373/4432 415/669/4432 324/376/4432
f 324/387/4433 415/670/4433 416/671/4433
f 324/387/4433 416/671/4433 331/383/4433
f 331/383/4434 416/671/4434 413/160/4434
f 331/383/4434 413/160/4434 321/159/4434
f 496/211/4402 437/214/4402 447/672/4402
f 496/211/4402 447/672/4402 508/476/4402
f 508/476/4401 447/672/4401 440/443/4401
f 508/476/4401 440/443/4401 509/471/4401
f 509/471/4438 440/443/4438 439/440/4438
f 509/471/4400 439/440/4400 499/468/4400
f 499/468/4439 439/440/4439 436/218/4439
f 499/468/4439 436/218/4439 494/217/4439
f 397/224/4399 456/228/4399 459/621/4399
f 397/224/4399 459/621/4399 399/656/4399
f 399/656/4400 459/621/4400 458/622/4400
f 399/656/4400 458/622/4400 400/657/4400
f 400/658/4401 458/623/4401 457/624/4401
f 400/658/4401 457/624/4401 401/659/4401
f 401/659/4402 457/624/4402 455/171/4402
f 401/659/4402 455/171/4402 398/192/4402
f 412/166/4431 461/153/4431 464/639/4431
f 412/166/4431 464/639/4431 414/668/4431
f 414/668/4432 464/639/4432 463/640/4432
f 414/668/4432 463/640/4432 415/669/4432
f 415/670/4433 463/641/4433 462/642/4433
f 415/670/4433 462/642/4433 416/671/4433
f 416/671/4434 462/642/4434 460/220/4434
f 416/671/4440 460/220/4440 413/160/4440
f 419/219/4441 466/221/4441 476/673/4441
f 419/219/4441 476/673/4441 431/437/4441
f 431/437/4429 476/673/4429 469/456/4429
f 431/437/4429 469/456/4429 432/432/4429
f 432/432/4442 469/456/4442 468/453/4442
f 432/432/4428 468/453/4428 422/429/4428
f 422/429/4443 468/453/4443 465/216/4443
f 422/429/4443 465/216/4443 417/215/4443
f 282/151/4403 485/150/4403 488/660/4403
f 282/151/4403 488/660/4403 285/333/4403
f 285/333/4404 488/660/4404 487/661/4404
f 285/333/4404 487/661/4404 286/336/4404
f 286/347/4405 487/662/4405 486/663/4405
f 286/347/4405 486/663/4405 293/343/4405
f 293/343/4406 486/663/4406 484/212/4406
f 293/343/4406 484/212/4406 283/222/4406
f 226/231/4427 490/229/4427 493/664/4427
f 226/231/4427 493/664/4427 234/271/4427
f 234/271/4428 493/664/4428 492/665/4428
f 234/271/4428 492/665/4428 235/274/4428
f 235/285/4429 492/666/4429 491/667/4429
f 235/285/4429 491/667/4429 241/281/4429
f 241/281/4430 491/667/4430 489/202/4430
f 241/281/4430 489/202/4430 227/208/4430
f 382/172/4393 514/169/4393 517/618/4393
f 382/172/4393 517/618/4393 384/647/4393
f 384/647/4395 517/618/4395 516/619/4395
f 384/647/4444 516/619/4444 385/648/4444
f 385/648/4396 516/619/4396 515/620/4396
f 385/648/4396 515/620/4396 386/649/4396
f 386/649/4398 515/620/4398 513/157/4398
f 386/649/4398 513/157/4398 383/156/4398
f 387/193/4408 519/204/4408 522/629/4408
f 387/193/4408 522/629/4408 389/650/4408
f 389/650/4409 522/629/4409 521/630/4409
f 389/650/4445 521/630/4445 390/651/4445
f 390/651/4410 521/630/4410 520/631/4410
f 390/651/4446 520/631/4446 391/652/4446
f 391/652/4412 520/631/4412 518/178/4412
f 391/652/4412 518/178/4412 388/177/4412
f 392/158/4447 524/179/4422 527/632/4422
f 392/158/4437 527/632/4448 394/653/4437
f 394/653/4423 527/632/4423 526/633/4423
f 394/653/4423 526/633/4423 395/654/4423
f 395/654/4424 526/633/4424 525/634/4424
f 395/654/4449 525/634/4449 396/655/4449
f 396/655/4426 525/634/4426 523/205/4426
f 396/655/4426 523/205/4426 393/196/4426
f 227/208/4435 529/185/4435 532/643/4435
f 227/208/4435 532/643/4435 239/279/4435
f 239/279/4386 532/643/4386 531/644/4386
f 239/279/4386 531/644/4386 240/282/4386
f 240/269/4387 531/645/4387 530/646/4387
f 240/269/4387 530/646/4387 230/265/4387
f 230/265/4388 530/646/4388 528/154/4388
f 230/265/4450 528/154/4450 225/209/4450
f 437/176/4393 534/175/4393 544/674/4393
f 437/176/4451 544/674/4451 445/447/4451
f 445/447/4395 544/674/4395 537/482/4395
f 445/447/4395 537/482/4395 446/443/4395
f 446/443/4396 537/482/4396 536/479/4396
f 446/443/4396 536/479/4396 452/452/4396
f 452/452/4398 536/479/4398 533/245/4398
f 452/452/4398 533/245/4398 438/244/4398
f 418/243/4388 552/242/4388 557/494/4388
f 418/243/4388 557/494/4388 426/434/4388
f 426/434/4387 557/494/4387 567/497/4387
f 426/434/4387 567/497/4387 427/432/4387
f 427/432/4386 567/497/4386 566/502/4386
f 427/432/4386 566/502/4386 433/675/4386
f 433/675/4452 566/502/4452 554/181/4452
f 433/675/4385 554/181/4385 419/180/4385
f 495/241/4407 571/240/4407 576/507/4407
f 495/241/4407 576/507/4407 503/473/4407
f 503/473/4409 576/507/4409 586/510/4409
f 503/473/4409 586/510/4409 504/471/4409
f 504/471/4410 586/510/4410 585/515/4410
f 504/471/4410 585/515/4410 510/676/4410
f 510/676/4412 585/515/4412 573/174/4412
f 510/676/4412 573/174/4412 496/173/4412
f 466/183/4453 591/182/4454 601/677/4454
f 466/183/4437 601/677/4448 474/460/4437
f 474/460/4423 601/677/4423 594/521/4423
f 474/460/4423 594/521/4423 475/456/4423
f 475/456/4424 594/521/4424 593/518/4424
f 475/456/4424 593/518/4424 481/465/4424
f 481/465/4425 593/518/4425 590/239/4425
f 481/465/4425 590/239/4425 467/238/4425
f 553/187/4455 592/186/4455 606/530/4455
f 553/187/4455 606/530/4455 561/499/4455
f 561/499/4432 606/530/4432 600/521/4432
f 561/499/4432 600/521/4432 562/497/4432
f 562/497/4433 600/521/4433 599/525/4433
f 562/497/4433 599/525/4433 568/678/4433
f 568/678/4456 599/525/4456 591/201/4456
f 568/678/4456 591/201/4456 554/200/4456
f 572/189/4457 535/188/4457 549/491/4457
f 572/189/4457 549/491/4457 580/512/4457
f 580/512/4404 549/491/4404 543/482/4404
f 580/512/4404 543/482/4404 581/510/4404
f 581/510/4405 543/482/4405 542/486/4405
f 581/510/4405 542/486/4405 587/679/4405
f 587/679/4406 542/486/4406 534/191/4406
f 587/679/4406 534/191/4406 573/190/4406
f 494/217/4413 465/216/4413 470/455/4413
f 494/217/4413 470/455/4413 497/466/4413
f 497/466/4415 470/455/4415 480/458/4415
f 497/466/4414 480/458/4414 498/469/4414
f 498/469/4416 480/458/4416 479/463/4416
f 498/469/4416 479/463/4416 505/475/4416
f 505/475/4458 479/463/4458 467/238/4458
f 505/475/4458 467/238/4458 495/241/4458
f 592/186/4418 572/189/4418 582/514/4418
f 592/186/4418 582/514/4418 604/528/4418
f 604/528/4419 582/514/4419 575/508/4419
f 604/528/4419 575/508/4419 605/523/4419
f 605/523/4420 575/508/4420 574/505/4420
f 605/523/4420 574/505/4420 595/520/4420
f 595/520/4421 574/505/4421 571/240/4421
f 595/520/4421 571/240/4421 590/239/4421
f 552/242/4392 533/245/4392 538/481/4392
f 552/242/4459 538/481/4459 555/492/4459
f 555/492/4391 538/481/4391 548/484/4391
f 555/492/4460 548/484/4460 556/495/4460
f 556/495/4390 548/484/4390 547/489/4390
f 556/495/4390 547/489/4390 563/501/4390
f 563/501/4389 547/489/4389 535/188/4389
f 563/501/4389 535/188/4389 553/187/4389
f 417/215/4380 436/218/4380 441/442/4380
f 417/215/4380 441/442/4380 420/427/4380
f 420/427/4381 441/442/4381 451/445/4381
f 420/427/4381 451/445/4381 421/430/4381
f 421/430/4382 451/445/4382 450/450/4382
f 421/430/4382 450/450/4382 428/436/4382
f 428/436/4461 450/450/4461 438/244/4461
f 428/436/4383 438/244/4383 418/243/4383
f 645/230/4427 609/231/4427 619/273/4427
f 645/230/4427 619/273/4427 648/311/4427
f 648/311/4462 619/273/4462 612/277/4462
f 648/311/4462 612/277/4462 649/314/4462
f 649/325/4429 612/266/4429 611/263/4429
f 649/325/4429 611/263/4429 656/321/4429
f 656/321/4463 611/263/4463 339/209/4463
f 656/321/4463 339/209/4463 646/210/4463
f 759/184/4426 627/237/4426 631/289/4426
f 759/184/4426 631/289/4426 762/614/4426
f 762/614/4464 631/289/4464 641/293/4464
f 762/614/4464 641/293/4464 761/615/4464
f 761/616/4423 641/306/4423 640/303/4423
f 761/616/4423 640/303/4423 760/617/4423
f 760/617/4437 640/303/4437 358/162/4437
f 760/617/4437 358/162/4437 388/155/4437
f 628/152/4465 664/151/4465 669/543/4465
f 628/152/4431 669/543/4431 635/295/4431
f 635/295/4466 669/543/4466 679/339/4466
f 635/295/4466 679/339/4466 636/298/4466
f 636/309/4433 679/352/4433 678/349/4433
f 636/309/4433 678/349/4433 642/539/4433
f 642/539/4467 678/349/4467 666/163/4467
f 642/539/4467 666/163/4467 358/162/4467
f 895/169/4388 647/168/4388 661/329/4388
f 895/169/4388 661/329/4388 898/618/4388
f 898/618/4468 661/329/4468 655/322/4468
f 898/618/4468 655/322/4468 897/619/4468
f 897/619/4386 655/322/4386 654/319/4386
f 897/619/4386 654/319/4386 896/620/4386
f 896/620/4469 654/319/4469 646/210/4469
f 896/620/4385 646/210/4385 894/157/4385
f 837/228/4380 645/230/4380 650/313/4380
f 837/228/4380 650/313/4380 840/621/4380
f 840/621/4381 650/313/4381 660/317/4381
f 840/621/4381 660/317/4381 839/622/4381
f 839/623/4382 660/330/4382 659/327/4382
f 839/623/4470 659/327/4470 838/624/4470
f 838/624/4383 659/327/4383 647/168/4383
f 838/624/4383 647/168/4383 836/171/4383
f 784/165/4389 741/164/4389 751/419/4389
f 784/165/4389 751/419/4389 787/625/4389
f 787/625/4390 751/419/4390 744/423/4390
f 787/625/4390 744/423/4390 786/626/4390
f 786/627/4391 744/412/4391 743/554/4391
f 786/627/4460 743/554/4460 785/628/4460
f 785/628/4392 743/554/4392 740/233/4392
f 785/628/4392 740/233/4392 783/213/4392
f 900/204/4393 722/203/4393 732/401/4393
f 900/204/4393 732/401/4393 903/629/4393
f 903/629/4471 732/401/4471 725/394/4471
f 903/629/4471 725/394/4471 902/630/4471
f 902/630/4472 725/394/4472 724/391/4472
f 902/630/4473 724/391/4473 901/631/4473
f 901/631/4398 724/391/4398 721/198/4398
f 901/631/4398 721/198/4398 899/178/4398
f 683/226/4439 723/225/4439 737/406/4439
f 683/226/4439 737/406/4439 686/355/4439
f 686/355/4474 737/406/4474 731/402/4474
f 686/355/4474 731/402/4474 687/358/4474
f 687/358/4475 731/402/4475 730/399/4475
f 687/358/4475 730/399/4475 694/365/4475
f 694/365/4402 730/399/4402 722/203/4402
f 694/365/4402 722/203/4402 684/206/4402
f 741/164/4476 702/167/4476 707/375/4476
f 741/164/4477 707/375/4477 749/417/4477
f 749/417/4478 707/375/4478 717/379/4478
f 749/417/4478 717/379/4478 750/420/4478
f 750/420/4479 717/379/4479 716/552/4479
f 750/420/4479 716/552/4479 756/426/4479
f 756/426/4406 716/552/4406 704/195/4406
f 756/426/4406 704/195/4406 742/194/4406
f 905/179/4408 685/234/4408 699/370/4408
f 905/179/4408 699/370/4408 908/632/4408
f 908/632/4480 699/370/4480 693/366/4480
f 908/632/4480 693/366/4480 907/633/4480
f 907/633/4481 693/366/4481 692/363/4481
f 907/633/4481 692/363/4481 906/634/4481
f 906/634/4411 692/363/4411 684/206/4411
f 906/634/4412 684/206/4412 904/205/4412
f 789/227/4482 683/226/4482 688/357/4482
f 789/227/4482 688/357/4482 792/635/4482
f 792/635/4414 688/357/4414 698/361/4414
f 792/635/4414 698/361/4414 791/636/4414
f 791/637/4416 698/371/4416 697/368/4416
f 791/637/4416 697/368/4416 790/638/4416
f 790/638/4417 697/368/4417 685/234/4417
f 790/638/4417 685/234/4417 788/199/4417
f 842/153/4418 628/152/4418 637/297/4418
f 842/153/4418 637/297/4418 845/639/4418
f 845/639/4419 637/297/4419 630/301/4419
f 845/639/4419 630/301/4419 844/640/4419
f 844/641/4420 630/290/4420 629/287/4420
f 844/641/4420 629/287/4420 843/642/4420
f 843/642/4483 629/287/4483 627/237/4483
f 843/642/4483 627/237/4483 841/220/4483
f 909/185/4426 759/184/4426 762/614/4426
f 909/185/4426 762/614/4426 912/643/4426
f 912/643/4464 762/614/4464 761/615/4464
f 912/643/4464 761/615/4464 911/644/4464
f 911/645/4423 761/616/4423 760/617/4423
f 911/645/4423 760/617/4423 910/646/4423
f 910/646/4437 760/617/4437 388/155/4437
f 910/646/4437 388/155/4437 518/154/4437
f 665/222/4388 763/172/4388 765/647/4388
f 665/222/4388 765/647/4388 673/341/4388
f 673/341/4468 765/647/4468 766/648/4468
f 673/341/4468 766/648/4468 674/344/4468
f 674/344/4386 766/648/4386 767/649/4386
f 674/344/4386 767/649/4386 680/351/4386
f 680/351/4385 767/649/4385 764/156/4385
f 680/351/4385 764/156/4385 666/163/4385
f 742/194/4393 768/193/4393 770/650/4393
f 742/194/4393 770/650/4393 754/424/4393
f 754/424/4471 770/650/4471 771/651/4471
f 754/424/4471 771/651/4471 755/415/4471
f 755/415/4396 771/651/4396 772/652/4396
f 755/415/4472 772/652/4472 745/411/4472
f 745/411/4484 772/652/4398 769/177/4398
f 745/411/110 769/177/4485 740/233/110
f 703/159/4408 773/158/4408 775/653/4408
f 703/159/4407 775/653/4486 711/381/4407
f 711/381/4409 775/653/4409 776/654/4409
f 711/381/4480 776/654/4480 712/384/4480
f 712/384/4481 776/654/4481 777/655/4481
f 712/384/4481 777/655/4481 718/390/4481
f 718/390/4412 777/655/4412 774/196/4412
f 718/390/4412 774/196/4412 704/195/4412
f 723/225/4487 778/224/4487 780/656/4487
f 723/225/4487 780/656/4487 735/404/4487
f 735/404/4381 780/656/4381 781/657/4381
f 735/404/4381 781/657/4381 736/407/4381
f 736/397/4382 781/658/4382 782/659/4382
f 736/397/4470 782/659/4470 726/393/4470
f 726/393/4383 782/659/4383 779/192/4383
f 726/393/4383 779/192/4383 721/198/4383
f 866/150/4389 784/165/4389 787/625/4389
f 866/150/4389 787/625/4389 869/660/4389
f 869/660/4390 787/625/4390 786/626/4390
f 869/660/4390 786/626/4390 868/661/4390
f 868/662/4391 786/627/4391 785/628/4391
f 868/662/4391 785/628/4391 867/663/4391
f 867/663/4392 785/628/4392 783/213/4392
f 867/663/4392 783/213/4392 865/212/4392
f 871/229/4488 789/227/4482 792/635/4482
f 871/229/4413 792/635/4413 874/664/4413
f 874/664/4414 792/635/4414 791/636/4414
f 874/664/4414 791/636/4414 873/665/4414
f 873/666/4416 791/637/4416 790/638/4416
f 873/666/4416 790/638/4416 872/667/4416
f 872/667/4417 790/638/4417 788/199/4417
f 872/667/4458 788/199/4458 870/202/4458
f 702/167/4418 793/166/4418 795/668/4418
f 702/167/4418 795/668/4418 705/373/4418
f 705/373/4419 795/668/4419 796/669/4419
f 705/373/4419 796/669/4419 706/376/4419
f 706/387/4420 796/670/4420 797/671/4420
f 706/387/4420 797/671/4420 713/551/4420
f 713/551/4483 797/671/4483 794/160/4483
f 713/551/4483 794/160/4483 703/159/4483
f 877/255/4383 818/256/4383 828/680/4383
f 877/255/4383 828/680/4383 889/575/4383
f 889/575/4470 828/680/4470 821/443/4470
f 889/575/4382 821/443/4382 890/471/4382
f 890/471/4381 821/443/4381 820/561/4381
f 890/471/4489 820/561/4489 880/573/4489
f 880/573/4490 820/561/4380 817/260/4380
f 880/573/4491 817/260/4491 875/259/4491
f 778/224/4380 837/228/4380 840/621/4380
f 778/224/4487 840/621/4492 780/656/4487
f 780/656/4381 840/621/4381 839/622/4381
f 780/656/4381 839/622/4381 781/657/4381
f 781/658/4382 839/623/4382 838/624/4382
f 781/658/4382 838/624/4382 782/659/4382
f 782/659/4383 838/624/4383 836/171/4383
f 782/659/4383 836/171/4383 779/192/4383
f 793/166/4418 842/153/4418 845/639/4418
f 793/166/4418 845/639/4418 795/668/4418
f 795/668/4419 845/639/4419 844/640/4419
f 795/668/4419 844/640/4419 796/669/4419
f 796/670/4420 844/641/4420 843/642/4420
f 796/670/4420 843/642/4420 797/671/4420
f 797/671/4421 843/642/4421 841/220/4421
f 797/671/4421 841/220/4421 794/160/4421
f 800/261/4458 847/262/4458 857/681/4458
f 800/261/4417 857/681/4417 812/558/4417
f 812/558/4416 857/681/4416 850/456/4416
f 812/558/4416 850/456/4416 813/432/4416
f 813/432/4415 850/456/4415 849/565/4415
f 813/432/4414 849/565/4414 803/557/4414
f 803/557/4493 849/565/4493 846/258/4493
f 803/557/4413 846/258/4413 798/257/4413
f 664/151/4389 866/150/4389 869/660/4389
f 664/151/4389 869/660/4389 667/333/4389
f 667/333/4390 869/660/4390 868/661/4390
f 667/333/4390 868/661/4390 668/336/4390
f 668/347/4391 868/662/4391 867/663/4391
f 668/347/4460 867/663/4460 675/343/4460
f 675/343/4392 867/663/4392 865/212/4392
f 675/343/4392 865/212/4392 665/222/4392
f 609/231/4413 871/229/4413 874/664/4413
f 609/231/4413 874/664/4413 617/271/4413
f 617/271/4414 874/664/4414 873/665/4414
f 617/271/4414 873/665/4414 618/274/4414
f 618/285/4416 873/666/4416 872/667/4416
f 618/285/4416 872/667/4416 624/281/4416
f 624/281/4458 872/667/4458 870/202/4458
f 624/281/4458 870/202/4458 610/208/4458
f 763/172/4388 895/169/4388 898/618/4388
f 763/172/4388 898/618/4388 765/647/4388
f 765/647/4468 898/618/4468 897/619/4468
f 765/647/4468 897/619/4468 766/648/4468
f 766/648/4386 897/619/4386 896/620/4386
f 766/648/4386 896/620/4386 767/649/4386
f 767/649/4385 896/620/4385 894/157/4385
f 767/649/4385 894/157/4385 764/156/4385
f 768/193/4393 900/204/4393 903/629/4393
f 768/193/4393 903/629/4393 770/650/4393
f 770/650/4471 903/629/4471 902/630/4471
f 770/650/4494 902/630/4494 771/651/4494
f 771/651/4472 902/630/4472 901/631/4472
f 771/651/4495 901/631/4496 772/652/4495
f 772/652/4397 901/631/4397 899/178/4397
f 772/652/4398 899/178/4398 769/177/4398
f 773/158/4408 905/179/4408 908/632/4408
f 773/158/4408 908/632/4408 775/653/4408
f 775/653/4480 908/632/4480 907/633/4480
f 775/653/4445 907/633/4445 776/654/4445
f 776/654/4497 907/633/4497 906/634/4497
f 776/654/4481 906/634/4481 777/655/4481
f 777/655/4412 906/634/4412 904/205/4412
f 777/655/4412 904/205/4412 774/196/4412
f 610/208/4426 909/185/4426 912/643/4426
f 610/208/4426 912/643/4426 622/279/4426
f 622/279/4464 912/643/4464 911/644/4464
f 622/279/4464 911/644/4464 623/282/4464
f 623/269/4423 911/645/4423 910/646/4423
f 623/269/4423 910/646/4423 613/265/4423
f 613/265/4437 910/646/4437 518/154/4437
f 613/265/4437 518/154/4437 339/209/4437
f 818/176/4388 914/175/4388 924/674/4388
f 818/176/4388 924/674/4388 826/447/4388
f 826/447/4387 924/674/4387 917/482/4387
f 826/447/4387 917/482/4387 827/443/4387
f 827/443/4498 917/482/4498 916/479/4498
f 827/443/4498 916/479/4498 833/452/4498
f 833/452/4385 916/479/4385 913/245/4385
f 833/452/4385 913/245/4385 819/244/4385
f 799/243/4437 932/242/4437 937/494/4437
f 799/243/4437 937/494/4437 807/434/4437
f 807/434/4499 937/494/4499 947/497/4499
f 807/434/4500 947/497/4500 808/432/4500
f 808/432/4424 947/497/4424 946/502/4424
f 808/432/4449 946/502/4449 814/675/4449
f 814/675/4426 946/502/4426 934/181/4426
f 814/675/4426 934/181/4426 800/180/4426
f 876/241/4393 951/240/4393 956/507/4393
f 876/241/4393 956/507/4393 884/473/4393
f 884/473/4471 956/507/4471 966/510/4471
f 884/473/4471 966/510/4471 885/471/4471
f 885/471/4473 966/510/4473 965/515/4473
f 885/471/4472 965/515/4472 891/676/4472
f 891/676/4398 965/515/4398 953/174/4398
f 891/676/4398 953/174/4398 877/173/4398
f 847/246/4408 971/182/4408 981/677/4408
f 847/246/4408 981/677/4408 855/460/4408
f 855/460/4480 981/677/4480 974/521/4480
f 855/460/4480 974/521/4480 856/456/4480
f 856/456/4481 974/521/4481 973/518/4481
f 856/456/4481 973/518/4481 862/465/4481
f 862/465/4412 973/518/4412 970/239/4412
f 862/465/4412 970/239/4412 848/238/4412
f 933/248/4501 972/247/4502 986/598/4502
f 933/248/4418 986/598/4418 941/585/4418
f 941/585/4419 986/598/4419 980/521/4419
f 941/585/4419 980/521/4419 942/497/4419
f 942/497/4420 980/521/4420 979/593/4420
f 942/497/4420 979/593/4420 948/682/4420
f 948/682/4483 979/593/4483 971/254/4483
f 948/682/4421 971/254/4421 934/253/4421
f 952/250/4389 915/249/4389 929/584/4389
f 952/250/4503 929/584/4503 960/589/4503
f 960/589/4390 929/584/4390 923/482/4390
f 960/589/4390 923/482/4390 961/510/4390
f 961/510/4391 923/482/4391 922/579/4391
f 961/510/4460 922/579/4460 967/683/4460
f 967/683/4392 922/579/4392 914/252/4392
f 967/683/4392 914/252/4392 953/251/4392
f 875/259/4399 846/258/4399 851/567/4399
f 875/259/4504 851/567/4504 878/571/4504
f 878/571/4474 851/567/4474 861/458/4474
f 878/571/4474 861/458/4474 879/469/4474
f 879/469/4475 861/458/4475 860/463/4475
f 879/469/4505 860/463/4505 886/475/4505
f 886/475/4402 860/463/4402 848/238/4402
f 886/475/4506 848/238/4506 876/241/4506
f 972/247/4403 952/250/4403 962/591/4403
f 972/247/4403 962/591/4403 984/596/4403
f 984/596/4478 962/591/4478 955/508/4478
f 984/596/4478 955/508/4478 985/523/4478
f 985/523/4479 955/508/4479 954/505/4479
f 985/523/4479 954/505/4479 975/520/4479
f 975/520/4406 954/505/4406 951/240/4406
f 975/520/4406 951/240/4406 970/239/4406
f 932/242/4467 913/245/4467 918/481/4467
f 932/242/4467 918/481/4467 935/492/4467
f 935/492/4433 918/481/4433 928/484/4433
f 935/492/4433 928/484/4433 936/495/4433
f 936/495/4466 928/484/4466 927/582/4466
f 936/495/4466 927/582/4466 943/587/4466
f 943/587/4455 927/582/4455 915/249/4455
f 943/587/4455 915/249/4455 933/248/4455
f 798/257/4443 817/260/4443 822/563/4443
f 798/257/4443 822/563/4443 801/555/4443
f 801/555/4462 822/563/4462 832/445/4462
f 801/555/4462 832/445/4462 802/430/4462
f 802/430/4429 832/445/4429 831/450/4429
f 802/430/4507 831/450/4507 809/436/4507
f 809/436/4463 831/450/4463 819/244/4463
f 809/436/4508 819/244/4508 799/243/4508
f 1027/230/4487 1000/273/4487 990/231/4487
f 1027/230/4487 1030/311/4487 1000/273/4487
f 1030/311/4381 993/277/4381 1000/273/4381
f 1030/311/4381 1031/314/4381 993/277/4381
f 1031/325/4382 992/263/4382 993/266/4382
f 1031/325/4382 1038/321/4382 992/263/4382
f 1038/321/4383 989/209/4383 992/263/4383
f 1038/321/4383 1028/210/4383 989/209/4383
f 1140/184/4393 1013/289/4393 1008/237/4393
f 1140/184/4393 1143/614/4393 1013/289/4393
f 1143/614/4395 1023/293/4395 1013/289/4395
f 1143/614/4395 1142/615/4395 1023/293/4395
f 1142/616/4396 1022/303/4396 1023/306/4396
f 1142/616/4396 1141/617/4396 1022/303/4396
f 1141/617/4398 1010/162/4398 1022/303/4398
f 1141/617/4398 1139/155/4398 1010/162/4398
f 1009/152/4389 1051/543/4389 1046/151/4389
f 1009/152/4389 1017/295/4389 1051/543/4389
f 1017/295/4390 1061/339/4390 1051/543/4390
f 1017/295/4390 1018/298/4390 1061/339/4390
f 1018/309/4391 1060/349/4391 1061/352/4391
f 1018/309/4391 1024/539/4391 1060/349/4391
f 1024/539/4392 1048/163/4392 1060/349/4392
f 1024/539/4392 1010/162/4392 1048/163/4392
f 1275/169/4385 1043/329/4385 1029/168/4385
f 1275/169/4469 1278/618/4469 1043/329/4469
f 1278/618/4498 1037/322/4498 1043/329/4498
f 1278/618/4498 1277/619/4498 1037/322/4498
f 1277/619/4387 1036/319/4387 1037/322/4387
f 1277/619/4387 1276/620/4387 1036/319/4387
f 1276/620/4450 1028/210/4450 1036/319/4450
f 1276/620/4388 1274/157/4388 1028/210/4388
f 1217/228/4443 1032/313/4443 1027/230/4443
f 1217/228/4443 1220/621/4443 1032/313/4443
f 1220/621/4428 1042/317/4428 1032/313/4428
f 1220/621/4428 1219/622/4428 1042/317/4428
f 1219/623/4509 1041/327/4509 1042/330/4509
f 1219/623/4509 1218/624/4509 1041/327/4509
f 1218/624/4463 1029/168/4463 1041/327/4463
f 1218/624/4463 1216/171/4463 1029/168/4463
f 1164/165/4431 1131/419/4431 1121/164/4431
f 1164/165/4431 1167/625/4431 1131/419/4431
f 1167/625/4432 1124/423/4432 1131/419/4432
f 1167/625/4432 1166/626/4432 1124/423/4432
f 1166/627/4510 1123/554/4510 1124/412/4510
f 1166/627/4510 1165/628/4510 1123/554/4510
f 1165/628/4467 704/233/4467 1123/554/4467
f 1165/628/4467 1163/213/4467 704/233/4467
f 1279/204/4425 1113/401/4425 1103/203/4425
f 1279/204/4426 1282/629/4426 1113/401/4426
f 1282/629/4424 1106/394/4424 1113/401/4424
f 1282/629/4424 1281/630/4424 1106/394/4424
f 1281/630/4499 1105/391/4499 1106/394/4499
f 1281/630/4499 1280/631/4499 1105/391/4499
f 1280/631/4437 684/198/4437 1105/391/4437
f 1280/631/4437 904/178/4437 684/198/4437
f 1065/226/4482 1118/406/4482 1104/225/4482
f 1065/226/4482 1068/355/4482 1118/406/4482
f 1068/355/4414 1112/402/4414 1118/406/4414
f 1068/355/4415 1069/358/4415 1112/402/4415
f 1069/358/4416 1111/399/4416 1112/402/4416
f 1069/358/4416 1076/365/4416 1111/399/4416
f 1076/365/4417 1103/203/4417 1111/399/4417
f 1076/365/4417 1066/206/4417 1103/203/4417
f 1121/164/4418 1089/375/4418 1084/167/4418
f 1121/164/4418 1129/417/4418 1089/375/4418
f 1129/417/4419 1099/379/4419 1089/375/4419
f 1129/417/4419 1130/420/4419 1099/379/4419
f 1130/420/4420 1098/552/4420 1099/379/4420
f 1130/420/4420 1136/426/4420 1098/552/4420
f 1136/426/4421 1086/195/4421 1098/552/4421
f 1136/426/4421 1122/194/4421 1086/195/4421
f 1284/179/4511 1081/370/4511 1067/234/4511
f 1284/179/4511 1287/632/4511 1081/370/4511
f 1287/632/4481 1075/366/4481 1081/370/4481
f 1287/632/4481 1286/633/4481 1075/366/4481
f 1286/633/4409 1074/363/4409 1075/366/4409
f 1286/633/4409 1285/634/4409 1074/363/4409
f 1285/634/4407 1066/206/4407 1074/363/4407
f 1285/634/4408 1283/205/4408 1066/206/4408
f 1169/227/4439 1070/357/4439 1065/226/4439
f 1169/227/4439 1172/635/4439 1070/357/4439
f 1172/635/4400 1080/361/4400 1070/357/4400
f 1172/635/4400 1171/636/4400 1080/361/4400
f 1171/637/4475 1079/368/4475 1080/371/4475
f 1171/637/4475 1170/638/4475 1079/368/4475
f 1170/638/4512 1067/234/4512 1079/368/4512
f 1170/638/4512 1168/199/4512 1067/234/4512
f 1222/153/4403 1019/297/4403 1009/152/4403
f 1222/153/4403 1225/639/4403 1019/297/4403
f 1225/639/4404 1012/301/4404 1019/297/4404
f 1225/639/4404 1224/640/4404 1012/301/4404
f 1224/641/4405 1011/600/4405 1012/290/4405
f 1224/641/4405 1223/642/4405 1011/600/4405
f 1223/642/4406 1008/237/4406 1011/600/4406
f 1223/642/4406 1221/220/4406 1008/237/4406
f 1289/185/4393 1143/614/4393 1140/184/4393
f 1289/185/4513 1292/643/4513 1143/614/4513
f 1292/643/4514 1142/615/4395 1143/614/4395
f 1292/643/4471 1291/644/4471 1142/615/4471
f 1291/645/4396 1141/617/4396 1142/616/4396
f 1291/645/4396 1290/646/4396 1141/617/4396
f 1290/646/4398 1139/155/4398 1141/617/4398
f 1290/646/4398 1288/154/4398 1139/155/4398
f 1047/222/4385 1146/647/4385 1144/172/4385
f 1047/222/4469 1055/341/4469 1146/647/4469
f 1055/341/4498 1147/648/4498 1146/647/4498
f 1055/341/4498 1056/344/4498 1147/648/4498
f 1056/344/4387 1148/649/4387 1147/648/4387
f 1056/344/4387 1062/351/4387 1148/649/4387
f 1062/351/4388 1145/156/4388 1148/649/4388
f 1062/351/4388 1048/163/4388 1145/156/4388
f 1122/194/4426 1150/650/4426 1149/193/4426
f 1122/194/4426 1134/424/4426 1150/650/4426
f 1134/424/4424 1151/651/4424 1150/650/4424
f 1134/424/4424 1135/415/4424 1151/651/4424
f 1135/415/4499 1152/652/4499 1151/651/4499
f 1135/415/4499 1125/411/4499 1152/652/4499
f 1125/411/4515 774/177/4515 1152/652/4515
f 1125/411/4437 704/233/4437 774/177/4437
f 1085/159/4412 1155/653/4412 1153/158/4412
f 1085/159/4412 1093/381/4412 1155/653/4412
f 1093/381/4410 1156/654/4410 1155/653/4410
f 1093/381/4410 1094/384/4410 1156/654/4410
f 1094/384/4409 1157/655/4409 1156/654/4409
f 1094/384/4409 1100/390/4409 1157/655/4409
f 1100/390/4408 1154/196/4408 1157/655/4408
f 1100/390/4408 1086/195/4408 1154/196/4408
f 1104/225/4443 1160/656/4443 1158/224/4443
f 1104/225/4443 1116/404/4443 1160/656/4443
f 1116/404/4428 1161/657/4428 1160/656/4428
f 1116/404/4428 1117/407/4428 1161/657/4428
f 1117/397/4509 1162/659/4509 1161/658/4509
f 1117/397/4509 1107/393/4509 1162/659/4509
f 1107/393/4463 1159/192/4463 1162/659/4463
f 1107/393/4463 684/198/4463 1159/192/4463
f 1246/150/4431 1167/625/4431 1164/165/4431
f 1246/150/4431 1249/660/4431 1167/625/4431
f 1249/660/4432 1166/626/4432 1167/625/4432
f 1249/660/4432 1248/661/4432 1166/626/4432
f 1248/662/4510 1165/628/4510 1166/627/4510
f 1248/662/4510 1247/663/4510 1165/628/4510
f 1247/663/4467 1163/213/4467 1165/628/4467
f 1247/663/4467 1245/212/4467 1163/213/4467
f 1251/229/4439 1172/635/4439 1169/227/4439
f 1251/229/4439 1254/664/4439 1172/635/4439
f 1254/664/4400 1171/636/4400 1172/635/4400
f 1254/664/4400 1253/665/4400 1171/636/4400
f 1253/666/4475 1170/638/4475 1171/637/4475
f 1253/666/4475 1252/667/4475 1170/638/4475
f 1252/667/4512 1168/199/4512 1170/638/4512
f 1252/667/4512 1250/202/4512 1168/199/4512
f 1084/167/4403 1175/668/4403 1173/166/4403
f 1084/167/4403 1087/373/4403 1175/668/4403
f 1087/373/4404 1176/669/4404 1175/668/4404
f 1087/373/4404 1088/376/4404 1176/669/4404
f 1088/387/4405 1177/671/4405 1176/670/4405
f 1088/387/4516 1095/383/4516 1177/671/4516
f 1095/383/4406 1174/160/4406 1177/671/4406
f 1095/383/4406 1085/159/4406 1174/160/4406
f 1257/211/4463 1208/672/4463 1198/214/4463
f 1257/211/4463 1269/476/4463 1208/672/4463
f 1269/476/4509 1201/443/4509 1208/672/4509
f 1269/476/4509 1270/471/4509 1201/443/4509
f 1270/471/4442 1200/440/4442 1201/443/4442
f 1270/471/4428 1260/468/4428 1200/440/4428
f 1260/468/4427 1197/218/4427 1200/440/4427
f 1260/468/4517 1255/217/4517 1197/218/4517
f 1158/224/4443 1220/621/4443 1217/228/4443
f 1158/224/4443 1160/656/4443 1220/621/4443
f 1160/656/4428 1219/622/4428 1220/621/4428
f 1160/656/4428 1161/657/4428 1219/622/4428
f 1161/658/4509 1218/624/4509 1219/623/4509
f 1161/658/4509 1162/659/4509 1218/624/4509
f 1162/659/4463 1216/171/4463 1218/624/4463
f 1162/659/4463 1159/192/4463 1216/171/4463
f 1173/166/4403 1225/639/4403 1222/153/4403
f 1173/166/4403 1175/668/4403 1225/639/4403
f 1175/668/4404 1224/640/4404 1225/639/4404
f 1175/668/4404 1176/669/4404 1224/640/4404
f 1176/670/4405 1223/642/4405 1224/641/4405
f 1176/670/4405 1177/671/4405 1223/642/4405
f 1177/671/4406 1221/220/4406 1223/642/4406
f 1177/671/4406 1174/160/4406 1221/220/4406
f 1180/219/4402 1237/673/4402 1227/221/4402
f 1180/219/4402 1192/437/4402 1237/673/4402
f 1192/437/4401 1230/456/4401 1237/673/4401
f 1192/437/4401 1193/432/4401 1230/456/4401
f 1193/432/4438 1229/453/4438 1230/456/4438
f 1193/432/4400 1183/429/4400 1229/453/4400
f 1183/429/4399 1226/216/4399 1229/453/4399
f 1183/429/4504 1178/215/4504 1226/216/4504
f 1046/151/4431 1249/660/4431 1246/150/4431
f 1046/151/4431 1049/333/4431 1249/660/4431
f 1049/333/4432 1248/661/4432 1249/660/4432
f 1049/333/4432 1050/336/4432 1248/661/4432
f 1050/347/4510 1247/663/4510 1248/662/4510
f 1050/347/4510 1057/605/4510 1247/663/4510
f 1057/605/4467 1245/212/4467 1247/663/4467
f 1057/605/4467 1047/222/4467 1245/212/4467
f 990/231/4439 1254/664/4439 1251/229/4439
f 990/231/4439 998/271/4439 1254/664/4439
f 998/271/4400 1253/665/4400 1254/664/4400
f 998/271/4400 999/274/4400 1253/665/4400
f 999/285/4475 1252/667/4475 1253/666/4475
f 999/285/4475 1005/281/4475 1252/667/4475
f 1005/281/4512 1250/202/4512 1252/667/4512
f 1005/281/4512 991/208/4512 1250/202/4512
f 1144/172/4385 1278/618/4385 1275/169/4385
f 1144/172/4469 1146/647/4469 1278/618/4469
f 1146/647/4498 1277/619/4498 1278/618/4498
f 1146/647/4498 1147/648/4498 1277/619/4498
f 1147/648/4387 1276/620/4387 1277/619/4387
f 1147/648/4387 1148/649/4387 1276/620/4387
f 1148/649/4388 1274/157/4388 1276/620/4388
f 1148/649/4388 1145/156/4388 1274/157/4388
f 1149/193/4426 1282/629/4426 1279/204/4426
f 1149/193/4426 1150/650/4426 1282/629/4426
f 1150/650/4424 1281/630/4424 1282/629/4424
f 1150/650/4424 1151/651/4424 1281/630/4424
f 1151/651/4499 1280/631/4499 1281/630/4499
f 1151/651/4499 1152/652/4499 1280/631/4499
f 1152/652/4515 904/178/4515 1280/631/4515
f 1152/652/4437 774/177/4437 904/178/4437
f 1153/158/4412 1287/632/4518 1284/179/4518
f 1153/158/4412 1155/653/4412 1287/632/4519
f 1155/653/4481 1286/633/4481 1287/632/4481
f 1155/653/4410 1156/654/4410 1286/633/4520
f 1156/654/4409 1285/634/4409 1286/633/4409
f 1156/654/4445 1157/655/4445 1285/634/4445
f 1157/655/4408 1283/205/4408 1285/634/4408
f 1157/655/4408 1154/196/4408 1283/205/4408
f 991/208/4513 1292/643/4513 1289/185/4513
f 991/208/4513 1003/279/4513 1292/643/4513
f 1003/279/4471 1291/644/4471 1292/643/4471
f 1003/279/4471 1004/282/4471 1291/644/4471
f 1004/269/4396 1290/646/4396 1291/645/4396
f 1004/269/4396 994/265/4396 1290/646/4396
f 994/265/4398 1288/154/4398 1290/646/4398
f 994/265/4398 989/209/4398 1288/154/4398
f 1198/176/4385 1304/674/4385 1294/175/4385
f 1198/176/4521 1206/447/4521 1304/674/4521
f 1206/447/4498 1297/482/4498 1304/674/4498
f 1206/447/4498 1207/443/4498 1297/482/4498
f 1207/443/4387 1296/479/4387 1297/482/4387
f 1207/443/4387 1213/452/4387 1296/479/4387
f 1213/452/4388 1293/245/4388 1296/479/4388
f 1213/452/4388 1199/244/4388 1293/245/4388
f 1179/243/4398 1317/494/4398 1312/242/4398
f 1179/243/4398 1187/434/4398 1317/494/4398
f 1187/434/4396 1327/497/4396 1317/494/4396
f 1187/434/4396 1188/432/4396 1327/497/4396
f 1188/432/4522 1326/502/4471 1327/497/4471
f 1188/432/4395 1194/675/4395 1326/502/4395
f 1194/675/4513 1314/181/4513 1326/502/4513
f 1194/675/4393 1180/180/4393 1314/181/4393
f 1256/241/4523 1331/240/4523 1336/507/4524
f 1256/241/4523 1336/507/4524 1264/473/4398
f 1264/473/4525 1336/507/4526 1346/510/4527
f 1264/473/4525 1265/471/4424 1346/510/4528
f 1265/471/4499 1345/515/4499 1346/510/4499
f 1265/471/4499 1271/676/4499 1345/515/4499
f 1271/676/4437 1333/174/4437 1345/515/4437
f 1271/676/4437 1257/173/4437 1333/174/4437
f 1227/183/4511 1361/677/4511 1351/182/4511
f 1227/183/4412 1235/460/4412 1361/677/4519
f 1235/460/4481 1354/521/4481 1361/677/4481
f 1235/460/4410 1236/456/4410 1354/521/4529
f 1236/456/4409 1353/518/4409 1354/521/4409
f 1236/456/4409 1242/465/4409 1353/518/4409
f 1242/465/4407 1350/239/4407 1353/518/4407
f 1242/465/4407 1228/238/4407 1350/239/4407
f 1313/187/4403 1366/530/4403 1352/186/4403
f 1313/187/4403 1321/499/4403 1366/530/4403
f 1321/499/4404 1360/521/4404 1366/530/4404
f 1321/499/4404 1322/497/4404 1360/521/4404
f 1322/497/4479 1359/525/4479 1360/521/4479
f 1322/497/4479 1328/678/4479 1359/525/4479
f 1328/678/4530 1351/201/4530 1359/525/4530
f 1328/678/4530 1314/200/4530 1351/201/4530
f 1332/189/4431 1309/491/4431 1295/188/4431
f 1332/189/4431 1340/512/4431 1309/491/4431
f 1340/512/4432 1303/482/4432 1309/491/4432
f 1340/512/4432 1341/510/4432 1303/482/4432
f 1341/510/4510 1302/486/4510 1303/482/4510
f 1341/510/4510 1347/679/4510 1302/486/4510
f 1347/679/4467 1294/191/4467 1302/486/4467
f 1347/679/4467 1333/190/4467 1294/191/4467
f 1255/217/4493 1231/455/4493 1226/216/4493
f 1255/217/4493 1258/466/4493 1231/455/4493
f 1258/466/4415 1241/458/4415 1231/455/4415
f 1258/466/4414 1259/469/4414 1241/458/4414
f 1259/469/4416 1240/463/4416 1241/458/4416
f 1259/469/4416 1266/475/4416 1240/463/4416
f 1266/475/4458 1228/238/4458 1240/463/4458
f 1266/475/4458 1256/241/4458 1228/238/4458
f 1352/186/4502 1342/514/4502 1332/189/4502
f 1352/186/4502 1364/528/4502 1342/514/4502
f 1364/528/4419 1335/508/4419 1342/514/4419
f 1364/528/4419 1365/523/4419 1335/508/4419
f 1365/523/4420 1334/505/4420 1335/508/4420
f 1365/523/4420 1355/520/4420 1334/505/4420
f 1355/520/4421 1331/240/4421 1334/505/4421
f 1355/520/4421 1350/239/4421 1331/240/4421
f 1312/242/4392 1298/481/4392 1293/245/4392
f 1312/242/4459 1315/492/4459 1298/481/4459
f 1315/492/4391 1308/484/4391 1298/481/4391
f 1315/492/4460 1316/495/4460 1308/484/4460
f 1316/495/4390 1307/489/4390 1308/484/4390
f 1316/495/4390 1323/501/4390 1307/489/4390
f 1323/501/4503 1295/188/4503 1307/489/4503
f 1323/501/4503 1313/187/4503 1295/188/4503
f 1178/215/4491 1202/442/4491 1197/218/4491
f 1178/215/4491 1181/427/4491 1202/442/4491
f 1181/427/4381 1212/445/4381 1202/442/4381
f 1181/427/4381 1182/430/4381 1212/445/4381
f 1182/430/4382 1211/450/4382 1212/445/4382
f 1182/430/4382 1189/436/4382 1211/450/4382
f 1189/436/4461 1199/244/4461 1211/450/4461
f 1189/436/4383 1179/243/4383 1199/244/4383
f 225/209/1247 528/154/1247 513/157/1247
f 225/209/1247 513/157/1247 264/210/1247
f 1264/473/4531 1331/240/4532 1336/684/4533
f 1264/473/4534 1256/241/4535 1331/240/4536
